INFO 2025-05-11 13:25:55,019 autoreload Watching for file changes with StatReloader
DEBUG 2025-05-11 13:25:55,019 autoreload Waiting for apps ready_event.
DEBUG 2025-05-11 13:25:55,051 autoreload Apps ready_event triggered. Sending autoreload_started signal.
DEBUG 2025-05-11 13:25:55,056 autoreload Watching dir /home/G1nxx/Projects/IGI/353502_BURCHUCK_5/IGI/LR5/Parking/auto_car/templates with glob **/*.
DEBUG 2025-05-11 13:25:55,056 autoreload Watching dir /home/G1nxx/Projects/IGI/353502_BURCHUCK_5/IGI/LR5/Parking/locale with glob **/*.mo.
DEBUG 2025-05-11 13:25:55,056 autoreload Watching dir /home/G1nxx/Projects/IGI/353502_BURCHUCK_5/IGI/LR5/Parking/auto_car/locale with glob **/*.mo.
DEBUG 2025-05-11 13:25:55,072 utils (0.000) 
            SELECT name, type FROM sqlite_master
            WHERE type in ('table', 'view') AND NOT name='sqlite_sequence'
            ORDER BY name; args=None; alias=default
DEBUG 2025-05-11 13:25:55,073 utils (0.000) SELECT "django_migrations"."id", "django_migrations"."app", "django_migrations"."name", "django_migrations"."applied" FROM "django_migrations"; args=(); alias=default
DEBUG 2025-05-11 13:25:55,094 autoreload File /usr/lib/python3.13/lib-dynload/array.cpython-313-x86_64-linux-gnu.so first seen with mtime 1744184665.0
DEBUG 2025-05-11 13:25:55,094 autoreload File /home/G1nxx/Projects/IGI/353502_BURCHUCK_5/IGI/LR5/Parking/p_env/lib/python3.13/site-packages/django/core/serializers/json.py first seen with mtime 1746826653.3095415
DEBUG 2025-05-11 13:25:55,094 autoreload File /home/G1nxx/Projects/IGI/353502_BURCHUCK_5/IGI/LR5/Parking/p_env/lib/python3.13/site-packages/asgiref/local.py first seen with mtime 1746826653.057042
DEBUG 2025-05-11 13:25:55,094 autoreload File /home/G1nxx/Projects/IGI/353502_BURCHUCK_5/IGI/LR5/Parking/p_env/lib/python3.13/site-packages/django/utils/ipv6.py first seen with mtime 1746826653.3311272
DEBUG 2025-05-11 13:25:55,094 autoreload File /usr/lib/python3.13/sqlite3/dbapi2.py first seen with mtime 1744184665.0
DEBUG 2025-05-11 13:25:55,094 autoreload File /usr/lib/python3.13/lib-dynload/_json.cpython-313-x86_64-linux-gnu.so first seen with mtime 1744184665.0
DEBUG 2025-05-11 13:25:55,094 autoreload File /home/G1nxx/Projects/IGI/353502_BURCHUCK_5/IGI/LR5/Parking/p_env/lib/python3.13/site-packages/django/db/migrations/operations/special.py first seen with mtime 1746826653.3157394
DEBUG 2025-05-11 13:25:55,094 autoreload File /home/G1nxx/Projects/IGI/353502_BURCHUCK_5/IGI/LR5/Parking/p_env/lib/python3.13/site-packages/django/views/decorators/csrf.py first seen with mtime 1746826653.3328242
DEBUG 2025-05-11 13:25:55,094 autoreload File /home/G1nxx/Projects/IGI/353502_BURCHUCK_5/IGI/LR5/Parking/p_env/lib/python3.13/site-packages/urllib3/connection.py first seen with mtime 1746920160.7640052
DEBUG 2025-05-11 13:25:55,094 autoreload File /usr/lib/python3.13/_markupbase.py first seen with mtime 1744184665.0
DEBUG 2025-05-11 13:25:55,094 autoreload File /home/G1nxx/Projects/IGI/353502_BURCHUCK_5/IGI/LR5/Parking/p_env/lib/python3.13/site-packages/django/contrib/contenttypes/admin.py first seen with mtime 1746826653.2060776
DEBUG 2025-05-11 13:25:55,094 autoreload File /home/G1nxx/Projects/IGI/353502_BURCHUCK_5/IGI/LR5/Parking/p_env/lib/python3.13/site-packages/django/utils/inspect.py first seen with mtime 1746826653.3310874
DEBUG 2025-05-11 13:25:55,094 autoreload File /home/G1nxx/Projects/IGI/353502_BURCHUCK_5/IGI/LR5/Parking/p_env/lib/python3.13/site-packages/urllib3/poolmanager.py first seen with mtime 1746920160.7647512
DEBUG 2025-05-11 13:25:55,095 autoreload File /home/G1nxx/Projects/IGI/353502_BURCHUCK_5/IGI/LR5/Parking/p_env/lib/python3.13/site-packages/django/core/files/storage/handler.py first seen with mtime 1746826653.3060274
DEBUG 2025-05-11 13:25:55,095 autoreload File /usr/lib/python3.13/lib-dynload/binascii.cpython-313-x86_64-linux-gnu.so first seen with mtime 1744184665.0
DEBUG 2025-05-11 13:25:55,095 autoreload File /usr/lib/python3.13/asyncio/base_tasks.py first seen with mtime 1744184665.0
DEBUG 2025-05-11 13:25:55,095 autoreload File /usr/lib/python3.13/email/header.py first seen with mtime 1744184665.0
DEBUG 2025-05-11 13:25:55,095 autoreload File /home/G1nxx/Projects/IGI/353502_BURCHUCK_5/IGI/LR5/Parking/p_env/lib/python3.13/site-packages/django/core/handlers/asgi.py first seen with mtime 1746826653.3064916
DEBUG 2025-05-11 13:25:55,095 autoreload File /home/G1nxx/Projects/IGI/353502_BURCHUCK_5/IGI/LR5/Parking/p_env/lib/python3.13/site-packages/django/template/exceptions.py first seen with mtime 1746826653.3269377
DEBUG 2025-05-11 13:25:55,095 autoreload File /home/G1nxx/Projects/IGI/353502_BURCHUCK_5/IGI/LR5/Parking/p_env/lib/python3.13/site-packages/urllib3/response.py first seen with mtime 1746920160.7649875
DEBUG 2025-05-11 13:25:55,095 autoreload File /home/G1nxx/Projects/IGI/353502_BURCHUCK_5/IGI/LR5/Parking/p_env/lib/python3.13/site-packages/django/http/__init__.py first seen with mtime 1746826653.3252423
DEBUG 2025-05-11 13:25:55,095 autoreload File /home/G1nxx/Projects/IGI/353502_BURCHUCK_5/IGI/LR5/Parking/p_env/lib/python3.13/site-packages/django/views/decorators/__init__.py first seen with mtime 1746826653.3326397
DEBUG 2025-05-11 13:25:55,095 autoreload File /usr/lib/python3.13/json/decoder.py first seen with mtime 1744184665.0
DEBUG 2025-05-11 13:25:55,095 autoreload File /home/G1nxx/Projects/IGI/353502_BURCHUCK_5/IGI/LR5/Parking/p_env/lib/python3.13/site-packages/django/core/signals.py first seen with mtime 1746826653.3039749
DEBUG 2025-05-11 13:25:55,095 autoreload File /home/G1nxx/Projects/IGI/353502_BURCHUCK_5/IGI/LR5/Parking/p_env/lib/python3.13/site-packages/django/contrib/messages/utils.py first seen with mtime 1746826653.260671
DEBUG 2025-05-11 13:25:55,095 autoreload File /usr/lib/python3.13/collections/__init__.py first seen with mtime 1744184665.0
DEBUG 2025-05-11 13:25:55,095 autoreload File /home/G1nxx/Projects/IGI/353502_BURCHUCK_5/IGI/LR5/Parking/p_env/lib/python3.13/site-packages/django/contrib/admin/views/__init__.py first seen with mtime 1746826653.1724217
DEBUG 2025-05-11 13:25:55,095 autoreload File /usr/lib/python3.13/email/_policybase.py first seen with mtime 1744184665.0
DEBUG 2025-05-11 13:25:55,095 autoreload File /home/G1nxx/Projects/IGI/353502_BURCHUCK_5/IGI/LR5/Parking/p_env/lib/python3.13/site-packages/django/utils/tree.py first seen with mtime 1746826653.3317878
DEBUG 2025-05-11 13:25:55,095 autoreload File /usr/lib/python3.13/email/_encoded_words.py first seen with mtime 1744184665.0
DEBUG 2025-05-11 13:25:55,095 autoreload File /usr/lib/python3.13/socket.py first seen with mtime 1744184665.0
DEBUG 2025-05-11 13:25:55,095 autoreload File /usr/lib/python3.13/lib-dynload/_lzma.cpython-313-x86_64-linux-gnu.so first seen with mtime 1744184665.0
DEBUG 2025-05-11 13:25:55,095 autoreload File /home/G1nxx/Projects/IGI/353502_BURCHUCK_5/IGI/LR5/Parking/p_env/lib/python3.13/site-packages/django/utils/__init__.py first seen with mtime 1746826653.3295681
DEBUG 2025-05-11 13:25:55,095 autoreload File /home/G1nxx/Projects/IGI/353502_BURCHUCK_5/IGI/LR5/Parking/p_env/lib/python3.13/site-packages/django/contrib/sessions/__init__.py first seen with mtime 1746826653.2816682
DEBUG 2025-05-11 13:25:55,095 autoreload File /home/G1nxx/Projects/IGI/353502_BURCHUCK_5/IGI/LR5/Parking/p_env/lib/python3.13/site-packages/django/contrib/auth/forms.py first seen with mtime 1746826653.187433
DEBUG 2025-05-11 13:25:55,095 autoreload File /home/G1nxx/Projects/IGI/353502_BURCHUCK_5/IGI/LR5/Parking/p_env/lib/python3.13/site-packages/django/core/files/uploadhandler.py first seen with mtime 1746826653.3057806
DEBUG 2025-05-11 13:25:55,095 autoreload File /home/G1nxx/Projects/IGI/353502_BURCHUCK_5/IGI/LR5/Parking/p_env/lib/python3.13/site-packages/django/contrib/admin/widgets.py first seen with mtime 1746826653.1262357
DEBUG 2025-05-11 13:25:55,095 autoreload File /home/G1nxx/Projects/IGI/353502_BURCHUCK_5/IGI/LR5/Parking/p_env/lib/python3.13/site-packages/django/forms/models.py first seen with mtime 1746826653.3216057
DEBUG 2025-05-11 13:25:55,095 autoreload File /home/G1nxx/Projects/IGI/353502_BURCHUCK_5/IGI/LR5/Parking/p_env/lib/python3.13/site-packages/django/db/migrations/state.py first seen with mtime 1746826653.3152628
DEBUG 2025-05-11 13:25:55,095 autoreload File /home/G1nxx/Projects/IGI/353502_BURCHUCK_5/IGI/LR5/Parking/p_env/lib/python3.13/site-packages/django/db/models/fields/json.py first seen with mtime 1746826653.3182523
DEBUG 2025-05-11 13:25:55,095 autoreload File /usr/lib/python3.13/email/quoprimime.py first seen with mtime 1744184665.0
DEBUG 2025-05-11 13:25:55,095 autoreload File /home/G1nxx/Projects/IGI/353502_BURCHUCK_5/IGI/LR5/Parking/p_env/lib/python3.13/site-packages/urllib3/_base_connection.py first seen with mtime 1746920160.7635589
DEBUG 2025-05-11 13:25:55,095 autoreload File /usr/lib/python3.13/asyncio/unix_events.py first seen with mtime 1744184665.0
DEBUG 2025-05-11 13:25:55,095 autoreload File /home/G1nxx/Projects/IGI/353502_BURCHUCK_5/IGI/LR5/Parking/p_env/lib/python3.13/site-packages/django/db/models/deletion.py first seen with mtime 1746826653.316404
DEBUG 2025-05-11 13:25:55,095 autoreload File /home/G1nxx/Projects/IGI/353502_BURCHUCK_5/IGI/LR5/Parking/p_env/lib/python3.13/site-packages/idna/intranges.py first seen with mtime 1746920160.8093088
DEBUG 2025-05-11 13:25:55,095 autoreload File /usr/lib/python3.13/statistics.py first seen with mtime 1744184665.0
DEBUG 2025-05-11 13:25:55,095 autoreload File /home/G1nxx/Projects/IGI/353502_BURCHUCK_5/IGI/LR5/Parking/p_env/lib/python3.13/site-packages/django/template/backends/__init__.py first seen with mtime 1746826653.3273988
DEBUG 2025-05-11 13:25:55,095 autoreload File /home/G1nxx/Projects/IGI/353502_BURCHUCK_5/IGI/LR5/Parking/p_env/lib/python3.13/site-packages/django/utils/crypto.py first seen with mtime 1746826653.3300765
DEBUG 2025-05-11 13:25:55,095 autoreload File /usr/lib/python3.13/importlib/metadata/_functools.py first seen with mtime 1744184665.0
DEBUG 2025-05-11 13:25:55,095 autoreload File /usr/lib/python3.13/asyncio/staggered.py first seen with mtime 1744184665.0
DEBUG 2025-05-11 13:25:55,095 autoreload File /home/G1nxx/Projects/IGI/353502_BURCHUCK_5/IGI/LR5/Parking/auto_car/apps.py first seen with mtime 1746830469.6049938
DEBUG 2025-05-11 13:25:55,095 autoreload File /home/G1nxx/Projects/IGI/353502_BURCHUCK_5/IGI/LR5/Parking/p_env/lib/python3.13/site-packages/sqlparse/engine/__init__.py first seen with mtime 1746826653.0329952
DEBUG 2025-05-11 13:25:55,095 autoreload File /usr/lib/python3.13/encodings/__init__.py first seen with mtime 1744184665.0
DEBUG 2025-05-11 13:25:55,095 autoreload File /usr/lib/python3.13/email/errors.py first seen with mtime 1744184665.0
DEBUG 2025-05-11 13:25:55,095 autoreload File /home/G1nxx/Projects/IGI/353502_BURCHUCK_5/IGI/LR5/Parking/p_env/lib/python3.13/site-packages/django/db/models/sql/datastructures.py first seen with mtime 1746826653.3198013
DEBUG 2025-05-11 13:25:55,095 autoreload File /usr/lib/python3.13/tempfile.py first seen with mtime 1744184665.0
DEBUG 2025-05-11 13:25:55,095 autoreload File /usr/lib/python3.13/lib-dynload/_bz2.cpython-313-x86_64-linux-gnu.so first seen with mtime 1744184665.0
DEBUG 2025-05-11 13:25:55,095 autoreload File /usr/lib/python3.13/stringprep.py first seen with mtime 1744184665.0
DEBUG 2025-05-11 13:25:55,095 autoreload File /usr/lib/python3.13/importlib/resources/abc.py first seen with mtime 1744184665.0
DEBUG 2025-05-11 13:25:55,095 autoreload File /usr/lib/python3.13/lib-dynload/_heapq.cpython-313-x86_64-linux-gnu.so first seen with mtime 1744184665.0
DEBUG 2025-05-11 13:25:55,095 autoreload File /home/G1nxx/Projects/IGI/353502_BURCHUCK_5/IGI/LR5/Parking/p_env/lib/python3.13/site-packages/django/db/models/functions/math.py first seen with mtime 1746826653.3192356
DEBUG 2025-05-11 13:25:55,095 autoreload File /home/G1nxx/Projects/IGI/353502_BURCHUCK_5/IGI/LR5/Parking/p_env/lib/python3.13/site-packages/sqlparse/lexer.py first seen with mtime 1746826653.0326123
DEBUG 2025-05-11 13:25:55,095 autoreload File /usr/lib/python3.13/html/parser.py first seen with mtime 1744184665.0
DEBUG 2025-05-11 13:25:55,095 autoreload File /usr/lib/python3.13/lib-dynload/_zoneinfo.cpython-313-x86_64-linux-gnu.so first seen with mtime 1744184665.0
DEBUG 2025-05-11 13:25:55,095 autoreload File /home/G1nxx/Projects/IGI/353502_BURCHUCK_5/IGI/LR5/Parking/p_env/lib/python3.13/site-packages/django/middleware/__init__.py first seen with mtime 1746826653.3256698
DEBUG 2025-05-11 13:25:55,095 autoreload File /usr/lib/python3.13/asyncio/exceptions.py first seen with mtime 1744184665.0
DEBUG 2025-05-11 13:25:55,095 autoreload File /home/G1nxx/Projects/IGI/353502_BURCHUCK_5/IGI/LR5/Parking/p_env/lib/python3.13/site-packages/django/db/migrations/loader.py first seen with mtime 1746826653.3148017
DEBUG 2025-05-11 13:25:55,095 autoreload File /home/G1nxx/Projects/IGI/353502_BURCHUCK_5/IGI/LR5/Parking/p_env/lib/python3.13/site-packages/django/views/generic/__init__.py first seen with mtime 1746826653.3330426
DEBUG 2025-05-11 13:25:55,095 autoreload File /home/G1nxx/Projects/IGI/353502_BURCHUCK_5/IGI/LR5/Parking/p_env/lib/python3.13/site-packages/django/core/management/commands/__init__.py first seen with mtime 1746826653.3077824
DEBUG 2025-05-11 13:25:55,095 autoreload File /home/G1nxx/Projects/IGI/353502_BURCHUCK_5/IGI/LR5/Parking/p_env/lib/python3.13/site-packages/django/db/migrations/executor.py first seen with mtime 1746826653.3146408
DEBUG 2025-05-11 13:25:55,095 autoreload File /home/G1nxx/Projects/IGI/353502_BURCHUCK_5/IGI/LR5/Parking/p_env/lib/python3.13/site-packages/django/db/backends/sqlite3/base.py first seen with mtime 1746826653.313846
DEBUG 2025-05-11 13:25:55,095 autoreload File /usr/lib/python3.13/asyncio/protocols.py first seen with mtime 1744184665.0
DEBUG 2025-05-11 13:25:55,096 autoreload File /home/G1nxx/Projects/IGI/353502_BURCHUCK_5/IGI/LR5/Parking/p_env/lib/python3.13/site-packages/urllib3/util/ssltransport.py first seen with mtime 1746920160.7664745
DEBUG 2025-05-11 13:25:55,096 autoreload File /home/G1nxx/Projects/IGI/353502_BURCHUCK_5/IGI/LR5/Parking/p_env/lib/python3.13/site-packages/django/core/files/images.py first seen with mtime 1746826653.3055599
DEBUG 2025-05-11 13:25:55,096 autoreload File /home/G1nxx/Projects/IGI/353502_BURCHUCK_5/IGI/LR5/Parking/p_env/lib/python3.13/site-packages/django/template/defaulttags.py first seen with mtime 1746826653.326814
DEBUG 2025-05-11 13:25:55,096 autoreload File /home/G1nxx/Projects/IGI/353502_BURCHUCK_5/IGI/LR5/Parking/auto_car/urls.py first seen with mtime 1746968369.5612266
DEBUG 2025-05-11 13:25:55,096 autoreload File /home/G1nxx/Projects/IGI/353502_BURCHUCK_5/IGI/LR5/Parking/p_env/lib/python3.13/site-packages/django/contrib/admin/views/main.py first seen with mtime 1746826653.172641
DEBUG 2025-05-11 13:25:55,096 autoreload File /home/G1nxx/Projects/IGI/353502_BURCHUCK_5/IGI/LR5/Parking/p_env/lib/python3.13/site-packages/django/contrib/sessions/models.py first seen with mtime 1746826653.2819245
DEBUG 2025-05-11 13:25:55,096 autoreload File /home/G1nxx/Projects/IGI/353502_BURCHUCK_5/IGI/LR5/Parking/p_env/lib/python3.13/site-packages/django/forms/formsets.py first seen with mtime 1746826653.3214025
DEBUG 2025-05-11 13:25:55,096 autoreload File /usr/lib/python3.13/ast.py first seen with mtime 1744184665.0
DEBUG 2025-05-11 13:25:55,096 autoreload File /home/G1nxx/Projects/IGI/353502_BURCHUCK_5/IGI/LR5/Parking/p_env/lib/python3.13/site-packages/django/utils/functional.py first seen with mtime 1746826653.3308167
DEBUG 2025-05-11 13:25:55,096 autoreload File /home/G1nxx/Projects/IGI/353502_BURCHUCK_5/IGI/LR5/Parking/p_env/lib/python3.13/site-packages/django/utils/cache.py first seen with mtime 1746826653.3299284
DEBUG 2025-05-11 13:25:55,096 autoreload File /home/G1nxx/Projects/IGI/353502_BURCHUCK_5/IGI/LR5/Parking/p_env/lib/python3.13/site-packages/django/forms/__init__.py first seen with mtime 1746826653.3209655
DEBUG 2025-05-11 13:25:55,096 autoreload File /home/G1nxx/Projects/IGI/353502_BURCHUCK_5/IGI/LR5/Parking/p_env/lib/python3.13/site-packages/django/template/library.py first seen with mtime 1746826653.3270187
DEBUG 2025-05-11 13:25:55,096 autoreload File /usr/lib/python3.13/traceback.py first seen with mtime 1744184665.0
DEBUG 2025-05-11 13:25:55,096 autoreload File /home/G1nxx/Projects/IGI/353502_BURCHUCK_5/IGI/LR5/Parking/p_env/lib/python3.13/site-packages/django/db/models/fields/related_descriptors.py first seen with mtime 1746826653.3187487
DEBUG 2025-05-11 13:25:55,096 autoreload File /usr/lib/python3.13/zipfile/_path/__init__.py first seen with mtime 1744184665.0
DEBUG 2025-05-11 13:25:55,096 autoreload File /home/G1nxx/Projects/IGI/353502_BURCHUCK_5/IGI/LR5/Parking/p_env/lib/python3.13/site-packages/django/contrib/messages/constants.py first seen with mtime 1746826653.2605374
DEBUG 2025-05-11 13:25:55,096 autoreload File /home/G1nxx/Projects/IGI/353502_BURCHUCK_5/IGI/LR5/Parking/p_env/lib/python3.13/site-packages/django/core/checks/__init__.py first seen with mtime 1746826653.3047554
DEBUG 2025-05-11 13:25:55,096 autoreload File /usr/lib/python3.13/email/base64mime.py first seen with mtime 1744184665.0
DEBUG 2025-05-11 13:25:55,096 autoreload File /usr/lib/python3.13/asyncio/subprocess.py first seen with mtime 1744184665.0
DEBUG 2025-05-11 13:25:55,096 autoreload File /usr/lib/python3.13/copyreg.py first seen with mtime 1744184665.0
DEBUG 2025-05-11 13:25:55,096 autoreload File /usr/lib/python3.13/lib-dynload/_asyncio.cpython-313-x86_64-linux-gnu.so first seen with mtime 1744184665.0
DEBUG 2025-05-11 13:25:55,096 autoreload File /usr/lib/python3.13/asyncio/timeouts.py first seen with mtime 1744184665.0
DEBUG 2025-05-11 13:25:55,096 autoreload File /usr/lib/python3.13/signal.py first seen with mtime 1744184665.0
DEBUG 2025-05-11 13:25:55,096 autoreload File /home/G1nxx/Projects/IGI/353502_BURCHUCK_5/IGI/LR5/Parking/p_env/lib/python3.13/site-packages/django/db/backends/sqlite3/creation.py first seen with mtime 1746826653.3139424
DEBUG 2025-05-11 13:25:55,096 autoreload File /usr/lib/python3.13/wsgiref/util.py first seen with mtime 1744184665.0
DEBUG 2025-05-11 13:25:55,096 autoreload File /home/G1nxx/Projects/IGI/353502_BURCHUCK_5/IGI/LR5/Parking/p_env/lib/python3.13/site-packages/django/contrib/staticfiles/management/__init__.py first seen with mtime 1746826653.3034315
DEBUG 2025-05-11 13:25:55,096 autoreload File /usr/lib/python3.13/lzma.py first seen with mtime 1744184665.0
DEBUG 2025-05-11 13:25:55,096 autoreload File /home/G1nxx/Projects/IGI/353502_BURCHUCK_5/IGI/LR5/Parking/p_env/lib/python3.13/site-packages/django/db/models/expressions.py first seen with mtime 1746826653.3166711
DEBUG 2025-05-11 13:25:55,096 autoreload File /home/G1nxx/Projects/IGI/353502_BURCHUCK_5/IGI/LR5/Parking/p_env/lib/python3.13/site-packages/django/core/mail/message.py first seen with mtime 1746826653.3069346
DEBUG 2025-05-11 13:25:55,096 autoreload File /usr/lib/python3.13/email/policy.py first seen with mtime 1744184665.0
DEBUG 2025-05-11 13:25:55,096 autoreload File /home/G1nxx/Projects/IGI/353502_BURCHUCK_5/IGI/LR5/Parking/p_env/lib/python3.13/site-packages/django/contrib/admin/models.py first seen with mtime 1746826653.1252172
DEBUG 2025-05-11 13:25:55,096 autoreload File /home/G1nxx/Projects/IGI/353502_BURCHUCK_5/IGI/LR5/Parking/p_env/lib/python3.13/site-packages/django/db/models/functions/mixins.py first seen with mtime 1746826653.3192773
DEBUG 2025-05-11 13:25:55,096 autoreload File /home/G1nxx/Projects/IGI/353502_BURCHUCK_5/IGI/LR5/Parking/p_env/lib/python3.13/site-packages/django/core/paginator.py first seen with mtime 1746826653.3039353
DEBUG 2025-05-11 13:25:55,096 autoreload File /usr/lib/python3.13/http/client.py first seen with mtime 1744184665.0
DEBUG 2025-05-11 13:25:55,096 autoreload File /usr/lib/python3.13/re/_compiler.py first seen with mtime 1744184665.0
DEBUG 2025-05-11 13:25:55,096 autoreload File /home/G1nxx/Projects/IGI/353502_BURCHUCK_5/IGI/LR5/Parking/p_env/lib/python3.13/site-packages/django/conf/__init__.py first seen with mtime 1746826653.0895832
DEBUG 2025-05-11 13:25:55,096 autoreload File /home/G1nxx/Projects/IGI/353502_BURCHUCK_5/IGI/LR5/Parking/p_env/lib/python3.13/site-packages/django/db/models/base.py first seen with mtime 1746826653.316161
DEBUG 2025-05-11 13:25:55,096 autoreload File /usr/lib/python3.13/lib-dynload/_queue.cpython-313-x86_64-linux-gnu.so first seen with mtime 1744184665.0
DEBUG 2025-05-11 13:25:55,096 autoreload File /usr/lib/python3.13/email/encoders.py first seen with mtime 1744184665.0
DEBUG 2025-05-11 13:25:55,096 autoreload File /home/G1nxx/Projects/IGI/353502_BURCHUCK_5/IGI/LR5/Parking/p_env/lib/python3.13/site-packages/django/template/loader.py first seen with mtime 1746826653.327098
DEBUG 2025-05-11 13:25:55,096 autoreload File /usr/lib/python3.13/weakref.py first seen with mtime 1744184665.0
DEBUG 2025-05-11 13:25:55,096 autoreload File /home/G1nxx/Projects/IGI/353502_BURCHUCK_5/IGI/LR5/Parking/p_env/lib/python3.13/site-packages/urllib3/_request_methods.py first seen with mtime 1746920160.7637756
DEBUG 2025-05-11 13:25:55,096 autoreload File /home/G1nxx/Projects/IGI/353502_BURCHUCK_5/IGI/LR5/Parking/p_env/lib/python3.13/site-packages/django/utils/module_loading.py first seen with mtime 1746826653.3313236
DEBUG 2025-05-11 13:25:55,096 autoreload File /home/G1nxx/Projects/IGI/353502_BURCHUCK_5/IGI/LR5/Parking/p_env/lib/python3.13/site-packages/django/utils/duration.py first seen with mtime 1746826653.3305204
DEBUG 2025-05-11 13:25:55,096 autoreload File /home/G1nxx/Projects/IGI/353502_BURCHUCK_5/IGI/LR5/Parking/p_env/lib/python3.13/site-packages/django/contrib/contenttypes/apps.py first seen with mtime 1746826653.2061198
DEBUG 2025-05-11 13:25:55,096 autoreload File /usr/lib/python3.13/email/headerregistry.py first seen with mtime 1744184665.0
DEBUG 2025-05-11 13:25:55,096 autoreload File /home/G1nxx/Projects/IGI/353502_BURCHUCK_5/IGI/LR5/Parking/p_env/lib/python3.13/site-packages/django/contrib/sessions/base_session.py first seen with mtime 1746826653.2817888
DEBUG 2025-05-11 13:25:55,096 autoreload File /usr/lib/python3.13/zipfile/_path/glob.py first seen with mtime 1744184665.0
DEBUG 2025-05-11 13:25:55,096 autoreload File /home/G1nxx/Projects/IGI/353502_BURCHUCK_5/IGI/LR5/Parking/p_env/lib/python3.13/site-packages/asgiref/__init__.py first seen with mtime 1746826653.0568168
DEBUG 2025-05-11 13:25:55,096 autoreload File /home/G1nxx/Projects/IGI/353502_BURCHUCK_5/IGI/LR5/Parking/p_env/lib/python3.13/site-packages/django/db/backends/base/introspection.py first seen with mtime 1746826653.310693
DEBUG 2025-05-11 13:25:55,096 autoreload File /usr/lib/python3.13/importlib/abc.py first seen with mtime 1744184665.0
DEBUG 2025-05-11 13:25:55,096 autoreload File /home/G1nxx/Projects/IGI/353502_BURCHUCK_5/IGI/LR5/Parking/p_env/lib/python3.13/site-packages/urllib3/contrib/__init__.py first seen with mtime 1746920160.7649875
DEBUG 2025-05-11 13:25:55,096 autoreload File /home/G1nxx/Projects/IGI/353502_BURCHUCK_5/IGI/LR5/Parking/p_env/lib/python3.13/site-packages/django/core/checks/compatibility/django_4_0.py first seen with mtime 1746826653.3052757
DEBUG 2025-05-11 13:25:55,096 autoreload File /home/G1nxx/Projects/IGI/353502_BURCHUCK_5/IGI/LR5/Parking/p_env/lib/python3.13/site-packages/django/core/management/color.py first seen with mtime 1746826653.3076072
DEBUG 2025-05-11 13:25:55,096 autoreload File /home/G1nxx/Projects/IGI/353502_BURCHUCK_5/IGI/LR5/Parking/p_env/lib/python3.13/site-packages/requests/models.py first seen with mtime 1746920160.8802497
DEBUG 2025-05-11 13:25:55,096 autoreload File /home/G1nxx/Projects/IGI/353502_BURCHUCK_5/IGI/LR5/Parking/p_env/lib/python3.13/site-packages/django/db/backends/sqlite3/client.py first seen with mtime 1746826653.3138912
DEBUG 2025-05-11 13:25:55,096 autoreload File /home/G1nxx/Projects/IGI/353502_BURCHUCK_5/IGI/LR5/Parking/p_env/lib/python3.13/site-packages/django/db/models/constants.py first seen with mtime 1746826653.316218
DEBUG 2025-05-11 13:25:55,096 autoreload File /home/G1nxx/Projects/IGI/353502_BURCHUCK_5/IGI/LR5/Parking/p_env/lib/python3.13/site-packages/django/contrib/admin/views/autocomplete.py first seen with mtime 1746826653.1725013
DEBUG 2025-05-11 13:25:55,097 autoreload File /home/G1nxx/Projects/IGI/353502_BURCHUCK_5/IGI/LR5/Parking/p_env/lib/python3.13/site-packages/django/core/management/commands/migrate.py first seen with mtime 1746826653.3087316
DEBUG 2025-05-11 13:25:55,097 autoreload File /usr/lib/python3.13/concurrent/futures/__init__.py first seen with mtime 1744184665.0
DEBUG 2025-05-11 13:25:55,097 autoreload File /home/G1nxx/Projects/IGI/353502_BURCHUCK_5/IGI/LR5/Parking/p_env/lib/python3.13/site-packages/django/core/checks/security/csrf.py first seen with mtime 1746826653.3053977
DEBUG 2025-05-11 13:25:55,097 autoreload File /home/G1nxx/Projects/IGI/353502_BURCHUCK_5/IGI/LR5/Parking/p_env/lib/python3.13/site-packages/urllib3/_version.py first seen with mtime 1746920160.7638314
DEBUG 2025-05-11 13:25:55,097 autoreload File /home/G1nxx/Projects/IGI/353502_BURCHUCK_5/IGI/LR5/Parking/p_env/lib/python3.13/site-packages/django/contrib/admin/templatetags/admin_list.py first seen with mtime 1746826653.1721747
DEBUG 2025-05-11 13:25:55,097 autoreload File /home/G1nxx/Projects/IGI/353502_BURCHUCK_5/IGI/LR5/Parking/p_env/lib/python3.13/site-packages/django/core/management/commands/runserver.py first seen with mtime 1746826653.308851
DEBUG 2025-05-11 13:25:55,097 autoreload File /home/G1nxx/Projects/IGI/353502_BURCHUCK_5/IGI/LR5/Parking/p_env/lib/python3.13/site-packages/django/contrib/admin/sites.py first seen with mtime 1746826653.1256108
DEBUG 2025-05-11 13:25:55,097 autoreload File /usr/lib/python3.13/json/scanner.py first seen with mtime 1744184665.0
DEBUG 2025-05-11 13:25:55,097 autoreload File /home/G1nxx/Projects/IGI/353502_BURCHUCK_5/IGI/LR5/Parking/p_env/lib/python3.13/site-packages/urllib3/http2/probe.py first seen with mtime 1746920160.765839
DEBUG 2025-05-11 13:25:55,097 autoreload File /home/G1nxx/Projects/IGI/353502_BURCHUCK_5/IGI/LR5/Parking/p_env/lib/python3.13/site-packages/django/db/models/query.py first seen with mtime 1746826653.3173895
DEBUG 2025-05-11 13:25:55,097 autoreload File /home/G1nxx/Projects/IGI/353502_BURCHUCK_5/IGI/LR5/Parking/p_env/lib/python3.13/site-packages/requests/compat.py first seen with mtime 1746920160.8798301
DEBUG 2025-05-11 13:25:55,097 autoreload File /home/G1nxx/Projects/IGI/353502_BURCHUCK_5/IGI/LR5/Parking/p_env/lib/python3.13/site-packages/django/utils/safestring.py first seen with mtime 1746826653.3314886
DEBUG 2025-05-11 13:25:55,097 autoreload File /home/G1nxx/Projects/IGI/353502_BURCHUCK_5/IGI/LR5/Parking/parking/__init__.py first seen with mtime 1746826749.0879724
DEBUG 2025-05-11 13:25:55,097 autoreload File /home/G1nxx/Projects/IGI/353502_BURCHUCK_5/IGI/LR5/Parking/p_env/lib/python3.13/site-packages/requests/__version__.py first seen with mtime 1746920160.8794246
DEBUG 2025-05-11 13:25:55,097 autoreload File /usr/lib/python3.13/pickle.py first seen with mtime 1744184665.0
DEBUG 2025-05-11 13:25:55,097 autoreload File /home/G1nxx/Projects/IGI/353502_BURCHUCK_5/IGI/LR5/Parking/p_env/lib/python3.13/site-packages/django/template/loaders/base.py first seen with mtime 1746826653.3278308
DEBUG 2025-05-11 13:25:55,097 autoreload File /usr/lib/python3.13/wsgiref/handlers.py first seen with mtime 1744184665.0
DEBUG 2025-05-11 13:25:55,097 autoreload File /usr/lib/python3.13/wsgiref/headers.py first seen with mtime 1744184665.0
DEBUG 2025-05-11 13:25:55,097 autoreload File /home/G1nxx/Projects/IGI/353502_BURCHUCK_5/IGI/LR5/Parking/auto_car/models.py first seen with mtime 1746961878.948892
DEBUG 2025-05-11 13:25:55,097 autoreload File /usr/lib/python3.13/lib-dynload/_ssl.cpython-313-x86_64-linux-gnu.so first seen with mtime 1744184665.0
DEBUG 2025-05-11 13:25:55,097 autoreload File /home/G1nxx/Projects/IGI/353502_BURCHUCK_5/IGI/LR5/Parking/p_env/lib/python3.13/site-packages/django/contrib/admin/__init__.py first seen with mtime 1746826653.1246653
DEBUG 2025-05-11 13:25:55,097 autoreload File /home/G1nxx/Projects/IGI/353502_BURCHUCK_5/IGI/LR5/Parking/p_env/lib/python3.13/site-packages/django/db/models/fields/__init__.py first seen with mtime 1746826653.3178442
DEBUG 2025-05-11 13:25:55,097 autoreload File /home/G1nxx/Projects/IGI/353502_BURCHUCK_5/IGI/LR5/Parking/p_env/lib/python3.13/site-packages/django/core/management/commands/makemigrations.py first seen with mtime 1746826653.3086448
DEBUG 2025-05-11 13:25:55,097 autoreload File /home/G1nxx/Projects/IGI/353502_BURCHUCK_5/IGI/LR5/Parking/p_env/lib/python3.13/site-packages/django/db/__init__.py first seen with mtime 1746826653.3099532
DEBUG 2025-05-11 13:25:55,097 autoreload File /home/G1nxx/Projects/IGI/353502_BURCHUCK_5/IGI/LR5/Parking/p_env/lib/python3.13/site-packages/django/core/checks/templates.py first seen with mtime 1746826653.3051345
DEBUG 2025-05-11 13:25:55,097 autoreload File /home/G1nxx/Projects/IGI/353502_BURCHUCK_5/IGI/LR5/Parking/p_env/lib/python3.13/site-packages/idna/idnadata.py first seen with mtime 1746920160.809224
DEBUG 2025-05-11 13:25:55,097 autoreload File /home/G1nxx/Projects/IGI/353502_BURCHUCK_5/IGI/LR5/Parking/p_env/lib/python3.13/site-packages/django/core/cache/__init__.py first seen with mtime 1746826653.304261
DEBUG 2025-05-11 13:25:55,097 autoreload File /usr/lib/python3.13/quopri.py first seen with mtime 1744184665.0
DEBUG 2025-05-11 13:25:55,097 autoreload File /home/G1nxx/Projects/IGI/353502_BURCHUCK_5/IGI/LR5/Parking/p_env/lib/python3.13/site-packages/django/db/migrations/autodetector.py first seen with mtime 1746826653.3144972
DEBUG 2025-05-11 13:25:55,097 autoreload File /home/G1nxx/Projects/IGI/353502_BURCHUCK_5/IGI/LR5/Parking/p_env/lib/python3.13/site-packages/django/core/management/sql.py first seen with mtime 1746826653.3076465
DEBUG 2025-05-11 13:25:55,097 autoreload File /home/G1nxx/Projects/IGI/353502_BURCHUCK_5/IGI/LR5/Parking/p_env/lib/python3.13/site-packages/django/contrib/auth/management/__init__.py first seen with mtime 1746826653.2052376
DEBUG 2025-05-11 13:25:55,097 autoreload File /home/G1nxx/Projects/IGI/353502_BURCHUCK_5/IGI/LR5/Parking/p_env/lib/python3.13/site-packages/requests/api.py first seen with mtime 1746920160.8796608
DEBUG 2025-05-11 13:25:55,097 autoreload File /home/G1nxx/Projects/IGI/353502_BURCHUCK_5/IGI/LR5/Parking/p_env/lib/python3.13/site-packages/django/db/backends/sqlite3/__init__.py first seen with mtime 1746826653.3135905
DEBUG 2025-05-11 13:25:55,097 autoreload File /home/G1nxx/Projects/IGI/353502_BURCHUCK_5/IGI/LR5/Parking/p_env/lib/python3.13/site-packages/django/template/loaders/__init__.py first seen with mtime 1746826653.3277128
DEBUG 2025-05-11 13:25:55,097 autoreload File /home/G1nxx/Projects/IGI/353502_BURCHUCK_5/IGI/LR5/Parking/p_env/lib/python3.13/site-packages/django/contrib/sites/__init__.py first seen with mtime 1746826653.2930367
DEBUG 2025-05-11 13:25:55,097 autoreload File /usr/lib/python3.13/importlib/resources/_adapters.py first seen with mtime 1744184665.0
DEBUG 2025-05-11 13:25:55,097 autoreload File /home/G1nxx/Projects/IGI/353502_BURCHUCK_5/IGI/LR5/Parking/p_env/lib/python3.13/site-packages/django/db/migrations/operations/fields.py first seen with mtime 1746826653.3155606
DEBUG 2025-05-11 13:25:55,097 autoreload File /home/G1nxx/Projects/IGI/353502_BURCHUCK_5/IGI/LR5/Parking/p_env/lib/python3.13/site-packages/django/views/i18n.py first seen with mtime 1746826653.3325884
DEBUG 2025-05-11 13:25:55,097 autoreload File /home/G1nxx/Projects/IGI/353502_BURCHUCK_5/IGI/LR5/Parking/p_env/lib/python3.13/site-packages/django/db/backends/base/validation.py first seen with mtime 1746826653.3112187
DEBUG 2025-05-11 13:25:55,097 autoreload File /home/G1nxx/Projects/IGI/353502_BURCHUCK_5/IGI/LR5/Parking/p_env/lib/python3.13/site-packages/django/forms/fields.py first seen with mtime 1746826653.321197
DEBUG 2025-05-11 13:25:55,097 autoreload File /usr/lib/python3.13/importlib/metadata/_meta.py first seen with mtime 1744184665.0
DEBUG 2025-05-11 13:25:55,097 autoreload File /home/G1nxx/Projects/IGI/353502_BURCHUCK_5/IGI/LR5/Parking/p_env/lib/python3.13/site-packages/django/db/migrations/operations/models.py first seen with mtime 1746826653.3156774
DEBUG 2025-05-11 13:25:55,097 autoreload File /usr/lib/python3.13/asyncio/tasks.py first seen with mtime 1744184665.0
DEBUG 2025-05-11 13:25:55,097 autoreload File /home/G1nxx/Projects/IGI/353502_BURCHUCK_5/IGI/LR5/Parking/p_env/lib/python3.13/site-packages/django/urls/conf.py first seen with mtime 1746826653.329349
DEBUG 2025-05-11 13:25:55,097 autoreload File /home/G1nxx/Projects/IGI/353502_BURCHUCK_5/IGI/LR5/Parking/p_env/lib/python3.13/site-packages/django/contrib/sites/shortcuts.py first seen with mtime 1746826653.2934282
DEBUG 2025-05-11 13:25:55,097 autoreload File /home/G1nxx/Projects/IGI/353502_BURCHUCK_5/IGI/LR5/Parking/p_env/lib/python3.13/site-packages/django/db/backends/sqlite3/_functions.py first seen with mtime 1746826653.313752
DEBUG 2025-05-11 13:25:55,097 autoreload File /home/G1nxx/Projects/IGI/353502_BURCHUCK_5/IGI/LR5/Parking/p_env/lib/python3.13/site-packages/sqlparse/tokens.py first seen with mtime 1746826653.0327735
DEBUG 2025-05-11 13:25:55,097 autoreload File /usr/lib/python3.13/importlib/resources/_functional.py first seen with mtime 1744184665.0
DEBUG 2025-05-11 13:25:55,097 autoreload File /usr/lib/python3.13/email/iterators.py first seen with mtime 1744184665.0
DEBUG 2025-05-11 13:25:55,097 autoreload File /home/G1nxx/Projects/IGI/353502_BURCHUCK_5/IGI/LR5/Parking/p_env/lib/python3.13/site-packages/sqlparse/filters/tokens.py first seen with mtime 1746826653.0336142
DEBUG 2025-05-11 13:25:55,097 autoreload File /usr/lib/python3.13/multiprocessing/context.py first seen with mtime 1744184665.0
DEBUG 2025-05-11 13:25:55,097 autoreload File /home/G1nxx/Projects/IGI/353502_BURCHUCK_5/IGI/LR5/Parking/auto_car/repository/user.py first seen with mtime 1746963742.913468
DEBUG 2025-05-11 13:25:55,097 autoreload File /usr/lib/python3.13/dis.py first seen with mtime 1744184665.0
DEBUG 2025-05-11 13:25:55,097 autoreload File /usr/lib/python3.13/asyncio/__init__.py first seen with mtime 1744184665.0
DEBUG 2025-05-11 13:25:55,097 autoreload File /home/G1nxx/Projects/IGI/353502_BURCHUCK_5/IGI/LR5/Parking/p_env/lib/python3.13/site-packages/django/contrib/auth/password_validation.py first seen with mtime 1746826653.1877885
DEBUG 2025-05-11 13:25:55,097 autoreload File /usr/lib/python3.13/asyncio/sslproto.py first seen with mtime 1744184665.0
DEBUG 2025-05-11 13:25:55,097 autoreload File /home/G1nxx/Projects/IGI/353502_BURCHUCK_5/IGI/LR5/Parking/p_env/lib/python3.13/site-packages/django/core/management/utils.py first seen with mtime 1746826653.3077824
DEBUG 2025-05-11 13:25:55,097 autoreload File /home/G1nxx/Projects/IGI/353502_BURCHUCK_5/IGI/LR5/Parking/p_env/lib/python3.13/site-packages/django/contrib/auth/admin.py first seen with mtime 1746826653.186901
DEBUG 2025-05-11 13:25:55,097 autoreload File /usr/lib/python3.13/shutil.py first seen with mtime 1744184665.0
DEBUG 2025-05-11 13:25:55,097 autoreload File /usr/lib/python3.13/email/parser.py first seen with mtime 1744184665.0
DEBUG 2025-05-11 13:25:55,098 autoreload File /home/G1nxx/Projects/IGI/353502_BURCHUCK_5/IGI/LR5/Parking/p_env/lib/python3.13/site-packages/django/contrib/messages/api.py first seen with mtime 1746826653.2604709
DEBUG 2025-05-11 13:25:55,098 autoreload File /home/G1nxx/Projects/IGI/353502_BURCHUCK_5/IGI/LR5/Parking/p_env/lib/python3.13/site-packages/django/core/files/utils.py first seen with mtime 1746826653.3058193
DEBUG 2025-05-11 13:25:55,098 autoreload File /home/G1nxx/Projects/IGI/353502_BURCHUCK_5/IGI/LR5/Parking/p_env/lib/python3.13/site-packages/django/core/handlers/__init__.py first seen with mtime 1746826653.3061273
DEBUG 2025-05-11 13:25:55,098 autoreload File /usr/lib/python3.13/getpass.py first seen with mtime 1744184665.0
DEBUG 2025-05-11 13:25:55,098 autoreload File /home/G1nxx/Projects/IGI/353502_BURCHUCK_5/IGI/LR5/Parking/p_env/lib/python3.13/site-packages/urllib3/util/ssl_match_hostname.py first seen with mtime 1746920160.7664096
DEBUG 2025-05-11 13:25:55,098 autoreload File /home/G1nxx/Projects/IGI/353502_BURCHUCK_5/IGI/LR5/Parking/p_env/lib/python3.13/site-packages/django/db/models/sql/query.py first seen with mtime 1746826653.32043
DEBUG 2025-05-11 13:25:55,098 autoreload File /home/G1nxx/Projects/IGI/353502_BURCHUCK_5/IGI/LR5/Parking/p_env/lib/python3.13/site-packages/django/contrib/auth/apps.py first seen with mtime 1746826653.1869469
DEBUG 2025-05-11 13:25:55,098 autoreload File /usr/lib/python3.13/selectors.py first seen with mtime 1744184665.0
DEBUG 2025-05-11 13:25:55,098 autoreload File /usr/lib/python3.13/asyncio/format_helpers.py first seen with mtime 1744184665.0
DEBUG 2025-05-11 13:25:55,098 autoreload File /usr/lib/python3.13/email/feedparser.py first seen with mtime 1744184665.0
DEBUG 2025-05-11 13:25:55,098 autoreload File /usr/lib/python3.13/pkgutil.py first seen with mtime 1744184665.0
DEBUG 2025-05-11 13:25:55,098 autoreload File /home/G1nxx/Projects/IGI/353502_BURCHUCK_5/IGI/LR5/Parking/p_env/lib/python3.13/site-packages/requests/auth.py first seen with mtime 1746920160.8797383
DEBUG 2025-05-11 13:25:55,098 autoreload File /home/G1nxx/Projects/IGI/353502_BURCHUCK_5/IGI/LR5/Parking/p_env/lib/python3.13/site-packages/django/utils/deprecation.py first seen with mtime 1746826653.3304746
DEBUG 2025-05-11 13:25:55,098 autoreload File /home/G1nxx/Projects/IGI/353502_BURCHUCK_5/IGI/LR5/Parking/p_env/lib/python3.13/site-packages/django/contrib/auth/models.py first seen with mtime 1746965773.8104188
DEBUG 2025-05-11 13:25:55,098 autoreload File /home/G1nxx/Projects/IGI/353502_BURCHUCK_5/IGI/LR5/Parking/p_env/lib/python3.13/site-packages/django/db/migrations/exceptions.py first seen with mtime 1746826653.314559
DEBUG 2025-05-11 13:25:55,098 autoreload File /usr/lib/python3.13/pathlib/_abc.py first seen with mtime 1744184665.0
DEBUG 2025-05-11 13:25:55,098 autoreload File /home/G1nxx/Projects/IGI/353502_BURCHUCK_5/IGI/LR5/Parking/p_env/lib/python3.13/site-packages/urllib3/util/url.py first seen with mtime 1746920160.766639
DEBUG 2025-05-11 13:25:55,098 autoreload File /home/G1nxx/Projects/IGI/353502_BURCHUCK_5/IGI/LR5/Parking/p_env/lib/python3.13/site-packages/charset_normalizer/version.py first seen with mtime 1746920160.8576398
DEBUG 2025-05-11 13:25:55,098 autoreload File /usr/lib/python3.13/lib-dynload/math.cpython-313-x86_64-linux-gnu.so first seen with mtime 1744184665.0
DEBUG 2025-05-11 13:25:55,098 autoreload File /usr/lib/python3.13/_compat_pickle.py first seen with mtime 1744184665.0
DEBUG 2025-05-11 13:25:55,098 autoreload File /home/G1nxx/Projects/IGI/353502_BURCHUCK_5/IGI/LR5/Parking/p_env/lib/python3.13/site-packages/django/core/checks/security/sessions.py first seen with mtime 1746826653.305433
DEBUG 2025-05-11 13:25:55,098 autoreload File /home/G1nxx/Projects/IGI/353502_BURCHUCK_5/IGI/LR5/Parking/p_env/lib/python3.13/site-packages/django/forms/boundfield.py first seen with mtime 1746826653.3210366
DEBUG 2025-05-11 13:25:55,098 autoreload File /usr/lib/python3.13/copy.py first seen with mtime 1744184665.0
DEBUG 2025-05-11 13:25:55,098 autoreload File /home/G1nxx/Projects/IGI/353502_BURCHUCK_5/IGI/LR5/Parking/p_env/lib/python3.13/site-packages/django/core/wsgi.py first seen with mtime 1746826653.3041742
DEBUG 2025-05-11 13:25:55,098 autoreload File /home/G1nxx/Projects/IGI/353502_BURCHUCK_5/IGI/LR5/Parking/p_env/lib/python3.13/site-packages/django/urls/converters.py first seen with mtime 1746826653.3293858
DEBUG 2025-05-11 13:25:55,098 autoreload File /home/G1nxx/Projects/IGI/353502_BURCHUCK_5/IGI/LR5/Parking/p_env/lib/python3.13/site-packages/django/views/decorators/cache.py first seen with mtime 1746826653.3327122
DEBUG 2025-05-11 13:25:55,098 autoreload File /home/G1nxx/Projects/IGI/353502_BURCHUCK_5/IGI/LR5/Parking/p_env/lib/python3.13/site-packages/sqlparse/filters/output.py first seen with mtime 1746826653.0334706
DEBUG 2025-05-11 13:25:55,098 autoreload File /home/G1nxx/Projects/IGI/353502_BURCHUCK_5/IGI/LR5/Parking/p_env/lib/python3.13/site-packages/django/urls/__init__.py first seen with mtime 1746826653.3292499
DEBUG 2025-05-11 13:25:55,098 autoreload File /usr/lib/python3.13/email/mime/text.py first seen with mtime 1744184665.0
DEBUG 2025-05-11 13:25:55,098 autoreload File /home/G1nxx/Projects/IGI/353502_BURCHUCK_5/IGI/LR5/Parking/p_env/lib/python3.13/site-packages/django/core/checks/files.py first seen with mtime 1746826653.3049529
DEBUG 2025-05-11 13:25:55,098 autoreload File /usr/lib/python3.13/encodings/idna.py first seen with mtime 1744184665.0
DEBUG 2025-05-11 13:25:55,098 autoreload File /home/G1nxx/Projects/IGI/353502_BURCHUCK_5/IGI/LR5/Parking/p_env/lib/python3.13/site-packages/django/template/loaders/filesystem.py first seen with mtime 1746826653.3279264
DEBUG 2025-05-11 13:25:55,098 autoreload File /home/G1nxx/Projects/IGI/353502_BURCHUCK_5/IGI/LR5/Parking/p_env/lib/python3.13/site-packages/django/utils/lorem_ipsum.py first seen with mtime 1746826653.3312738
DEBUG 2025-05-11 13:25:55,098 autoreload File /usr/lib/python3.13/gzip.py first seen with mtime 1744184665.0
DEBUG 2025-05-11 13:25:55,098 autoreload File /home/G1nxx/Projects/IGI/353502_BURCHUCK_5/IGI/LR5/Parking/p_env/lib/python3.13/site-packages/django/views/generic/base.py first seen with mtime 1746826653.3330998
DEBUG 2025-05-11 13:25:55,098 autoreload File /home/G1nxx/Projects/IGI/353502_BURCHUCK_5/IGI/LR5/Parking/p_env/lib/python3.13/site-packages/django/db/backends/utils.py first seen with mtime 1746826653.310271
DEBUG 2025-05-11 13:25:55,098 autoreload File /home/G1nxx/Projects/IGI/353502_BURCHUCK_5/IGI/LR5/Parking/p_env/lib/python3.13/site-packages/sqlparse/filters/others.py first seen with mtime 1746826653.0334146
DEBUG 2025-05-11 13:25:55,098 autoreload File /home/G1nxx/Projects/IGI/353502_BURCHUCK_5/IGI/LR5/Parking/parking/urls.py first seen with mtime 1746831901.1977456
DEBUG 2025-05-11 13:25:55,098 autoreload File /home/G1nxx/Projects/IGI/353502_BURCHUCK_5/IGI/LR5/Parking/p_env/lib/python3.13/site-packages/django/contrib/admin/decorators.py first seen with mtime 1746826653.1249259
DEBUG 2025-05-11 13:25:55,098 autoreload File /home/G1nxx/Projects/IGI/353502_BURCHUCK_5/IGI/LR5/Parking/p_env/lib/python3.13/site-packages/django/utils/choices.py first seen with mtime 1746826653.3299847
DEBUG 2025-05-11 13:25:55,098 autoreload File /home/G1nxx/Projects/IGI/353502_BURCHUCK_5/IGI/LR5/Parking/p_env/lib/python3.13/site-packages/django/views/__init__.py first seen with mtime 1746826653.332318
DEBUG 2025-05-11 13:25:55,098 autoreload File /home/G1nxx/Projects/IGI/353502_BURCHUCK_5/IGI/LR5/Parking/p_env/lib/python3.13/site-packages/django/templatetags/tz.py first seen with mtime 1746826653.3282592
DEBUG 2025-05-11 13:25:55,098 autoreload File /usr/lib/python3.13/lib-dynload/_blake2.cpython-313-x86_64-linux-gnu.so first seen with mtime 1744184665.0
DEBUG 2025-05-11 13:25:55,098 autoreload File /usr/lib/python3.13/threading.py first seen with mtime 1744184665.0
DEBUG 2025-05-11 13:25:55,098 autoreload File /home/G1nxx/Projects/IGI/353502_BURCHUCK_5/IGI/LR5/Parking/p_env/lib/python3.13/site-packages/django/db/models/aggregates.py first seen with mtime 1746826653.3158705
DEBUG 2025-05-11 13:25:55,098 autoreload File /usr/lib/python3.13/datetime.py first seen with mtime 1744184665.0
DEBUG 2025-05-11 13:25:55,098 autoreload File /home/G1nxx/Projects/IGI/353502_BURCHUCK_5/IGI/LR5/Parking/p_env/lib/python3.13/site-packages/django/db/migrations/serializer.py first seen with mtime 1746826653.315115
DEBUG 2025-05-11 13:25:55,098 autoreload File /usr/lib/python3.13/importlib/resources/__init__.py first seen with mtime 1744184665.0
DEBUG 2025-05-11 13:25:55,098 autoreload File /usr/lib/python3.13/lib-dynload/_struct.cpython-313-x86_64-linux-gnu.so first seen with mtime 1744184665.0
DEBUG 2025-05-11 13:25:55,098 autoreload File /home/G1nxx/Projects/IGI/353502_BURCHUCK_5/IGI/LR5/Parking/p_env/lib/python3.13/site-packages/django/core/files/move.py first seen with mtime 1746826653.3056424
DEBUG 2025-05-11 13:25:55,098 autoreload File /usr/lib/python3.13/email/mime/__init__.py first seen with mtime 1744184665.0
DEBUG 2025-05-11 13:25:55,098 autoreload File /usr/lib/python3.13/asyncio/taskgroups.py first seen with mtime 1744184665.0
DEBUG 2025-05-11 13:25:55,098 autoreload File /home/G1nxx/Projects/IGI/353502_BURCHUCK_5/IGI/LR5/Parking/p_env/lib/python3.13/site-packages/django/utils/dateparse.py first seen with mtime 1746826653.330261
DEBUG 2025-05-11 13:25:55,098 autoreload File /usr/lib/python3.13/asyncio/mixins.py first seen with mtime 1744184665.0
DEBUG 2025-05-11 13:25:55,098 autoreload File /home/G1nxx/Projects/IGI/353502_BURCHUCK_5/IGI/LR5/Parking/p_env/lib/python3.13/site-packages/django/contrib/contenttypes/checks.py first seen with mtime 1746826653.2061598
DEBUG 2025-05-11 13:25:55,098 autoreload File /home/G1nxx/Projects/IGI/353502_BURCHUCK_5/IGI/LR5/Parking/p_env/lib/python3.13/site-packages/django/utils/termcolors.py first seen with mtime 1746826653.3315442
DEBUG 2025-05-11 13:25:55,098 autoreload File /home/G1nxx/Projects/IGI/353502_BURCHUCK_5/IGI/LR5/Parking/auto_car/admin.py first seen with mtime 1746962137.953224
DEBUG 2025-05-11 13:25:55,098 autoreload File /home/G1nxx/Projects/IGI/353502_BURCHUCK_5/IGI/LR5/Parking/p_env/lib/python3.13/site-packages/django/core/exceptions.py first seen with mtime 1746826653.3038661
DEBUG 2025-05-11 13:25:55,098 autoreload File /home/G1nxx/Projects/IGI/353502_BURCHUCK_5/IGI/LR5/Parking/p_env/lib/python3.13/site-packages/sqlparse/cli.py first seen with mtime 1746826653.0322986
DEBUG 2025-05-11 13:25:55,098 autoreload File /home/G1nxx/Projects/IGI/353502_BURCHUCK_5/IGI/LR5/Parking/p_env/lib/python3.13/site-packages/sqlparse/utils.py first seen with mtime 1746826653.0328271
DEBUG 2025-05-11 13:25:55,099 autoreload File /usr/lib/python3.13/lib-dynload/termios.cpython-313-x86_64-linux-gnu.so first seen with mtime 1744184665.0
DEBUG 2025-05-11 13:25:55,099 autoreload File /home/G1nxx/Projects/IGI/353502_BURCHUCK_5/IGI/LR5/Parking/p_env/lib/python3.13/site-packages/django/db/models/sql/where.py first seen with mtime 1746826653.3206756
DEBUG 2025-05-11 13:25:55,099 autoreload File /usr/lib/python3.13/lib-dynload/grp.cpython-313-x86_64-linux-gnu.so first seen with mtime 1744184665.0
DEBUG 2025-05-11 13:25:55,099 autoreload File /usr/lib/python3.13/types.py first seen with mtime 1744184665.0
DEBUG 2025-05-11 13:25:55,099 autoreload File /home/G1nxx/Projects/IGI/353502_BURCHUCK_5/IGI/LR5/Parking/p_env/lib/python3.13/site-packages/django/core/servers/basehttp.py first seen with mtime 1746826653.3098867
DEBUG 2025-05-11 13:25:55,099 autoreload File /home/G1nxx/Projects/IGI/353502_BURCHUCK_5/IGI/LR5/Parking/p_env/lib/python3.13/site-packages/django/db/models/fields/related.py first seen with mtime 1746826653.3185573
DEBUG 2025-05-11 13:25:55,099 autoreload File /home/G1nxx/Projects/IGI/353502_BURCHUCK_5/IGI/LR5/Parking/p_env/lib/python3.13/site-packages/django/template/base.py first seen with mtime 1746826653.3264084
DEBUG 2025-05-11 13:25:55,099 autoreload File /usr/lib/python3.13/pathlib/_local.py first seen with mtime 1744184665.0
DEBUG 2025-05-11 13:25:55,099 autoreload File /home/G1nxx/Projects/IGI/353502_BURCHUCK_5/IGI/LR5/Parking/p_env/lib/python3.13/site-packages/django/utils/encoding.py first seen with mtime 1746826653.3305852
DEBUG 2025-05-11 13:25:55,099 autoreload File /usr/lib/python3.13/random.py first seen with mtime 1744184665.0
DEBUG 2025-05-11 13:25:55,099 autoreload File /home/G1nxx/Projects/IGI/353502_BURCHUCK_5/IGI/LR5/Parking/p_env/lib/python3.13/site-packages/sqlparse/engine/statement_splitter.py first seen with mtime 1746826653.0331893
DEBUG 2025-05-11 13:25:55,099 autoreload File /home/G1nxx/Projects/IGI/353502_BURCHUCK_5/IGI/LR5/Parking/p_env/lib/python3.13/site-packages/django/contrib/auth/__init__.py first seen with mtime 1746826653.186819
DEBUG 2025-05-11 13:25:55,099 autoreload File /home/G1nxx/Projects/IGI/353502_BURCHUCK_5/IGI/LR5/Parking/p_env/lib/python3.13/site-packages/django/template/context.py first seen with mtime 1746826653.3264802
DEBUG 2025-05-11 13:25:55,099 autoreload File /usr/lib/python3.13/http/cookiejar.py first seen with mtime 1744184665.0
DEBUG 2025-05-11 13:25:55,099 autoreload File /home/G1nxx/Projects/IGI/353502_BURCHUCK_5/IGI/LR5/Parking/p_env/lib/python3.13/site-packages/django/db/migrations/migration.py first seen with mtime 1746826653.3148713
DEBUG 2025-05-11 13:25:55,099 autoreload File /usr/lib/python3.13/json/encoder.py first seen with mtime 1744184665.0
DEBUG 2025-05-11 13:25:55,099 autoreload File /home/G1nxx/Projects/IGI/353502_BURCHUCK_5/IGI/LR5/Parking/p_env/lib/python3.13/site-packages/urllib3/util/timeout.py first seen with mtime 1746920160.7665477
DEBUG 2025-05-11 13:25:55,099 autoreload File /home/G1nxx/Projects/IGI/353502_BURCHUCK_5/IGI/LR5/Parking/p_env/lib/python3.13/site-packages/charset_normalizer/__init__.py first seen with mtime 1746920160.8556092
DEBUG 2025-05-11 13:25:55,099 autoreload File /home/G1nxx/Projects/IGI/353502_BURCHUCK_5/IGI/LR5/Parking/p_env/lib/python3.13/site-packages/django/db/models/functions/json.py first seen with mtime 1746826653.3191886
DEBUG 2025-05-11 13:25:55,099 autoreload File /home/G1nxx/Projects/IGI/353502_BURCHUCK_5/IGI/LR5/Parking/p_env/lib/python3.13/site-packages/django/contrib/staticfiles/checks.py first seen with mtime 1746826653.3030708
DEBUG 2025-05-11 13:25:55,099 autoreload File /home/G1nxx/Projects/IGI/353502_BURCHUCK_5/IGI/LR5/Parking/p_env/lib/python3.13/site-packages/django/contrib/contenttypes/__init__.py first seen with mtime 1746826653.2059999
DEBUG 2025-05-11 13:25:55,099 autoreload File /home/G1nxx/Projects/IGI/353502_BURCHUCK_5/IGI/LR5/Parking/p_env/lib/python3.13/site-packages/django/db/models/functions/text.py first seen with mtime 1746826653.3193343
DEBUG 2025-05-11 13:25:55,099 autoreload File /usr/lib/python3.13/difflib.py first seen with mtime 1744184665.0
DEBUG 2025-05-11 13:25:55,099 autoreload File /home/G1nxx/Projects/IGI/353502_BURCHUCK_5/IGI/LR5/Parking/p_env/lib/python3.13/site-packages/requests/sessions.py first seen with mtime 1746920160.880447
DEBUG 2025-05-11 13:25:55,099 autoreload File /usr/lib/python3.13/ipaddress.py first seen with mtime 1744184665.0
DEBUG 2025-05-11 13:25:55,099 autoreload File /usr/lib/python3.13/dataclasses.py first seen with mtime 1744184665.0
DEBUG 2025-05-11 13:25:55,099 autoreload File /home/G1nxx/Projects/IGI/353502_BURCHUCK_5/IGI/LR5/Parking/p_env/lib/python3.13/site-packages/django/core/management/__init__.py first seen with mtime 1746826653.307408
DEBUG 2025-05-11 13:25:55,099 autoreload File /usr/lib/python3.13/urllib/parse.py first seen with mtime 1744184665.0
DEBUG 2025-05-11 13:25:55,099 autoreload File /home/G1nxx/Projects/IGI/353502_BURCHUCK_5/IGI/LR5/Parking/p_env/lib/python3.13/site-packages/django/db/models/fields/tuple_lookups.py first seen with mtime 1746826653.3189614
DEBUG 2025-05-11 13:25:55,099 autoreload File /usr/lib/python3.13/re/_casefix.py first seen with mtime 1744184665.0
DEBUG 2025-05-11 13:25:55,099 autoreload File /home/G1nxx/Projects/IGI/353502_BURCHUCK_5/IGI/LR5/Parking/p_env/lib/python3.13/site-packages/django/core/serializers/python.py first seen with mtime 1746826653.3096516
DEBUG 2025-05-11 13:25:55,099 autoreload File /home/G1nxx/Projects/IGI/353502_BURCHUCK_5/IGI/LR5/Parking/p_env/lib/python3.13/site-packages/django/core/files/base.py first seen with mtime 1746826653.3055184
DEBUG 2025-05-11 13:25:55,099 autoreload File /usr/lib/python3.13/email/message.py first seen with mtime 1744184665.0
DEBUG 2025-05-11 13:25:55,099 autoreload File /usr/lib/python3.13/socketserver.py first seen with mtime 1744184665.0
DEBUG 2025-05-11 13:25:55,099 autoreload File /home/G1nxx/Projects/IGI/353502_BURCHUCK_5/IGI/LR5/Parking/p_env/lib/python3.13/site-packages/django/core/handlers/base.py first seen with mtime 1746826653.3066213
DEBUG 2025-05-11 13:25:55,099 autoreload File /usr/lib/python3.13/urllib/request.py first seen with mtime 1744184665.0
DEBUG 2025-05-11 13:25:55,099 autoreload File /home/G1nxx/Projects/IGI/353502_BURCHUCK_5/IGI/LR5/Parking/p_env/lib/python3.13/site-packages/django/contrib/contenttypes/management/__init__.py first seen with mtime 1746826653.2166188
DEBUG 2025-05-11 13:25:55,099 autoreload File /home/G1nxx/Projects/IGI/353502_BURCHUCK_5/IGI/LR5/Parking/p_env/lib/python3.13/site-packages/django/db/models/sql/__init__.py first seen with mtime 1746826653.3194244
DEBUG 2025-05-11 13:25:55,099 autoreload File /home/G1nxx/Projects/IGI/353502_BURCHUCK_5/IGI/LR5/Parking/p_env/lib/python3.13/site-packages/django/contrib/admin/checks.py first seen with mtime 1746826653.1248693
DEBUG 2025-05-11 13:25:55,099 autoreload File /usr/lib/python3.13/re/_parser.py first seen with mtime 1744184665.0
DEBUG 2025-05-11 13:25:55,100 autoreload File /usr/lib/python3.13/urllib/__init__.py first seen with mtime 1744184665.0
DEBUG 2025-05-11 13:25:55,100 autoreload File /home/G1nxx/Projects/IGI/353502_BURCHUCK_5/IGI/LR5/Parking/p_env/lib/python3.13/site-packages/django/db/backends/base/client.py first seen with mtime 1746826653.3104675
DEBUG 2025-05-11 13:25:55,100 autoreload File /home/G1nxx/Projects/IGI/353502_BURCHUCK_5/IGI/LR5/Parking/p_env/lib/python3.13/site-packages/django/core/management/base.py first seen with mtime 1746826653.3075337
DEBUG 2025-05-11 13:25:55,100 autoreload File /home/G1nxx/Projects/IGI/353502_BURCHUCK_5/IGI/LR5/Parking/p_env/lib/python3.13/site-packages/django/dispatch/__init__.py first seen with mtime 1746826653.3207493
DEBUG 2025-05-11 13:25:55,100 autoreload File /home/G1nxx/Projects/IGI/353502_BURCHUCK_5/IGI/LR5/Parking/p_env/lib/python3.13/site-packages/django/db/models/fields/generated.py first seen with mtime 1746826653.3181474
DEBUG 2025-05-11 13:25:55,100 autoreload File /home/G1nxx/Projects/IGI/353502_BURCHUCK_5/IGI/LR5/Parking/p_env/lib/python3.13/site-packages/django/templatetags/static.py first seen with mtime 1746826653.3282087
DEBUG 2025-05-11 13:25:55,100 autoreload File /usr/lib/python3.13/encodings/utf_8.py first seen with mtime 1744184665.0
DEBUG 2025-05-11 13:25:55,100 autoreload File /home/G1nxx/Projects/IGI/353502_BURCHUCK_5/IGI/LR5/Parking/p_env/lib/python3.13/site-packages/django/urls/exceptions.py first seen with mtime 1746826653.329418
DEBUG 2025-05-11 13:25:55,100 autoreload File /home/G1nxx/Projects/IGI/353502_BURCHUCK_5/IGI/LR5/Parking/p_env/lib/python3.13/site-packages/requests/hooks.py first seen with mtime 1746920160.8800972
DEBUG 2025-05-11 13:25:55,100 autoreload File /home/G1nxx/Projects/IGI/353502_BURCHUCK_5/IGI/LR5/Parking/p_env/lib/python3.13/site-packages/requests/certs.py first seen with mtime 1746920160.8797848
DEBUG 2025-05-11 13:25:55,100 autoreload File /home/G1nxx/Projects/IGI/353502_BURCHUCK_5/IGI/LR5/Parking/p_env/lib/python3.13/site-packages/django/core/checks/messages.py first seen with mtime 1746826653.304994
DEBUG 2025-05-11 13:25:55,100 autoreload File /usr/lib/python3.13/zipfile/__init__.py first seen with mtime 1744184665.0
DEBUG 2025-05-11 13:25:55,100 autoreload File /usr/lib/python3.13/lib-dynload/_multibytecodec.cpython-313-x86_64-linux-gnu.so first seen with mtime 1744184665.0
DEBUG 2025-05-11 13:25:55,100 autoreload File /home/G1nxx/Projects/IGI/353502_BURCHUCK_5/IGI/LR5/Parking/p_env/lib/python3.13/site-packages/django/db/migrations/writer.py first seen with mtime 1746826653.3153868
DEBUG 2025-05-11 13:25:55,100 autoreload File /usr/lib/python3.13/typing.py first seen with mtime 1744184665.0
DEBUG 2025-05-11 13:25:55,100 autoreload File /home/G1nxx/Projects/IGI/353502_BURCHUCK_5/IGI/LR5/Parking/p_env/lib/python3.13/site-packages/django/http/request.py first seen with mtime 1746826653.3255408
DEBUG 2025-05-11 13:25:55,100 autoreload File /home/G1nxx/Projects/IGI/353502_BURCHUCK_5/IGI/LR5/Parking/p_env/lib/python3.13/site-packages/django/views/debug.py first seen with mtime 1746826653.3324695
DEBUG 2025-05-11 13:25:55,100 autoreload File /usr/lib/python3.13/lib-dynload/zlib.cpython-313-x86_64-linux-gnu.so first seen with mtime 1744184665.0
DEBUG 2025-05-11 13:25:55,100 autoreload File /usr/lib/python3.13/decimal.py first seen with mtime 1744184665.0
DEBUG 2025-05-11 13:25:55,100 autoreload File /home/G1nxx/Projects/IGI/353502_BURCHUCK_5/IGI/LR5/Parking/p_env/lib/python3.13/site-packages/django/template/defaultfilters.py first seen with mtime 1746826653.3266325
DEBUG 2025-05-11 13:25:55,100 autoreload File /home/G1nxx/Projects/IGI/353502_BURCHUCK_5/IGI/LR5/Parking/p_env/lib/python3.13/site-packages/sqlparse/filters/aligned_indent.py first seen with mtime 1746826653.0333014
DEBUG 2025-05-11 13:25:55,100 autoreload File /usr/lib/python3.13/_opcode_metadata.py first seen with mtime 1744184665.0
DEBUG 2025-05-11 13:25:55,100 autoreload File /usr/lib/python3.13/lib-dynload/_random.cpython-313-x86_64-linux-gnu.so first seen with mtime 1744184665.0
DEBUG 2025-05-11 13:25:55,100 autoreload File /home/G1nxx/Projects/IGI/353502_BURCHUCK_5/IGI/LR5/Parking/p_env/lib/python3.13/site-packages/django/contrib/admin/filters.py first seen with mtime 1746826653.1250489
DEBUG 2025-05-11 13:25:55,100 autoreload File /home/G1nxx/Projects/IGI/353502_BURCHUCK_5/IGI/LR5/Parking/p_env/lib/python3.13/site-packages/django/contrib/admin/exceptions.py first seen with mtime 1746826653.1249604
DEBUG 2025-05-11 13:25:55,100 autoreload File /home/G1nxx/Projects/IGI/353502_BURCHUCK_5/IGI/LR5/Parking/p_env/lib/python3.13/site-packages/django/core/files/uploadedfile.py first seen with mtime 1746826653.305728
DEBUG 2025-05-11 13:25:55,100 autoreload File /home/G1nxx/Projects/IGI/353502_BURCHUCK_5/IGI/LR5/Parking/p_env/lib/python3.13/site-packages/sqlparse/formatter.py first seen with mtime 1746826653.0324192
DEBUG 2025-05-11 13:25:55,100 autoreload File /home/G1nxx/Projects/IGI/353502_BURCHUCK_5/IGI/LR5/Parking/p_env/lib/python3.13/site-packages/django/utils/asyncio.py first seen with mtime 1746826653.3297358
DEBUG 2025-05-11 13:25:55,100 autoreload File /usr/lib/python3.13/importlib/resources/readers.py first seen with mtime 1744184665.0
DEBUG 2025-05-11 13:25:55,100 autoreload File /home/G1nxx/Projects/IGI/353502_BURCHUCK_5/IGI/LR5/Parking/p_env/lib/python3.13/site-packages/django/template/utils.py first seen with mtime 1746826653.3273988
DEBUG 2025-05-11 13:25:55,100 autoreload File /home/G1nxx/Projects/IGI/353502_BURCHUCK_5/IGI/LR5/Parking/p_env/lib/python3.13/site-packages/django/db/models/indexes.py first seen with mtime 1746826653.3167593
DEBUG 2025-05-11 13:25:55,100 autoreload File /home/G1nxx/Projects/IGI/353502_BURCHUCK_5/IGI/LR5/Parking/p_env/lib/python3.13/site-packages/sqlparse/engine/filter_stack.py first seen with mtime 1746826653.03305
DEBUG 2025-05-11 13:25:55,100 autoreload File /home/G1nxx/Projects/IGI/353502_BURCHUCK_5/IGI/LR5/Parking/p_env/lib/python3.13/site-packages/django/utils/timesince.py first seen with mtime 1746826653.331682
DEBUG 2025-05-11 13:25:55,100 autoreload File /home/G1nxx/Projects/IGI/353502_BURCHUCK_5/IGI/LR5/Parking/p_env/lib/python3.13/site-packages/django/db/models/query_utils.py first seen with mtime 1746826653.3174965
DEBUG 2025-05-11 13:25:55,100 autoreload File /home/G1nxx/Projects/IGI/353502_BURCHUCK_5/IGI/LR5/Parking/p_env/lib/python3.13/site-packages/django/utils/autoreload.py first seen with mtime 1746826653.329836
DEBUG 2025-05-11 13:25:55,100 autoreload File /home/G1nxx/Projects/IGI/353502_BURCHUCK_5/IGI/LR5/Parking/p_env/lib/python3.13/site-packages/sqlparse/filters/right_margin.py first seen with mtime 1746826653.0335746
DEBUG 2025-05-11 13:25:55,100 autoreload File /usr/lib/python3.13/enum.py first seen with mtime 1744184665.0
DEBUG 2025-05-11 13:25:55,100 autoreload File /usr/lib/python3.13/http/cookies.py first seen with mtime 1744184665.0
DEBUG 2025-05-11 13:25:55,100 autoreload File /home/G1nxx/Projects/IGI/353502_BURCHUCK_5/IGI/LR5/Parking/p_env/lib/python3.13/site-packages/django/contrib/contenttypes/views.py first seen with mtime 1746826653.206468
DEBUG 2025-05-11 13:25:55,100 autoreload File /home/G1nxx/Projects/IGI/353502_BURCHUCK_5/IGI/LR5/Parking/p_env/lib/python3.13/site-packages/django/db/backends/base/creation.py first seen with mtime 1746826653.3105457
DEBUG 2025-05-11 13:25:55,100 autoreload File /home/G1nxx/Projects/IGI/353502_BURCHUCK_5/IGI/LR5/Parking/p_env/lib/python3.13/site-packages/django/views/decorators/common.py first seen with mtime 1746826653.3327851
DEBUG 2025-05-11 13:25:55,100 autoreload File /usr/lib/python3.13/mimetypes.py first seen with mtime 1744184665.0
DEBUG 2025-05-11 13:25:55,100 autoreload File /home/G1nxx/Projects/IGI/353502_BURCHUCK_5/IGI/LR5/Parking/p_env/lib/python3.13/site-packages/django/utils/regex_helper.py first seen with mtime 1746826653.331442
DEBUG 2025-05-11 13:25:55,100 autoreload File /home/G1nxx/Projects/IGI/353502_BURCHUCK_5/IGI/LR5/Parking/p_env/lib/python3.13/site-packages/idna/package_data.py first seen with mtime 1746920160.8093505
DEBUG 2025-05-11 13:25:55,101 autoreload File /usr/lib/python3.13/_sysconfigdata__linux_x86_64-linux-gnu.py first seen with mtime 1744184665.0
DEBUG 2025-05-11 13:25:55,101 autoreload File /home/G1nxx/Projects/IGI/353502_BURCHUCK_5/IGI/LR5/Parking/p_env/lib/python3.13/site-packages/django/core/handlers/wsgi.py first seen with mtime 1746826653.3067372
DEBUG 2025-05-11 13:25:55,101 autoreload File /home/G1nxx/Projects/IGI/353502_BURCHUCK_5/IGI/LR5/Parking/p_env/lib/python3.13/site-packages/charset_normalizer/models.py first seen with mtime 1746920160.8575015
DEBUG 2025-05-11 13:25:55,101 autoreload File /home/G1nxx/Projects/IGI/353502_BURCHUCK_5/IGI/LR5/Parking/p_env/lib/python3.13/site-packages/django/utils/hashable.py first seen with mtime 1746826653.3308635
DEBUG 2025-05-11 13:25:55,101 autoreload File /home/G1nxx/Projects/IGI/353502_BURCHUCK_5/IGI/LR5/Parking/p_env/lib/python3.13/site-packages/django/template/loader_tags.py first seen with mtime 1746826653.3271933
DEBUG 2025-05-11 13:25:55,101 autoreload File /usr/lib/python3.13/asyncio/streams.py first seen with mtime 1744184665.0
DEBUG 2025-05-11 13:25:55,101 autoreload File /home/G1nxx/Projects/IGI/353502_BURCHUCK_5/IGI/LR5/Parking/p_env/lib/python3.13/site-packages/django/utils/html.py first seen with mtime 1746826653.3309534
DEBUG 2025-05-11 13:25:55,101 autoreload File /home/G1nxx/Projects/IGI/353502_BURCHUCK_5/IGI/LR5/Parking/p_env/lib/python3.13/site-packages/django/utils/text.py first seen with mtime 1746826653.3316257
DEBUG 2025-05-11 13:25:55,101 autoreload File /home/G1nxx/Projects/IGI/353502_BURCHUCK_5/IGI/LR5/Parking/p_env/lib/python3.13/site-packages/django/core/checks/security/base.py first seen with mtime 1746826653.3053536
DEBUG 2025-05-11 13:25:55,101 autoreload File /home/G1nxx/Projects/IGI/353502_BURCHUCK_5/IGI/LR5/Parking/p_env/lib/python3.13/site-packages/django/db/backends/signals.py first seen with mtime 1746826653.3102064
DEBUG 2025-05-11 13:25:55,101 autoreload File /home/G1nxx/Projects/IGI/353502_BURCHUCK_5/IGI/LR5/Parking/p_env/lib/python3.13/site-packages/django/forms/forms.py first seen with mtime 1746826653.321297
DEBUG 2025-05-11 13:25:55,101 autoreload File /home/G1nxx/Projects/IGI/353502_BURCHUCK_5/IGI/LR5/Parking/p_env/lib/python3.13/site-packages/django/utils/version.py first seen with mtime 1746826653.3318374
DEBUG 2025-05-11 13:25:55,101 autoreload File /home/G1nxx/Projects/IGI/353502_BURCHUCK_5/IGI/LR5/Parking/p_env/lib/python3.13/site-packages/django/contrib/sites/requests.py first seen with mtime 1746826653.2933924
DEBUG 2025-05-11 13:25:55,101 autoreload File /home/G1nxx/Projects/IGI/353502_BURCHUCK_5/IGI/LR5/Parking/p_env/lib/python3.13/site-packages/urllib3/util/util.py first seen with mtime 1746920160.766683
DEBUG 2025-05-11 13:25:55,101 autoreload File /home/G1nxx/Projects/IGI/353502_BURCHUCK_5/IGI/LR5/Parking/p_env/lib/python3.13/site-packages/urllib3/util/__init__.py first seen with mtime 1746920160.7658975
DEBUG 2025-05-11 13:25:55,101 autoreload File /home/G1nxx/Projects/IGI/353502_BURCHUCK_5/IGI/LR5/Parking/p_env/lib/python3.13/site-packages/urllib3/util/connection.py first seen with mtime 1746920160.7659516
DEBUG 2025-05-11 13:25:55,101 autoreload File /home/G1nxx/Projects/IGI/353502_BURCHUCK_5/IGI/LR5/Parking/p_env/lib/python3.13/site-packages/sqlparse/filters/reindent.py first seen with mtime 1746826653.033532
DEBUG 2025-05-11 13:25:55,101 autoreload File /usr/lib/python3.13/linecache.py first seen with mtime 1744184665.0
DEBUG 2025-05-11 13:25:55,101 autoreload File /usr/lib/python3.13/subprocess.py first seen with mtime 1744184665.0
DEBUG 2025-05-11 13:25:55,101 autoreload File /usr/lib/python3.13/importlib/resources/_itertools.py first seen with mtime 1744184665.0
DEBUG 2025-05-11 13:25:55,101 autoreload File /home/G1nxx/Projects/IGI/353502_BURCHUCK_5/IGI/LR5/Parking/p_env/lib/python3.13/site-packages/requests/status_codes.py first seen with mtime 1746920160.8805187
DEBUG 2025-05-11 13:25:55,101 autoreload File /usr/lib/python3.13/lib-dynload/_opcode.cpython-313-x86_64-linux-gnu.so first seen with mtime 1744184665.0
DEBUG 2025-05-11 13:25:55,101 autoreload File /usr/lib/python3.13/contextlib.py first seen with mtime 1744184665.0
DEBUG 2025-05-11 13:25:55,101 autoreload File /home/G1nxx/Projects/IGI/353502_BURCHUCK_5/IGI/LR5/Parking/p_env/lib/python3.13/site-packages/django/apps/config.py first seen with mtime 1746826653.0894167
DEBUG 2025-05-11 13:25:55,101 autoreload File /usr/lib/python3.13/contextvars.py first seen with mtime 1744184665.0
DEBUG 2025-05-11 13:25:55,101 autoreload File /home/G1nxx/Projects/IGI/353502_BURCHUCK_5/IGI/LR5/Parking/p_env/lib/python3.13/site-packages/django/contrib/contenttypes/fields.py first seen with mtime 1746826653.206272
DEBUG 2025-05-11 13:25:55,101 autoreload File /home/G1nxx/Projects/IGI/353502_BURCHUCK_5/IGI/LR5/Parking/p_env/lib/python3.13/site-packages/django/db/models/constraints.py first seen with mtime 1746826653.3163097
DEBUG 2025-05-11 13:25:55,101 autoreload File /home/G1nxx/Projects/IGI/353502_BURCHUCK_5/IGI/LR5/Parking/p_env/lib/python3.13/site-packages/django/template/loaders/app_directories.py first seen with mtime 1746826653.3277857
DEBUG 2025-05-11 13:25:55,101 autoreload File /home/G1nxx/Projects/IGI/353502_BURCHUCK_5/IGI/LR5/Parking/p_env/lib/python3.13/site-packages/requests/cookies.py first seen with mtime 1746920160.8799248
DEBUG 2025-05-11 13:25:55,101 autoreload File /home/G1nxx/Projects/IGI/353502_BURCHUCK_5/IGI/LR5/Parking/p_env/lib/python3.13/site-packages/requests/structures.py first seen with mtime 1746920160.8805776
DEBUG 2025-05-11 13:25:55,101 autoreload File /home/G1nxx/Projects/IGI/353502_BURCHUCK_5/IGI/LR5/Parking/p_env/lib/python3.13/site-packages/django/utils/translation/__init__.py first seen with mtime 1746826653.3319964
DEBUG 2025-05-11 13:25:55,101 autoreload File /home/G1nxx/Projects/IGI/353502_BURCHUCK_5/IGI/LR5/Parking/p_env/lib/python3.13/site-packages/django/db/backends/sqlite3/schema.py first seen with mtime 1746826653.3142412
DEBUG 2025-05-11 13:25:55,101 autoreload File /usr/lib/python3.13/re/__init__.py first seen with mtime 1744184665.0
DEBUG 2025-05-11 13:25:55,101 autoreload File /usr/lib/python3.13/zoneinfo/_tzpath.py first seen with mtime 1744184665.0
DEBUG 2025-05-11 13:25:55,101 autoreload File /home/G1nxx/Projects/IGI/353502_BURCHUCK_5/IGI/LR5/Parking/p_env/lib/python3.13/site-packages/django/template/backends/django.py first seen with mtime 1746826653.327581
DEBUG 2025-05-11 13:25:55,101 autoreload File /home/G1nxx/Projects/IGI/353502_BURCHUCK_5/IGI/LR5/Parking/p_env/lib/python3.13/site-packages/django/db/models/fields/files.py first seen with mtime 1746826653.3180625
DEBUG 2025-05-11 13:25:55,101 autoreload File /usr/lib/python3.13/email/__init__.py first seen with mtime 1744184665.0
DEBUG 2025-05-11 13:25:55,101 autoreload File /usr/lib/python3.13/pathlib/__init__.py first seen with mtime 1744184665.0
DEBUG 2025-05-11 13:25:55,101 autoreload File /home/G1nxx/Projects/IGI/353502_BURCHUCK_5/IGI/LR5/Parking/p_env/lib/python3.13/site-packages/urllib3/exceptions.py first seen with mtime 1746920160.7645001
DEBUG 2025-05-11 13:25:55,101 autoreload File /usr/lib/python3.13/sysconfig/__init__.py first seen with mtime 1744184665.0
DEBUG 2025-05-11 13:25:55,101 autoreload File /home/G1nxx/Projects/IGI/353502_BURCHUCK_5/IGI/LR5/Parking/p_env/lib/python3.13/site-packages/sqlparse/filters/__init__.py first seen with mtime 1746826653.0332453
DEBUG 2025-05-11 13:25:55,101 autoreload File /usr/lib/python3.13/asyncio/base_subprocess.py first seen with mtime 1744184665.0
DEBUG 2025-05-11 13:25:55,101 autoreload File /usr/lib/python3.13/keyword.py first seen with mtime 1744184665.0
DEBUG 2025-05-11 13:25:55,101 autoreload File /home/G1nxx/Projects/IGI/353502_BURCHUCK_5/IGI/LR5/Parking/p_env/lib/python3.13/site-packages/django/utils/connection.py first seen with mtime 1746826653.330031
DEBUG 2025-05-11 13:25:55,101 autoreload File /usr/lib/python3.13/lib-dynload/select.cpython-313-x86_64-linux-gnu.so first seen with mtime 1744184665.0
DEBUG 2025-05-11 13:25:55,101 autoreload File /home/G1nxx/Projects/IGI/353502_BURCHUCK_5/IGI/LR5/Parking/p_env/lib/python3.13/site-packages/django/contrib/admin/utils.py first seen with mtime 1746826653.126093
DEBUG 2025-05-11 13:25:55,101 autoreload File /home/G1nxx/Projects/IGI/353502_BURCHUCK_5/IGI/LR5/Parking/p_env/lib/python3.13/site-packages/django/__init__.py first seen with mtime 1746826653.0891743
DEBUG 2025-05-11 13:25:55,101 autoreload File /usr/lib/python3.13/email/generator.py first seen with mtime 1744184665.0
DEBUG 2025-05-11 13:25:55,101 autoreload File /usr/lib/python3.13/urllib/error.py first seen with mtime 1744184665.0
DEBUG 2025-05-11 13:25:55,101 autoreload File /home/G1nxx/Projects/IGI/353502_BURCHUCK_5/IGI/LR5/Parking/p_env/lib/python3.13/site-packages/django/utils/translation/trans_real.py first seen with mtime 1746826653.332262
DEBUG 2025-05-11 13:25:55,101 autoreload File /home/G1nxx/Projects/IGI/353502_BURCHUCK_5/IGI/LR5/Parking/p_env/lib/python3.13/site-packages/django/db/backends/base/__init__.py first seen with mtime 1746826653.310271
DEBUG 2025-05-11 13:25:55,101 autoreload File /usr/lib/python3.13/email/charset.py first seen with mtime 1744184665.0
DEBUG 2025-05-11 13:25:55,101 autoreload File /usr/lib/python3.13/lib-dynload/_sqlite3.cpython-313-x86_64-linux-gnu.so first seen with mtime 1744184665.0
DEBUG 2025-05-11 13:25:55,101 autoreload File /home/G1nxx/Projects/IGI/353502_BURCHUCK_5/IGI/LR5/Parking/p_env/lib/python3.13/site-packages/django/views/generic/edit.py first seen with mtime 1746826653.3333137
DEBUG 2025-05-11 13:25:55,101 autoreload File /home/G1nxx/Projects/IGI/353502_BURCHUCK_5/IGI/LR5/Parking/p_env/lib/python3.13/site-packages/certifi/__init__.py first seen with mtime 1746920160.8744001
DEBUG 2025-05-11 13:25:55,101 autoreload File /usr/lib/python3.13/string.py first seen with mtime 1744184665.0
DEBUG 2025-05-11 13:25:55,101 autoreload File /home/G1nxx/Projects/IGI/353502_BURCHUCK_5/IGI/LR5/Parking/p_env/lib/python3.13/site-packages/requests/packages.py first seen with mtime 1746920160.880305
DEBUG 2025-05-11 13:25:55,101 autoreload File /usr/lib/python3.13/importlib/metadata/_itertools.py first seen with mtime 1744184665.0
DEBUG 2025-05-11 13:25:55,101 autoreload File /usr/lib/python3.13/lib-dynload/_socket.cpython-313-x86_64-linux-gnu.so first seen with mtime 1744184665.0
DEBUG 2025-05-11 13:25:55,101 autoreload File /usr/lib/python3.13/lib-dynload/_pickle.cpython-313-x86_64-linux-gnu.so first seen with mtime 1744184665.0
DEBUG 2025-05-11 13:25:55,101 autoreload File /usr/lib/python3.13/fnmatch.py first seen with mtime 1744184665.0
DEBUG 2025-05-11 13:25:55,101 autoreload File /home/G1nxx/Projects/IGI/353502_BURCHUCK_5/IGI/LR5/Parking/p_env/lib/python3.13/site-packages/django/db/models/fields/reverse_related.py first seen with mtime 1746826653.3188896
DEBUG 2025-05-11 13:25:55,101 autoreload File /home/G1nxx/Projects/IGI/353502_BURCHUCK_5/IGI/LR5/Parking/p_env/lib/python3.13/site-packages/django/contrib/staticfiles/management/commands/runserver.py first seen with mtime 1746826653.3036323
DEBUG 2025-05-11 13:25:55,102 autoreload File /usr/lib/python3.13/lib-dynload/_contextvars.cpython-313-x86_64-linux-gnu.so first seen with mtime 1744184665.0
DEBUG 2025-05-11 13:25:55,102 autoreload File /home/G1nxx/Projects/IGI/353502_BURCHUCK_5/IGI/LR5/Parking/p_env/lib/python3.13/site-packages/sqlparse/sql.py first seen with mtime 1746826653.0327187
DEBUG 2025-05-11 13:25:55,102 autoreload File /usr/lib/python3.13/importlib/readers.py first seen with mtime 1744184665.0
DEBUG 2025-05-11 13:25:55,102 autoreload File /home/G1nxx/Projects/IGI/353502_BURCHUCK_5/IGI/LR5/Parking/p_env/lib/python3.13/site-packages/django/core/checks/security/__init__.py first seen with mtime 1746826653.3052757
DEBUG 2025-05-11 13:25:55,102 autoreload File /usr/lib/python3.13/importlib/metadata/_collections.py first seen with mtime 1744184665.0
DEBUG 2025-05-11 13:25:55,102 autoreload File /home/G1nxx/Projects/IGI/353502_BURCHUCK_5/IGI/LR5/Parking/p_env/lib/python3.13/site-packages/django/templatetags/cache.py first seen with mtime 1746826653.328039
DEBUG 2025-05-11 13:25:55,102 autoreload File /usr/lib/python3.13/warnings.py first seen with mtime 1744184665.0
DEBUG 2025-05-11 13:25:55,102 autoreload File /home/G1nxx/Projects/IGI/353502_BURCHUCK_5/IGI/LR5/Parking/p_env/lib/python3.13/site-packages/django/contrib/auth/checks.py first seen with mtime 1746826653.1871114
DEBUG 2025-05-11 13:25:55,102 autoreload File /usr/lib/python3.13/wsgiref/simple_server.py first seen with mtime 1744184665.0
DEBUG 2025-05-11 13:25:55,102 autoreload File /usr/lib/python3.13/asyncio/futures.py first seen with mtime 1744184665.0
DEBUG 2025-05-11 13:25:55,102 autoreload File /usr/lib/python3.13/textwrap.py first seen with mtime 1744184665.0
DEBUG 2025-05-11 13:25:55,102 autoreload File /usr/lib/python3.13/email/mime/base.py first seen with mtime 1744184665.0
DEBUG 2025-05-11 13:25:55,102 autoreload File /home/G1nxx/Projects/IGI/353502_BURCHUCK_5/IGI/LR5/Parking/p_env/lib/python3.13/site-packages/django/contrib/auth/hashers.py first seen with mtime 1746826653.1875288
DEBUG 2025-05-11 13:25:55,102 autoreload File /home/G1nxx/Projects/IGI/353502_BURCHUCK_5/IGI/LR5/Parking/p_env/lib/python3.13/site-packages/django/utils/timezone.py first seen with mtime 1746826653.331739
DEBUG 2025-05-11 13:25:55,102 autoreload File /usr/lib/python3.13/functools.py first seen with mtime 1744184665.0
DEBUG 2025-05-11 13:25:55,102 autoreload File /usr/lib/python3.13/concurrent/futures/_base.py first seen with mtime 1744184665.0
DEBUG 2025-05-11 13:25:55,102 autoreload File /home/G1nxx/Projects/IGI/353502_BURCHUCK_5/IGI/LR5/Parking/p_env/lib/python3.13/site-packages/urllib3/fields.py first seen with mtime 1746920160.764582
DEBUG 2025-05-11 13:25:55,102 autoreload File /usr/lib/python3.13/multiprocessing/process.py first seen with mtime 1744184665.0
DEBUG 2025-05-11 13:25:55,102 autoreload File /usr/lib/python3.13/glob.py first seen with mtime 1744184665.0
DEBUG 2025-05-11 13:25:55,102 autoreload File /home/G1nxx/Projects/IGI/353502_BURCHUCK_5/IGI/LR5/Parking/p_env/lib/python3.13/site-packages/django/db/backends/base/base.py first seen with mtime 1746826653.3104177
DEBUG 2025-05-11 13:25:55,102 autoreload File /home/G1nxx/Projects/IGI/353502_BURCHUCK_5/IGI/LR5/Parking/p_env/lib/python3.13/site-packages/django/urls/resolvers.py first seen with mtime 1746826653.3295238
DEBUG 2025-05-11 13:25:55,102 autoreload File /home/G1nxx/Projects/IGI/353502_BURCHUCK_5/IGI/LR5/Parking/p_env/lib/python3.13/site-packages/django/db/models/__init__.py first seen with mtime 1746826653.3158054
DEBUG 2025-05-11 13:25:55,102 autoreload File /usr/lib/python3.13/importlib/metadata/__init__.py first seen with mtime 1744184665.0
DEBUG 2025-05-11 13:25:55,102 autoreload File /usr/lib/python3.13/platform.py first seen with mtime 1744184665.0
DEBUG 2025-05-11 13:25:55,102 autoreload File /usr/lib/python3.13/asyncio/runners.py first seen with mtime 1744184665.0
DEBUG 2025-05-11 13:25:55,102 autoreload File /home/G1nxx/Projects/IGI/353502_BURCHUCK_5/IGI/LR5/Parking/p_env/lib/python3.13/site-packages/requests/utils.py first seen with mtime 1746920160.8807678
DEBUG 2025-05-11 13:25:55,102 autoreload File /home/G1nxx/Projects/IGI/353502_BURCHUCK_5/IGI/LR5/Parking/p_env/lib/python3.13/site-packages/django/forms/utils.py first seen with mtime 1746826653.3217359
DEBUG 2025-05-11 13:25:55,102 autoreload File /usr/lib/python3.13/urllib/response.py first seen with mtime 1744184665.0
DEBUG 2025-05-11 13:25:55,102 autoreload File /home/G1nxx/Projects/IGI/353502_BURCHUCK_5/IGI/LR5/Parking/p_env/lib/python3.13/site-packages/django/core/files/storage/__init__.py first seen with mtime 1746826653.3058674
DEBUG 2025-05-11 13:25:55,102 autoreload File /home/G1nxx/Projects/IGI/353502_BURCHUCK_5/IGI/LR5/Parking/auto_car/views.py first seen with mtime 1746968535.4294195
DEBUG 2025-05-11 13:25:55,102 autoreload File /usr/lib/python3.13/sqlite3/__init__.py first seen with mtime 1744184665.0
DEBUG 2025-05-11 13:25:55,102 autoreload File /home/G1nxx/Projects/IGI/353502_BURCHUCK_5/IGI/LR5/Parking/p_env/lib/python3.13/site-packages/django/apps/__init__.py first seen with mtime 1746826653.0893476
DEBUG 2025-05-11 13:25:55,102 autoreload File /usr/lib/python3.13/asyncio/base_futures.py first seen with mtime 1744184665.0
DEBUG 2025-05-11 13:25:55,102 autoreload File /home/G1nxx/Projects/IGI/353502_BURCHUCK_5/IGI/LR5/Parking/p_env/lib/python3.13/site-packages/django/dispatch/dispatcher.py first seen with mtime 1746826653.3208299
DEBUG 2025-05-11 13:25:55,102 autoreload File /home/G1nxx/Projects/IGI/353502_BURCHUCK_5/IGI/LR5/Parking/p_env/lib/python3.13/site-packages/django/views/static.py first seen with mtime 1746826653.3326397
DEBUG 2025-05-11 13:25:55,102 autoreload File /home/G1nxx/Projects/IGI/353502_BURCHUCK_5/IGI/LR5/Parking/p_env/lib/python3.13/site-packages/sqlparse/keywords.py first seen with mtime 1746826653.0325384
DEBUG 2025-05-11 13:25:55,102 autoreload File /home/G1nxx/Projects/IGI/353502_BURCHUCK_5/IGI/LR5/Parking/p_env/lib/python3.13/site-packages/django/core/validators.py first seen with mtime 1746826653.3041286
DEBUG 2025-05-11 13:25:55,102 autoreload File /usr/lib/python3.13/numbers.py first seen with mtime 1744184665.0
DEBUG 2025-05-11 13:25:55,102 autoreload File /home/G1nxx/Projects/IGI/353502_BURCHUCK_5/IGI/LR5/Parking/p_env/lib/python3.13/site-packages/django/contrib/admin/templatetags/log.py first seen with mtime 1746826653.1724217
DEBUG 2025-05-11 13:25:55,102 autoreload File /home/G1nxx/Projects/IGI/353502_BURCHUCK_5/IGI/LR5/Parking/p_env/lib/python3.13/site-packages/django/utils/datastructures.py first seen with mtime 1746826653.3301406
DEBUG 2025-05-11 13:25:55,102 autoreload File /home/G1nxx/Projects/IGI/353502_BURCHUCK_5/IGI/LR5/Parking/p_env/lib/python3.13/site-packages/django/conf/locale/__init__.py first seen with mtime 1746826653.089985
DEBUG 2025-05-11 13:25:55,102 autoreload File /usr/lib/python3.13/_compression.py first seen with mtime 1744184665.0
DEBUG 2025-05-11 13:25:55,102 autoreload File /home/G1nxx/Projects/IGI/353502_BURCHUCK_5/IGI/LR5/Parking/p_env/lib/python3.13/site-packages/django/contrib/admin/actions.py first seen with mtime 1746826653.1247075
DEBUG 2025-05-11 13:25:55,102 autoreload File /usr/lib/python3.13/asyncio/log.py first seen with mtime 1744184665.0
DEBUG 2025-05-11 13:25:55,102 autoreload File /usr/lib/python3.13/multiprocessing/reduction.py first seen with mtime 1744184665.0
DEBUG 2025-05-11 13:25:55,102 autoreload File /home/G1nxx/Projects/IGI/353502_BURCHUCK_5/IGI/LR5/Parking/p_env/lib/python3.13/site-packages/django/templatetags/i18n.py first seen with mtime 1746826653.3281217
DEBUG 2025-05-11 13:25:55,102 autoreload File /usr/lib/python3.13/fractions.py first seen with mtime 1744184665.0
DEBUG 2025-05-11 13:25:55,102 autoreload File /home/G1nxx/Projects/IGI/353502_BURCHUCK_5/IGI/LR5/Parking/p_env/lib/python3.13/site-packages/django/db/models/fields/related_lookups.py first seen with mtime 1746826653.3188128
DEBUG 2025-05-11 13:25:55,102 autoreload File /home/G1nxx/Projects/IGI/353502_BURCHUCK_5/IGI/LR5/Parking/p_env/lib/python3.13/site-packages/django/db/models/functions/window.py first seen with mtime 1746826653.3193748
DEBUG 2025-05-11 13:25:55,102 autoreload File /home/G1nxx/Projects/IGI/353502_BURCHUCK_5/IGI/LR5/Parking/p_env/lib/python3.13/site-packages/django/contrib/staticfiles/management/commands/__init__.py first seen with mtime 1746826653.3034823
DEBUG 2025-05-11 13:25:55,102 autoreload File /usr/lib/python3.13/email/_parseaddr.py first seen with mtime 1744184665.0
DEBUG 2025-05-11 13:25:55,102 autoreload File /usr/lib/python3.13/importlib/__init__.py first seen with mtime 1744184665.0
DEBUG 2025-05-11 13:25:55,102 autoreload File /usr/lib/python3.13/encodings/aliases.py first seen with mtime 1744184665.0
DEBUG 2025-05-11 13:25:55,102 autoreload File /home/G1nxx/Projects/IGI/353502_BURCHUCK_5/IGI/LR5/Parking/p_env/lib/python3.13/site-packages/idna/core.py first seen with mtime 1746920160.8090105
DEBUG 2025-05-11 13:25:55,102 autoreload File /home/G1nxx/Projects/IGI/353502_BURCHUCK_5/IGI/LR5/Parking/p_env/lib/python3.13/site-packages/django/utils/deconstruct.py first seen with mtime 1746826653.3303533
DEBUG 2025-05-11 13:25:55,102 autoreload File /home/G1nxx/Projects/IGI/353502_BURCHUCK_5/IGI/LR5/Parking/p_env/lib/python3.13/site-packages/urllib3/util/response.py first seen with mtime 1746920160.7661412
DEBUG 2025-05-11 13:25:55,102 autoreload File /usr/lib/python3.13/email/mime/nonmultipart.py first seen with mtime 1744184665.0
DEBUG 2025-05-11 13:25:55,102 autoreload File /home/G1nxx/Projects/IGI/353502_BURCHUCK_5/IGI/LR5/Parking/p_env/lib/python3.13/site-packages/sqlparse/__init__.py first seen with mtime 1746826653.0321329
DEBUG 2025-05-11 13:25:55,102 autoreload File /home/G1nxx/Projects/IGI/353502_BURCHUCK_5/IGI/LR5/Parking/p_env/lib/python3.13/site-packages/django/db/backends/sqlite3/operations.py first seen with mtime 1746826653.3141556
DEBUG 2025-05-11 13:25:55,102 autoreload File /home/G1nxx/Projects/IGI/353502_BURCHUCK_5/IGI/LR5/Parking/p_env/lib/python3.13/site-packages/django/db/migrations/__init__.py first seen with mtime 1746826653.3142955
DEBUG 2025-05-11 13:25:55,102 autoreload File /home/G1nxx/Projects/IGI/353502_BURCHUCK_5/IGI/LR5/Parking/p_env/lib/python3.13/site-packages/django/contrib/messages/__init__.py first seen with mtime 1746826653.2604277
DEBUG 2025-05-11 13:25:55,102 autoreload File /home/G1nxx/Projects/IGI/353502_BURCHUCK_5/IGI/LR5/Parking/p_env/lib/python3.13/site-packages/django/template/response.py first seen with mtime 1746826653.3272793
DEBUG 2025-05-11 13:25:55,103 autoreload File /usr/lib/python3.13/lib-dynload/_hashlib.cpython-313-x86_64-linux-gnu.so first seen with mtime 1744184665.0
DEBUG 2025-05-11 13:25:55,103 autoreload File /usr/lib/python3.13/token.py first seen with mtime 1744184665.0
DEBUG 2025-05-11 13:25:55,103 autoreload File /home/G1nxx/Projects/IGI/353502_BURCHUCK_5/IGI/LR5/Parking/p_env/lib/python3.13/site-packages/django/contrib/admin/helpers.py first seen with mtime 1746826653.1251607
DEBUG 2025-05-11 13:25:55,103 autoreload File /home/G1nxx/Projects/IGI/353502_BURCHUCK_5/IGI/LR5/Parking/p_env/lib/python3.13/site-packages/django/contrib/auth/signals.py first seen with mtime 1746826653.187825
DEBUG 2025-05-11 13:25:55,103 autoreload File /usr/lib/python3.13/asyncio/trsock.py first seen with mtime 1744184665.0
DEBUG 2025-05-11 13:25:55,103 autoreload File /home/G1nxx/Projects/IGI/353502_BURCHUCK_5/IGI/LR5/Parking/p_env/lib/python3.13/site-packages/django/utils/numberformat.py first seen with mtime 1746826653.33137
DEBUG 2025-05-11 13:25:55,103 autoreload File /home/G1nxx/Projects/IGI/353502_BURCHUCK_5/IGI/LR5/Parking/p_env/lib/python3.13/site-packages/django/db/backends/base/operations.py first seen with mtime 1746826653.3108099
DEBUG 2025-05-11 13:25:55,103 autoreload File /usr/lib/python3.13/logging/__init__.py first seen with mtime 1744184665.0
DEBUG 2025-05-11 13:25:55,103 autoreload File /home/G1nxx/Projects/IGI/353502_BURCHUCK_5/IGI/LR5/Parking/p_env/lib/python3.13/site-packages/requests/_internal_utils.py first seen with mtime 1746920160.8794744
DEBUG 2025-05-11 13:25:55,103 autoreload File /home/G1nxx/Projects/IGI/353502_BURCHUCK_5/IGI/LR5/Parking/p_env/lib/python3.13/site-packages/django/core/signing.py first seen with mtime 1746826653.304042
DEBUG 2025-05-11 13:25:55,103 autoreload File /usr/lib/python3.13/html/entities.py first seen with mtime 1744184665.0
DEBUG 2025-05-11 13:25:55,103 autoreload File /usr/lib/python3.13/asyncio/selector_events.py first seen with mtime 1744184665.0
DEBUG 2025-05-11 13:25:55,103 autoreload File /usr/lib/python3.13/lib-dynload/_datetime.cpython-313-x86_64-linux-gnu.so first seen with mtime 1744184665.0
DEBUG 2025-05-11 13:25:55,103 autoreload File /home/G1nxx/Projects/IGI/353502_BURCHUCK_5/IGI/LR5/Parking/p_env/lib/python3.13/site-packages/django/core/files/storage/base.py first seen with mtime 1746826653.3059242
DEBUG 2025-05-11 13:25:55,103 autoreload File /home/G1nxx/Projects/IGI/353502_BURCHUCK_5/IGI/LR5/Parking/p_env/lib/python3.13/site-packages/django/core/cache/backends/__init__.py first seen with mtime 1746826653.304303
DEBUG 2025-05-11 13:25:55,103 autoreload File /usr/lib/python3.13/http/server.py first seen with mtime 1744184665.0
DEBUG 2025-05-11 13:25:55,103 autoreload File /home/G1nxx/Projects/IGI/353502_BURCHUCK_5/IGI/LR5/Parking/p_env/lib/python3.13/site-packages/django/contrib/staticfiles/__init__.py first seen with mtime 1746826653.30295
DEBUG 2025-05-11 13:25:55,103 autoreload File /home/G1nxx/Projects/IGI/353502_BURCHUCK_5/IGI/LR5/Parking/p_env/lib/python3.13/site-packages/charset_normalizer/cd.py first seen with mtime 1746920160.8558922
DEBUG 2025-05-11 13:25:55,103 autoreload File /home/G1nxx/Projects/IGI/353502_BURCHUCK_5/IGI/LR5/Parking/p_env/lib/python3.13/site-packages/django/db/migrations/utils.py first seen with mtime 1746826653.3153183
DEBUG 2025-05-11 13:25:55,103 autoreload File /usr/lib/python3.13/importlib/resources/_common.py first seen with mtime 1744184665.0
DEBUG 2025-05-11 13:25:55,103 autoreload File /home/G1nxx/Projects/IGI/353502_BURCHUCK_5/IGI/LR5/Parking/p_env/lib/python3.13/site-packages/django/contrib/auth/decorators.py first seen with mtime 1746826653.1873164
DEBUG 2025-05-11 13:25:55,103 autoreload File /usr/lib/python3.13/ssl.py first seen with mtime 1744184665.0
DEBUG 2025-05-11 13:25:55,103 autoreload File /usr/lib/python3.13/concurrent/futures/thread.py first seen with mtime 1744184665.0
DEBUG 2025-05-11 13:25:55,103 autoreload File /home/G1nxx/Projects/IGI/353502_BURCHUCK_5/IGI/LR5/Parking/p_env/lib/python3.13/site-packages/django/utils/formats.py first seen with mtime 1746826653.3307388
DEBUG 2025-05-11 13:25:55,103 autoreload File /home/G1nxx/Projects/IGI/353502_BURCHUCK_5/IGI/LR5/Parking/p_env/lib/python3.13/site-packages/urllib3/util/proxy.py first seen with mtime 1746920160.766007
DEBUG 2025-05-11 13:25:55,103 autoreload File /home/G1nxx/Projects/IGI/353502_BURCHUCK_5/IGI/LR5/Parking/p_env/lib/python3.13/site-packages/django/template/autoreload.py first seen with mtime 1746826653.3262572
DEBUG 2025-05-11 13:25:55,103 autoreload File /usr/lib/python3.13/email/mime/message.py first seen with mtime 1744184665.0
DEBUG 2025-05-11 13:25:55,103 autoreload File /home/G1nxx/Projects/IGI/353502_BURCHUCK_5/IGI/LR5/Parking/p_env/lib/python3.13/site-packages/django/db/backends/sqlite3/introspection.py first seen with mtime 1746826653.3140767
DEBUG 2025-05-11 13:25:55,103 autoreload File /home/G1nxx/Projects/IGI/353502_BURCHUCK_5/IGI/LR5/Parking/p_env/lib/python3.13/site-packages/django/contrib/admin/templatetags/base.py first seen with mtime 1746826653.17238
DEBUG 2025-05-11 13:25:55,103 autoreload File /home/G1nxx/Projects/IGI/353502_BURCHUCK_5/IGI/LR5/Parking/p_env/lib/python3.13/site-packages/django/core/checks/urls.py first seen with mtime 1746826653.3052127
DEBUG 2025-05-11 13:25:55,103 autoreload File /home/G1nxx/Projects/IGI/353502_BURCHUCK_5/IGI/LR5/Parking/p_env/lib/python3.13/site-packages/django/utils/log.py first seen with mtime 1746826653.3312194
DEBUG 2025-05-11 13:25:55,103 autoreload File /home/G1nxx/Projects/IGI/353502_BURCHUCK_5/IGI/LR5/Parking/p_env/lib/python3.13/site-packages/asgiref/sync.py first seen with mtime 1746826653.0572398
DEBUG 2025-05-11 13:25:55,103 autoreload File /home/G1nxx/Projects/IGI/353502_BURCHUCK_5/IGI/LR5/Parking/p_env/lib/python3.13/site-packages/django/templatetags/__init__.py first seen with mtime 1746826653.3279665
DEBUG 2025-05-11 13:25:55,103 autoreload File /home/G1nxx/Projects/IGI/353502_BURCHUCK_5/IGI/LR5/Parking/p_env/lib/python3.13/site-packages/django/db/backends/ddl_references.py first seen with mtime 1746826653.310169
DEBUG 2025-05-11 13:25:55,103 autoreload File /home/G1nxx/Projects/IGI/353502_BURCHUCK_5/IGI/LR5/Parking/p_env/lib/python3.13/site-packages/django/middleware/csrf.py first seen with mtime 1746826653.325997
DEBUG 2025-05-11 13:25:55,103 autoreload File /home/G1nxx/Projects/IGI/353502_BURCHUCK_5/IGI/LR5/Parking/manage.py first seen with mtime 1746826749.0879724
DEBUG 2025-05-11 13:25:55,103 autoreload File /usr/lib/python3.13/base64.py first seen with mtime 1744184665.0
DEBUG 2025-05-11 13:25:55,103 autoreload File /usr/lib/python3.13/asyncio/transports.py first seen with mtime 1744184665.0
DEBUG 2025-05-11 13:25:55,103 autoreload File /home/G1nxx/Projects/IGI/353502_BURCHUCK_5/IGI/LR5/Parking/p_env/lib/python3.13/site-packages/django/core/__init__.py first seen with mtime 1746826653.3037477
DEBUG 2025-05-11 13:25:55,103 autoreload File /usr/lib/python3.13/locale.py first seen with mtime 1744184665.0
DEBUG 2025-05-11 13:25:55,103 autoreload File /home/G1nxx/Projects/IGI/353502_BURCHUCK_5/IGI/LR5/Parking/p_env/lib/python3.13/site-packages/django/db/models/enums.py first seen with mtime 1746826653.3164563
DEBUG 2025-05-11 13:25:55,103 autoreload File /usr/lib/python3.13/struct.py first seen with mtime 1744184665.0
DEBUG 2025-05-11 13:25:55,103 autoreload File /home/G1nxx/Projects/IGI/353502_BURCHUCK_5/IGI/LR5/Parking/p_env/lib/python3.13/site-packages/django/urls/base.py first seen with mtime 1746826653.3293037
DEBUG 2025-05-11 13:25:55,103 autoreload File /usr/lib/python3.13/lib-dynload/_statistics.cpython-313-x86_64-linux-gnu.so first seen with mtime 1744184665.0
DEBUG 2025-05-11 13:25:55,103 autoreload File /home/G1nxx/Projects/IGI/353502_BURCHUCK_5/IGI/LR5/Parking/p_env/lib/python3.13/site-packages/idna/__init__.py first seen with mtime 1746920160.8088124
DEBUG 2025-05-11 13:25:55,103 autoreload File /home/G1nxx/Projects/IGI/353502_BURCHUCK_5/IGI/LR5/Parking/p_env/lib/python3.13/site-packages/django/contrib/messages/storage/__init__.py first seen with mtime 1746826653.2607493
DEBUG 2025-05-11 13:25:55,103 autoreload File /usr/lib/python3.13/__future__.py first seen with mtime 1744184665.0
DEBUG 2025-05-11 13:25:55,103 autoreload File /home/G1nxx/Projects/IGI/353502_BURCHUCK_5/IGI/LR5/Parking/p_env/lib/python3.13/site-packages/django/core/checks/caches.py first seen with mtime 1746826653.304829
DEBUG 2025-05-11 13:25:55,103 autoreload File /home/G1nxx/Projects/IGI/353502_BURCHUCK_5/IGI/LR5/Parking/p_env/lib/python3.13/site-packages/urllib3/util/retry.py first seen with mtime 1746920160.7662375
DEBUG 2025-05-11 13:25:55,103 autoreload File /usr/lib/python3.13/email/mime/multipart.py first seen with mtime 1744184665.0
DEBUG 2025-05-11 13:25:55,103 autoreload File /usr/lib/python3.13/heapq.py first seen with mtime 1744184665.0
DEBUG 2025-05-11 13:25:55,103 autoreload File /home/G1nxx/Projects/IGI/353502_BURCHUCK_5/IGI/LR5/Parking/p_env/lib/python3.13/site-packages/charset_normalizer/md__mypyc.cpython-313-x86_64-linux-gnu.so first seen with mtime 1746920160.857332
DEBUG 2025-05-11 13:25:55,103 autoreload File /usr/lib/python3.13/lib-dynload/_posixsubprocess.cpython-313-x86_64-linux-gnu.so first seen with mtime 1744184665.0
DEBUG 2025-05-11 13:25:55,103 autoreload File /home/G1nxx/Projects/IGI/353502_BURCHUCK_5/IGI/LR5/Parking/p_env/lib/python3.13/site-packages/django/contrib/admin/templatetags/admin_modify.py first seen with mtime 1746826653.17229
DEBUG 2025-05-11 13:25:55,103 autoreload File /home/G1nxx/Projects/IGI/353502_BURCHUCK_5/IGI/LR5/Parking/p_env/lib/python3.13/site-packages/django/db/models/fields/mixins.py first seen with mtime 1746826653.3183117
DEBUG 2025-05-11 13:25:55,103 autoreload File /home/G1nxx/Projects/IGI/353502_BURCHUCK_5/IGI/LR5/Parking/p_env/lib/python3.13/site-packages/django/template/engine.py first seen with mtime 1746826653.3268855
DEBUG 2025-05-11 13:25:55,103 autoreload File /home/G1nxx/Projects/IGI/353502_BURCHUCK_5/IGI/LR5/Parking/p_env/lib/python3.13/site-packages/django/core/checks/model_checks.py first seen with mtime 1746826653.3050547
DEBUG 2025-05-11 13:25:55,103 autoreload File /home/G1nxx/Projects/IGI/353502_BURCHUCK_5/IGI/LR5/Parking/p_env/lib/python3.13/site-packages/django/views/generic/list.py first seen with mtime 1746826653.3333702
DEBUG 2025-05-11 13:25:55,103 autoreload File /usr/lib/python3.13/argparse.py first seen with mtime 1744184665.0
DEBUG 2025-05-11 13:25:55,103 autoreload File /home/G1nxx/Projects/IGI/353502_BURCHUCK_5/IGI/LR5/Parking/auto_car/__init__.py first seen with mtime 1746827189.2084978
DEBUG 2025-05-11 13:25:55,103 autoreload File /home/G1nxx/Projects/IGI/353502_BURCHUCK_5/IGI/LR5/Parking/p_env/lib/python3.13/site-packages/django/utils/decorators.py first seen with mtime 1746826653.3304129
DEBUG 2025-05-11 13:25:55,103 autoreload File /home/G1nxx/Projects/IGI/353502_BURCHUCK_5/IGI/LR5/Parking/p_env/lib/python3.13/site-packages/django/contrib/staticfiles/apps.py first seen with mtime 1746826653.3030365
DEBUG 2025-05-11 13:25:55,104 autoreload File /usr/lib/python3.13/asyncio/threads.py first seen with mtime 1744184665.0
DEBUG 2025-05-11 13:25:55,104 autoreload File /usr/lib/python3.13/opcode.py first seen with mtime 1744184665.0
DEBUG 2025-05-11 13:25:55,104 autoreload File /home/G1nxx/Projects/IGI/353502_BURCHUCK_5/IGI/LR5/Parking/parking/settings.py first seen with mtime 1746969927.3050702
DEBUG 2025-05-11 13:25:55,104 autoreload File /usr/lib/python3.13/hashlib.py first seen with mtime 1744184665.0
DEBUG 2025-05-11 13:25:55,104 autoreload File /home/G1nxx/Projects/IGI/353502_BURCHUCK_5/IGI/LR5/Parking/p_env/lib/python3.13/site-packages/urllib3/__init__.py first seen with mtime 1746920160.7634416
DEBUG 2025-05-11 13:25:55,104 autoreload File /home/G1nxx/Projects/IGI/353502_BURCHUCK_5/IGI/LR5/Parking/p_env/lib/python3.13/site-packages/django/conf/global_settings.py first seen with mtime 1746826653.0896914
DEBUG 2025-05-11 13:25:55,104 autoreload File /home/G1nxx/Projects/IGI/353502_BURCHUCK_5/IGI/LR5/Parking/p_env/lib/python3.13/site-packages/django/db/backends/sqlite3/features.py first seen with mtime 1746826653.3139977
DEBUG 2025-05-11 13:25:55,104 autoreload File /home/G1nxx/Projects/IGI/353502_BURCHUCK_5/IGI/LR5/Parking/p_env/lib/python3.13/site-packages/django/core/files/storage/memory.py first seen with mtime 1746826653.3060863
DEBUG 2025-05-11 13:25:55,104 autoreload File /usr/lib/python3.13/asyncio/constants.py first seen with mtime 1744184665.0
DEBUG 2025-05-11 13:25:55,104 autoreload File /home/G1nxx/Projects/IGI/353502_BURCHUCK_5/IGI/LR5/Parking/p_env/lib/python3.13/site-packages/charset_normalizer/constant.py first seen with mtime 1746920160.8560767
DEBUG 2025-05-11 13:25:55,104 autoreload File /usr/lib/python3.13/uuid.py first seen with mtime 1744184665.0
DEBUG 2025-05-11 13:25:55,104 autoreload File /home/G1nxx/Projects/IGI/353502_BURCHUCK_5/IGI/LR5/Parking/p_env/lib/python3.13/site-packages/django/db/migrations/recorder.py first seen with mtime 1746826653.3150463
DEBUG 2025-05-11 13:25:55,104 autoreload File /home/G1nxx/Projects/IGI/353502_BURCHUCK_5/IGI/LR5/Parking/p_env/lib/python3.13/site-packages/urllib3/util/request.py first seen with mtime 1746920160.7660851
DEBUG 2025-05-11 13:25:55,104 autoreload File /home/G1nxx/Projects/IGI/353502_BURCHUCK_5/IGI/LR5/Parking/p_env/lib/python3.13/site-packages/django/core/files/storage/filesystem.py first seen with mtime 1746826653.3059876
DEBUG 2025-05-11 13:25:55,104 autoreload File /usr/lib/python3.13/bz2.py first seen with mtime 1744184665.0
DEBUG 2025-05-11 13:25:55,104 autoreload File /home/G1nxx/Projects/IGI/353502_BURCHUCK_5/IGI/LR5/Parking/p_env/lib/python3.13/site-packages/django/contrib/contenttypes/models.py first seen with mtime 1746826653.2063835
DEBUG 2025-05-11 13:25:55,104 autoreload File /home/G1nxx/Projects/IGI/353502_BURCHUCK_5/IGI/LR5/Parking/p_env/lib/python3.13/site-packages/django/core/checks/commands.py first seen with mtime 1746826653.3048685
DEBUG 2025-05-11 13:25:55,104 autoreload File /home/G1nxx/Projects/IGI/353502_BURCHUCK_5/IGI/LR5/Parking/p_env/lib/python3.13/site-packages/django/contrib/auth/validators.py first seen with mtime 1746826653.1879573
DEBUG 2025-05-11 13:25:55,104 autoreload File /home/G1nxx/Projects/IGI/353502_BURCHUCK_5/IGI/LR5/Parking/p_env/lib/python3.13/site-packages/django/utils/_os.py first seen with mtime 1746826653.32964
DEBUG 2025-05-11 13:25:55,104 autoreload File /home/G1nxx/Projects/IGI/353502_BURCHUCK_5/IGI/LR5/Parking/p_env/lib/python3.13/site-packages/requests/__init__.py first seen with mtime 1746920160.8793557
DEBUG 2025-05-11 13:25:55,104 autoreload File /home/G1nxx/Projects/IGI/353502_BURCHUCK_5/IGI/LR5/Parking/p_env/lib/python3.13/site-packages/django/core/servers/__init__.py first seen with mtime 1746826653.3097808
DEBUG 2025-05-11 13:25:55,104 autoreload File /home/G1nxx/Projects/IGI/353502_BURCHUCK_5/IGI/LR5/Parking/p_env/lib/python3.13/site-packages/django/db/models/options.py first seen with mtime 1746826653.3170826
DEBUG 2025-05-11 13:25:55,104 autoreload File /usr/lib/python3.13/gettext.py first seen with mtime 1744184665.0
DEBUG 2025-05-11 13:25:55,104 autoreload File /usr/lib/python3.13/inspect.py first seen with mtime 1744184665.0
DEBUG 2025-05-11 13:25:55,104 autoreload File /home/G1nxx/Projects/IGI/353502_BURCHUCK_5/IGI/LR5/Parking/p_env/lib/python3.13/site-packages/asgiref/current_thread_executor.py first seen with mtime 1746826653.056976
DEBUG 2025-05-11 13:25:55,104 autoreload File /usr/lib/python3.13/_colorize.py first seen with mtime 1744184665.0
DEBUG 2025-05-11 13:25:55,104 autoreload File /home/G1nxx/Projects/IGI/353502_BURCHUCK_5/IGI/LR5/Parking/p_env/lib/python3.13/site-packages/sqlparse/engine/grouping.py first seen with mtime 1746826653.0331268
DEBUG 2025-05-11 13:25:55,104 autoreload File /home/G1nxx/Projects/IGI/353502_BURCHUCK_5/IGI/LR5/Parking/p_env/lib/python3.13/site-packages/charset_normalizer/api.py first seen with mtime 1746920160.8557947
DEBUG 2025-05-11 13:25:55,104 autoreload File /home/G1nxx/Projects/IGI/353502_BURCHUCK_5/IGI/LR5/Parking/p_env/lib/python3.13/site-packages/django/core/serializers/base.py first seen with mtime 1746826653.3094938
DEBUG 2025-05-11 13:25:55,104 autoreload File /usr/lib/python3.13/email/utils.py first seen with mtime 1744184665.0
DEBUG 2025-05-11 13:25:55,104 autoreload File /home/G1nxx/Projects/IGI/353502_BURCHUCK_5/IGI/LR5/Parking/p_env/lib/python3.13/site-packages/urllib3/filepost.py first seen with mtime 1746920160.76464
DEBUG 2025-05-11 13:25:55,104 autoreload File /home/G1nxx/Projects/IGI/353502_BURCHUCK_5/IGI/LR5/Parking/p_env/lib/python3.13/site-packages/charset_normalizer/legacy.py first seen with mtime 1746920160.8561516
DEBUG 2025-05-11 13:25:55,104 autoreload File /home/G1nxx/Projects/IGI/353502_BURCHUCK_5/IGI/LR5/Parking/p_env/lib/python3.13/site-packages/charset_normalizer/utils.py first seen with mtime 1746920160.857556
DEBUG 2025-05-11 13:25:55,104 autoreload File /home/G1nxx/Projects/IGI/353502_BURCHUCK_5/IGI/LR5/Parking/p_env/lib/python3.13/site-packages/django/db/models/functions/datetime.py first seen with mtime 1746826653.319139
DEBUG 2025-05-11 13:25:55,104 autoreload File /home/G1nxx/Projects/IGI/353502_BURCHUCK_5/IGI/LR5/Parking/p_env/lib/python3.13/site-packages/django/db/migrations/questioner.py first seen with mtime 1746826653.3149946
DEBUG 2025-05-11 13:25:55,104 autoreload File /usr/lib/python3.13/lib-dynload/_uuid.cpython-313-x86_64-linux-gnu.so first seen with mtime 1744184665.0
DEBUG 2025-05-11 13:25:55,104 autoreload File /home/G1nxx/Projects/IGI/353502_BURCHUCK_5/IGI/LR5/Parking/p_env/lib/python3.13/site-packages/django/db/models/manager.py first seen with mtime 1746826653.3169432
DEBUG 2025-05-11 13:25:55,104 autoreload File /usr/lib/python3.13/json/__init__.py first seen with mtime 1744184665.0
DEBUG 2025-05-11 13:25:55,104 autoreload File /home/G1nxx/Projects/IGI/353502_BURCHUCK_5/IGI/LR5/Parking/p_env/lib/python3.13/site-packages/django/forms/renderers.py first seen with mtime 1746826653.3216763
DEBUG 2025-05-11 13:25:55,104 autoreload File /usr/lib/python3.13/_weakrefset.py first seen with mtime 1744184665.0
DEBUG 2025-05-11 13:25:55,104 autoreload File /home/G1nxx/Projects/IGI/353502_BURCHUCK_5/IGI/LR5/Parking/p_env/lib/python3.13/site-packages/django/utils/dateformat.py first seen with mtime 1746826653.330206
DEBUG 2025-05-11 13:25:55,104 autoreload File /home/G1nxx/Projects/IGI/353502_BURCHUCK_5/IGI/LR5/Parking/p_env/lib/python3.13/site-packages/django/db/backends/base/features.py first seen with mtime 1746826653.3106334
DEBUG 2025-05-11 13:25:55,104 autoreload File /home/G1nxx/Projects/IGI/353502_BURCHUCK_5/IGI/LR5/Parking/p_env/lib/python3.13/site-packages/django/template/smartif.py first seen with mtime 1746826653.3273437
DEBUG 2025-05-11 13:25:55,104 autoreload File /home/G1nxx/Projects/IGI/353502_BURCHUCK_5/IGI/LR5/Parking/p_env/lib/python3.13/site-packages/django/contrib/messages/storage/base.py first seen with mtime 1746826653.2608044
DEBUG 2025-05-11 13:25:55,104 autoreload File /usr/lib/python3.13/lib-dynload/unicodedata.cpython-313-x86_64-linux-gnu.so first seen with mtime 1744184665.0
DEBUG 2025-05-11 13:25:55,104 autoreload File /home/G1nxx/Projects/IGI/353502_BURCHUCK_5/IGI/LR5/Parking/p_env/lib/python3.13/site-packages/django/db/migrations/operations/base.py first seen with mtime 1746826653.3154976
DEBUG 2025-05-11 13:25:55,104 autoreload File /home/G1nxx/Projects/IGI/353502_BURCHUCK_5/IGI/LR5/Parking/p_env/lib/python3.13/site-packages/django/core/files/temp.py first seen with mtime 1746826653.3056848
DEBUG 2025-05-11 13:25:55,104 autoreload File /home/G1nxx/Projects/IGI/353502_BURCHUCK_5/IGI/LR5/Parking/p_env/lib/python3.13/site-packages/urllib3/util/ssl_.py first seen with mtime 1746920160.766345
DEBUG 2025-05-11 13:25:55,104 autoreload File /home/G1nxx/Projects/IGI/353502_BURCHUCK_5/IGI/LR5/Parking/p_env/lib/python3.13/site-packages/django/core/cache/utils.py first seen with mtime 1746826653.304303
DEBUG 2025-05-11 13:25:55,104 autoreload File /usr/lib/python3.13/wsgiref/__init__.py first seen with mtime 1744184665.0
DEBUG 2025-05-11 13:25:55,104 autoreload File /home/G1nxx/Projects/IGI/353502_BURCHUCK_5/IGI/LR5/Parking/p_env/lib/python3.13/site-packages/django/contrib/staticfiles/views.py first seen with mtime 1746826653.3034315
DEBUG 2025-05-11 13:25:55,104 autoreload File /home/G1nxx/Projects/IGI/353502_BURCHUCK_5/IGI/LR5/Parking/p_env/lib/python3.13/site-packages/django/core/checks/registry.py first seen with mtime 1746826653.3051026
DEBUG 2025-05-11 13:25:55,104 autoreload File /home/G1nxx/Projects/IGI/353502_BURCHUCK_5/IGI/LR5/Parking/p_env/lib/python3.13/site-packages/django/template/backends/base.py first seen with mtime 1746826653.3275187
DEBUG 2025-05-11 13:25:55,104 autoreload File /home/G1nxx/Projects/IGI/353502_BURCHUCK_5/IGI/LR5/Parking/p_env/lib/python3.13/site-packages/requests/adapters.py first seen with mtime 1746920160.8795934
DEBUG 2025-05-11 13:25:55,104 autoreload File /home/G1nxx/Projects/IGI/353502_BURCHUCK_5/IGI/LR5/Parking/p_env/lib/python3.13/site-packages/django/db/backends/__init__.py first seen with mtime 1746826653.310087
DEBUG 2025-05-11 13:25:55,104 autoreload File /usr/lib/python3.13/importlib/_abc.py first seen with mtime 1744184665.0
DEBUG 2025-05-11 13:25:55,104 autoreload File /usr/lib/python3.13/html/__init__.py first seen with mtime 1744184665.0
DEBUG 2025-05-11 13:25:55,104 autoreload File /usr/lib/python3.13/calendar.py first seen with mtime 1744184665.0
DEBUG 2025-05-11 13:25:55,104 autoreload File /home/G1nxx/Projects/IGI/353502_BURCHUCK_5/IGI/LR5/Parking/p_env/lib/python3.13/site-packages/django/contrib/contenttypes/forms.py first seen with mtime 1746826653.20633
DEBUG 2025-05-11 13:25:55,104 autoreload File /home/G1nxx/Projects/IGI/353502_BURCHUCK_5/IGI/LR5/Parking/p_env/lib/python3.13/site-packages/django/http/multipartparser.py first seen with mtime 1746826653.3254087
DEBUG 2025-05-11 13:25:55,104 autoreload File /usr/lib/python3.13/hmac.py first seen with mtime 1744184665.0
DEBUG 2025-05-11 13:25:55,105 autoreload File /home/G1nxx/Projects/IGI/353502_BURCHUCK_5/IGI/LR5/Parking/p_env/lib/python3.13/site-packages/django/core/files/storage/mixins.py first seen with mtime 1746826653.3061273
DEBUG 2025-05-11 13:25:55,105 autoreload File /usr/lib/python3.13/operator.py first seen with mtime 1744184665.0
DEBUG 2025-05-11 13:25:55,105 autoreload File /home/G1nxx/Projects/IGI/353502_BURCHUCK_5/IGI/LR5/Parking/p_env/lib/python3.13/site-packages/django/core/cache/backends/filebased.py first seen with mtime 1746826653.3045526
DEBUG 2025-05-11 13:25:55,105 autoreload File /home/G1nxx/Projects/IGI/353502_BURCHUCK_5/IGI/LR5/Parking/p_env/lib/python3.13/site-packages/django/core/checks/async_checks.py first seen with mtime 1746826653.3047895
DEBUG 2025-05-11 13:25:55,105 autoreload File /usr/lib/python3.13/asyncio/events.py first seen with mtime 1744184665.0
DEBUG 2025-05-11 13:25:55,105 autoreload File /home/G1nxx/Projects/IGI/353502_BURCHUCK_5/IGI/LR5/Parking/p_env/lib/python3.13/site-packages/django/core/files/__init__.py first seen with mtime 1746826653.305473
DEBUG 2025-05-11 13:25:55,105 autoreload File /usr/lib/python3.13/concurrent/__init__.py first seen with mtime 1744184665.0
DEBUG 2025-05-11 13:25:55,105 autoreload File /home/G1nxx/Projects/IGI/353502_BURCHUCK_5/IGI/LR5/Parking/p_env/lib/python3.13/site-packages/sqlparse/exceptions.py first seen with mtime 1746826653.0323591
DEBUG 2025-05-11 13:25:55,105 autoreload File /usr/lib/python3.13/email/_header_value_parser.py first seen with mtime 1744184665.0
DEBUG 2025-05-11 13:25:55,105 autoreload File /home/G1nxx/Projects/IGI/353502_BURCHUCK_5/IGI/LR5/Parking/p_env/lib/python3.13/site-packages/django/contrib/admin/apps.py first seen with mtime 1746826653.1247413
DEBUG 2025-05-11 13:25:55,105 autoreload File /home/G1nxx/Projects/IGI/353502_BURCHUCK_5/IGI/LR5/Parking/p_env/lib/python3.13/site-packages/django/utils/dates.py first seen with mtime 1746826653.3303082
DEBUG 2025-05-11 13:25:55,105 autoreload File /home/G1nxx/Projects/IGI/353502_BURCHUCK_5/IGI/LR5/Parking/p_env/lib/python3.13/site-packages/django/utils/http.py first seen with mtime 1746826653.3310394
DEBUG 2025-05-11 13:25:55,105 autoreload File /usr/lib/python3.13/asyncio/base_events.py first seen with mtime 1744184665.0
DEBUG 2025-05-11 13:25:55,105 autoreload File /home/G1nxx/Projects/IGI/353502_BURCHUCK_5/IGI/LR5/Parking/p_env/lib/python3.13/site-packages/certifi/core.py first seen with mtime 1746920160.8757262
DEBUG 2025-05-11 13:25:55,105 autoreload File /home/G1nxx/Projects/IGI/353502_BURCHUCK_5/IGI/LR5/Parking/p_env/lib/python3.13/site-packages/django/core/files/locks.py first seen with mtime 1746826653.3056016
DEBUG 2025-05-11 13:25:55,105 autoreload File /home/G1nxx/Projects/IGI/353502_BURCHUCK_5/IGI/LR5/Parking/p_env/lib/python3.13/site-packages/django/views/generic/detail.py first seen with mtime 1746826653.333258
DEBUG 2025-05-11 13:25:55,105 autoreload File /home/G1nxx/Projects/IGI/353502_BURCHUCK_5/IGI/LR5/Parking/p_env/lib/python3.13/site-packages/django/shortcuts.py first seen with mtime 1746826653.0892942
DEBUG 2025-05-11 13:25:55,105 autoreload File /usr/lib/python3.13/lib-dynload/fcntl.cpython-313-x86_64-linux-gnu.so first seen with mtime 1744184665.0
DEBUG 2025-05-11 13:25:55,105 autoreload File /home/G1nxx/Projects/IGI/353502_BURCHUCK_5/IGI/LR5/Parking/p_env/lib/python3.13/site-packages/django/core/checks/database.py first seen with mtime 1746826653.3049142
DEBUG 2025-05-11 13:25:55,105 autoreload File /home/G1nxx/Projects/IGI/353502_BURCHUCK_5/IGI/LR5/Parking/p_env/lib/python3.13/site-packages/django/db/migrations/operations/__init__.py first seen with mtime 1746826653.315442
DEBUG 2025-05-11 13:25:55,105 autoreload File /usr/lib/python3.13/queue.py first seen with mtime 1744184665.0
DEBUG 2025-05-11 13:25:55,105 autoreload File /home/G1nxx/Projects/IGI/353502_BURCHUCK_5/IGI/LR5/Parking/p_env/lib/python3.13/site-packages/django/contrib/messages/apps.py first seen with mtime 1746826653.260505
DEBUG 2025-05-11 13:25:55,105 autoreload File /usr/lib/python3.13/logging/config.py first seen with mtime 1744184665.0
DEBUG 2025-05-11 13:25:55,105 autoreload File /usr/lib/python3.13/asyncio/queues.py first seen with mtime 1744184665.0
DEBUG 2025-05-11 13:25:55,105 autoreload File /home/G1nxx/Projects/IGI/353502_BURCHUCK_5/IGI/LR5/Parking/p_env/lib/python3.13/site-packages/django/core/handlers/exception.py first seen with mtime 1746826653.3066769
DEBUG 2025-05-11 13:25:55,105 autoreload File /home/G1nxx/Projects/IGI/353502_BURCHUCK_5/IGI/LR5/Parking/p_env/lib/python3.13/site-packages/django/db/models/fields/proxy.py first seen with mtime 1746826653.3183475
DEBUG 2025-05-11 13:25:55,105 autoreload File /home/G1nxx/Projects/IGI/353502_BURCHUCK_5/IGI/LR5/Parking/p_env/lib/python3.13/site-packages/django/contrib/admin/templatetags/admin_urls.py first seen with mtime 1746826653.1723402
DEBUG 2025-05-11 13:25:55,105 autoreload File /home/G1nxx/Projects/IGI/353502_BURCHUCK_5/IGI/LR5/Parking/p_env/lib/python3.13/site-packages/django/contrib/auth/tokens.py first seen with mtime 1746826653.1878755
DEBUG 2025-05-11 13:25:55,105 autoreload File /home/G1nxx/Projects/IGI/353502_BURCHUCK_5/IGI/LR5/Parking/p_env/lib/python3.13/site-packages/charset_normalizer/md.cpython-313-x86_64-linux-gnu.so first seen with mtime 1746920160.8562367
DEBUG 2025-05-11 13:25:55,105 autoreload File /home/G1nxx/Projects/IGI/353502_BURCHUCK_5/IGI/LR5/Parking/p_env/lib/python3.13/site-packages/django/contrib/admin/templatetags/__init__.py first seen with mtime 1746826653.1720507
DEBUG 2025-05-11 13:25:55,105 autoreload File /home/G1nxx/Projects/IGI/353502_BURCHUCK_5/IGI/LR5/Parking/p_env/lib/python3.13/site-packages/django/core/checks/translation.py first seen with mtime 1746826653.3051698
DEBUG 2025-05-11 13:25:55,105 autoreload File /home/G1nxx/Projects/IGI/353502_BURCHUCK_5/IGI/LR5/Parking/p_env/lib/python3.13/site-packages/django/db/migrations/graph.py first seen with mtime 1746826653.314717
DEBUG 2025-05-11 13:25:55,105 autoreload File /home/G1nxx/Projects/IGI/353502_BURCHUCK_5/IGI/LR5/Parking/p_env/lib/python3.13/site-packages/django/db/models/functions/__init__.py first seen with mtime 1746826653.3190215
DEBUG 2025-05-11 13:25:55,105 autoreload File /usr/lib/python3.13/bisect.py first seen with mtime 1744184665.0
DEBUG 2025-05-11 13:25:55,105 autoreload File /home/G1nxx/Projects/IGI/353502_BURCHUCK_5/IGI/LR5/Parking/p_env/lib/python3.13/site-packages/django/template/loaders/cached.py first seen with mtime 1746826653.3278866
DEBUG 2025-05-11 13:25:55,105 autoreload File /home/G1nxx/Projects/IGI/353502_BURCHUCK_5/IGI/LR5/Parking/p_env/lib/python3.13/site-packages/django/http/response.py first seen with mtime 1746826653.3256698
DEBUG 2025-05-11 13:25:55,105 autoreload File /home/G1nxx/Projects/IGI/353502_BURCHUCK_5/IGI/LR5/Parking/p_env/lib/python3.13/site-packages/django/templatetags/l10n.py first seen with mtime 1746826653.328163
DEBUG 2025-05-11 13:25:55,105 autoreload File /usr/lib/python3.13/tokenize.py first seen with mtime 1744184665.0
DEBUG 2025-05-11 13:25:55,105 autoreload File /usr/lib/python3.13/http/__init__.py first seen with mtime 1744184665.0
DEBUG 2025-05-11 13:25:55,105 autoreload File /home/G1nxx/Projects/IGI/353502_BURCHUCK_5/IGI/LR5/Parking/p_env/lib/python3.13/site-packages/django/db/migrations/optimizer.py first seen with mtime 1746826653.3149261
DEBUG 2025-05-11 13:25:55,105 autoreload File /usr/lib/python3.13/zoneinfo/__init__.py first seen with mtime 1744184665.0
DEBUG 2025-05-11 13:25:55,105 autoreload File /home/G1nxx/Projects/IGI/353502_BURCHUCK_5/IGI/LR5/Parking/auto_car/usecase/user.py first seen with mtime 1746964550.6717172
DEBUG 2025-05-11 13:25:55,105 autoreload File /home/G1nxx/Projects/IGI/353502_BURCHUCK_5/IGI/LR5/Parking/p_env/lib/python3.13/site-packages/django/views/generic/dates.py first seen with mtime 1746826653.3331988
DEBUG 2025-05-11 13:25:55,105 autoreload File /home/G1nxx/Projects/IGI/353502_BURCHUCK_5/IGI/LR5/Parking/p_env/lib/python3.13/site-packages/django/urls/utils.py first seen with mtime 1746826653.3295681
DEBUG 2025-05-11 13:25:55,105 autoreload File /usr/lib/python3.13/asyncio/coroutines.py first seen with mtime 1744184665.0
DEBUG 2025-05-11 13:25:55,105 autoreload File /usr/lib/python3.13/graphlib.py first seen with mtime 1744184665.0
DEBUG 2025-05-11 13:25:55,105 autoreload File /usr/lib/python3.13/logging/handlers.py first seen with mtime 1744184665.0
DEBUG 2025-05-11 13:25:55,105 autoreload File /home/G1nxx/Projects/IGI/353502_BURCHUCK_5/IGI/LR5/Parking/p_env/lib/python3.13/site-packages/django/core/checks/compatibility/__init__.py first seen with mtime 1746826653.3052127
DEBUG 2025-05-11 13:25:55,105 autoreload File /home/G1nxx/Projects/IGI/353502_BURCHUCK_5/IGI/LR5/Parking/p_env/lib/python3.13/site-packages/django/db/utils.py first seen with mtime 1746826653.310087
DEBUG 2025-05-11 13:25:55,105 autoreload File /home/G1nxx/Projects/IGI/353502_BURCHUCK_5/IGI/LR5/Parking/p_env/lib/python3.13/site-packages/django/contrib/sessions/apps.py first seen with mtime 1746826653.2817504
DEBUG 2025-05-11 13:25:55,105 autoreload File /home/G1nxx/Projects/IGI/353502_BURCHUCK_5/IGI/LR5/Parking/p_env/lib/python3.13/site-packages/django/db/models/signals.py first seen with mtime 1746826653.3175392
DEBUG 2025-05-11 13:25:55,105 autoreload File /home/G1nxx/Projects/IGI/353502_BURCHUCK_5/IGI/LR5/Parking/p_env/lib/python3.13/site-packages/django/db/models/lookups.py first seen with mtime 1746826653.3168674
DEBUG 2025-05-11 13:25:55,105 autoreload File /home/G1nxx/Projects/IGI/353502_BURCHUCK_5/IGI/LR5/Parking/p_env/lib/python3.13/site-packages/django/core/mail/utils.py first seen with mtime 1746826653.3069994
DEBUG 2025-05-11 13:25:55,105 autoreload File /home/G1nxx/Projects/IGI/353502_BURCHUCK_5/IGI/LR5/Parking/p_env/lib/python3.13/site-packages/django/views/csrf.py first seen with mtime 1746826653.332366
DEBUG 2025-05-11 13:25:55,105 autoreload File /home/G1nxx/Projects/IGI/353502_BURCHUCK_5/IGI/LR5/Parking/p_env/lib/python3.13/site-packages/django/contrib/staticfiles/finders.py first seen with mtime 1746826653.3031402
DEBUG 2025-05-11 13:25:55,105 autoreload File /home/G1nxx/Projects/IGI/353502_BURCHUCK_5/IGI/LR5/Parking/p_env/lib/python3.13/site-packages/django/db/models/fields/composite.py first seen with mtime 1746826653.3179328
DEBUG 2025-05-11 13:25:55,105 autoreload File /home/G1nxx/Projects/IGI/353502_BURCHUCK_5/IGI/LR5/Parking/p_env/lib/python3.13/site-packages/django/core/mail/__init__.py first seen with mtime 1746826653.3067992
DEBUG 2025-05-11 13:25:55,105 autoreload File /usr/lib/python3.13/reprlib.py first seen with mtime 1744184665.0
DEBUG 2025-05-11 13:25:55,105 autoreload File /home/G1nxx/Projects/IGI/353502_BURCHUCK_5/IGI/LR5/Parking/p_env/lib/python3.13/site-packages/urllib3/http2/__init__.py first seen with mtime 1746920160.7656977
DEBUG 2025-05-11 13:25:55,105 autoreload File /home/G1nxx/Projects/IGI/353502_BURCHUCK_5/IGI/LR5/Parking/p_env/lib/python3.13/site-packages/django/contrib/staticfiles/handlers.py first seen with mtime 1746826653.3031926
DEBUG 2025-05-11 13:25:55,105 autoreload File /home/G1nxx/Projects/IGI/353502_BURCHUCK_5/IGI/LR5/Parking/p_env/lib/python3.13/site-packages/django/contrib/staticfiles/utils.py first seen with mtime 1746826653.303398
DEBUG 2025-05-11 13:25:55,106 autoreload File /home/G1nxx/Projects/IGI/353502_BURCHUCK_5/IGI/LR5/Parking/p_env/lib/python3.13/site-packages/django/db/models/utils.py first seen with mtime 1746826653.3175788
DEBUG 2025-05-11 13:25:55,106 autoreload File /home/G1nxx/Projects/IGI/353502_BURCHUCK_5/IGI/LR5/Parking/p_env/lib/python3.13/site-packages/django/views/decorators/debug.py first seen with mtime 1746826653.3328729
DEBUG 2025-05-11 13:25:55,106 autoreload File /home/G1nxx/Projects/IGI/353502_BURCHUCK_5/IGI/LR5/Parking/p_env/lib/python3.13/site-packages/django/core/serializers/__init__.py first seen with mtime 1746826653.3094242
DEBUG 2025-05-11 13:25:55,106 autoreload File /usr/lib/python3.13/zoneinfo/_common.py first seen with mtime 1744184665.0
DEBUG 2025-05-11 13:25:55,106 autoreload File /home/G1nxx/Projects/IGI/353502_BURCHUCK_5/IGI/LR5/Parking/p_env/lib/python3.13/site-packages/urllib3/_collections.py first seen with mtime 1746920160.76368
DEBUG 2025-05-11 13:25:55,106 autoreload File /usr/lib/python3.13/email/contentmanager.py first seen with mtime 1744184665.0
DEBUG 2025-05-11 13:25:55,106 autoreload File /usr/lib/python3.13/lib-dynload/_decimal.cpython-313-x86_64-linux-gnu.so first seen with mtime 1744184665.0
DEBUG 2025-05-11 13:25:55,106 autoreload File /home/G1nxx/Projects/IGI/353502_BURCHUCK_5/IGI/LR5/Parking/p_env/lib/python3.13/site-packages/requests/exceptions.py first seen with mtime 1746920160.87999
DEBUG 2025-05-11 13:25:55,106 autoreload File /home/G1nxx/Projects/IGI/353502_BURCHUCK_5/IGI/LR5/Parking/p_env/lib/python3.13/site-packages/django/db/models/sql/constants.py first seen with mtime 1746826653.3197453
DEBUG 2025-05-11 13:25:55,106 autoreload File /usr/lib/python3.13/re/_constants.py first seen with mtime 1744184665.0
DEBUG 2025-05-11 13:25:55,106 autoreload File /home/G1nxx/Projects/IGI/353502_BURCHUCK_5/IGI/LR5/Parking/p_env/lib/python3.13/site-packages/django/template/__init__.py first seen with mtime 1746826653.326218
DEBUG 2025-05-11 13:25:55,106 autoreload File /home/G1nxx/Projects/IGI/353502_BURCHUCK_5/IGI/LR5/Parking/p_env/lib/python3.13/site-packages/django/contrib/admin/options.py first seen with mtime 1746826653.1254895
DEBUG 2025-05-11 13:25:55,106 autoreload File /home/G1nxx/Projects/IGI/353502_BURCHUCK_5/IGI/LR5/Parking/p_env/lib/python3.13/site-packages/django/contrib/__init__.py first seen with mtime 1746826653.1245933
DEBUG 2025-05-11 13:25:55,106 autoreload File /home/G1nxx/Projects/IGI/353502_BURCHUCK_5/IGI/LR5/Parking/p_env/lib/python3.13/site-packages/urllib3/util/wait.py first seen with mtime 1746920160.7667353
DEBUG 2025-05-11 13:25:55,106 autoreload File /usr/lib/python3.13/asyncio/locks.py first seen with mtime 1744184665.0
DEBUG 2025-05-11 13:25:55,106 autoreload File /home/G1nxx/Projects/IGI/353502_BURCHUCK_5/IGI/LR5/Parking/p_env/lib/python3.13/site-packages/django/db/backends/base/schema.py first seen with mtime 1746826653.3111453
DEBUG 2025-05-11 13:25:55,106 autoreload File /usr/lib/python3.13/lib-dynload/_bisect.cpython-313-x86_64-linux-gnu.so first seen with mtime 1744184665.0
DEBUG 2025-05-11 13:25:55,106 autoreload File /home/G1nxx/Projects/IGI/353502_BURCHUCK_5/IGI/LR5/Parking/p_env/lib/python3.13/site-packages/django/db/models/sql/subqueries.py first seen with mtime 1746826653.3205812
DEBUG 2025-05-11 13:25:55,106 autoreload File /home/G1nxx/Projects/IGI/353502_BURCHUCK_5/IGI/LR5/Parking/p_env/lib/python3.13/site-packages/django/http/cookie.py first seen with mtime 1746826653.3252857
DEBUG 2025-05-11 13:25:55,106 autoreload File /home/G1nxx/Projects/IGI/353502_BURCHUCK_5/IGI/LR5/Parking/p_env/lib/python3.13/site-packages/django/db/models/functions/comparison.py first seen with mtime 1746826653.3190732
DEBUG 2025-05-11 13:25:55,106 autoreload File /home/G1nxx/Projects/IGI/353502_BURCHUCK_5/IGI/LR5/Parking/p_env/lib/python3.13/site-packages/django/db/transaction.py first seen with mtime 1746826653.3100238
DEBUG 2025-05-11 13:25:55,106 autoreload File /home/G1nxx/Projects/IGI/353502_BURCHUCK_5/IGI/LR5/Parking/p_env/lib/python3.13/site-packages/django/middleware/cache.py first seen with mtime 1746826653.3257813
DEBUG 2025-05-11 13:25:55,106 autoreload File /home/G1nxx/Projects/IGI/353502_BURCHUCK_5/IGI/LR5/Parking/p_env/lib/python3.13/site-packages/urllib3/connectionpool.py first seen with mtime 1746920160.764401
DEBUG 2025-05-11 13:25:55,106 autoreload File /home/G1nxx/Projects/IGI/353502_BURCHUCK_5/IGI/LR5/Parking/p_env/lib/python3.13/site-packages/django/utils/translation/reloader.py first seen with mtime 1746826653.3320572
DEBUG 2025-05-11 13:25:55,106 autoreload File /home/G1nxx/Projects/IGI/353502_BURCHUCK_5/IGI/LR5/Parking/p_env/lib/python3.13/site-packages/django/apps/registry.py first seen with mtime 1746826653.0895042
DEBUG 2025-05-11 13:25:55,106 autoreload File /usr/lib/python3.13/pprint.py first seen with mtime 1744184665.0
DEBUG 2025-05-11 13:25:55,106 autoreload File /home/G1nxx/Projects/IGI/353502_BURCHUCK_5/IGI/LR5/Parking/p_env/lib/python3.13/site-packages/django/core/cache/backends/base.py first seen with mtime 1746826653.3044004
DEBUG 2025-05-11 13:25:55,106 autoreload File /usr/lib/python3.13/multiprocessing/__init__.py first seen with mtime 1744184665.0
DEBUG 2025-05-11 13:25:55,106 autoreload File /usr/lib/python3.13/secrets.py first seen with mtime 1744184665.0
DEBUG 2025-05-11 13:25:55,106 autoreload File /home/G1nxx/Projects/IGI/353502_BURCHUCK_5/IGI/LR5/Parking/p_env/lib/python3.13/site-packages/django/contrib/auth/base_user.py first seen with mtime 1746826653.1870568
DEBUG 2025-05-11 13:25:55,106 autoreload File /home/G1nxx/Projects/IGI/353502_BURCHUCK_5/IGI/LR5/Parking/p_env/lib/python3.13/site-packages/django/forms/widgets.py first seen with mtime 1746826653.3218899
DEBUG 2025-05-11 13:25:55,106 autoreload File /home/G1nxx/Projects/IGI/353502_BURCHUCK_5/IGI/LR5/Parking/auto_car/templates/auto_car first seen with mtime 1746836255.856178
DEBUG 2025-05-11 13:25:55,106 autoreload File /home/G1nxx/Projects/IGI/353502_BURCHUCK_5/IGI/LR5/Parking/auto_car/templates/auto_car/auth first seen with mtime 1746921669.867405
DEBUG 2025-05-11 13:25:55,106 autoreload File /home/G1nxx/Projects/IGI/353502_BURCHUCK_5/IGI/LR5/Parking/auto_car/templates/auto_car/client_dashboard.html first seen with mtime 1746834893.1647482
DEBUG 2025-05-11 13:25:55,106 autoreload File /home/G1nxx/Projects/IGI/353502_BURCHUCK_5/IGI/LR5/Parking/auto_car/templates/auto_car/index.html first seen with mtime 1746965714.9434178
DEBUG 2025-05-11 13:25:55,106 autoreload File /home/G1nxx/Projects/IGI/353502_BURCHUCK_5/IGI/LR5/Parking/auto_car/templates/auto_car/base.html first seen with mtime 1746968259.0738733
DEBUG 2025-05-11 13:25:55,106 autoreload File /home/G1nxx/Projects/IGI/353502_BURCHUCK_5/IGI/LR5/Parking/auto_car/templates/auto_car/employee_dashboard.html first seen with mtime 1746968313.7873082
DEBUG 2025-05-11 13:25:55,106 autoreload File /home/G1nxx/Projects/IGI/353502_BURCHUCK_5/IGI/LR5/Parking/auto_car/templates/auto_car/auth/login.html first seen with mtime 1746966517.4056296
DEBUG 2025-05-11 13:25:55,107 autoreload File /home/G1nxx/Projects/IGI/353502_BURCHUCK_5/IGI/LR5/Parking/auto_car/templates/auto_car/auth/signup.html first seen with mtime 1746966434.102718
DEBUG 2025-05-11 13:25:56,127 autoreload File /home/G1nxx/Projects/IGI/353502_BURCHUCK_5/IGI/LR5/Parking/p_env/lib/python3.13/site-packages/django/contrib/auth/migrations/0008_alter_user_username_max_length.py first seen with mtime 1746826653.205719
DEBUG 2025-05-11 13:25:56,127 autoreload File /home/G1nxx/Projects/IGI/353502_BURCHUCK_5/IGI/LR5/Parking/parking/wsgi.py first seen with mtime 1746826749.0883133
DEBUG 2025-05-11 13:25:56,127 autoreload File /home/G1nxx/Projects/IGI/353502_BURCHUCK_5/IGI/LR5/Parking/p_env/lib/python3.13/site-packages/django/contrib/auth/migrations/0010_alter_group_name_max_length.py first seen with mtime 1746826653.2057855
DEBUG 2025-05-11 13:25:56,127 autoreload File /home/G1nxx/Projects/IGI/353502_BURCHUCK_5/IGI/LR5/Parking/p_env/lib/python3.13/site-packages/django/contrib/messages/middleware.py first seen with mtime 1746826653.260604
DEBUG 2025-05-11 13:25:56,127 autoreload File /home/G1nxx/Projects/IGI/353502_BURCHUCK_5/IGI/LR5/Parking/p_env/lib/python3.13/site-packages/django/contrib/admin/migrations/0002_logentry_remove_auto_add.py first seen with mtime 1746826653.1605508
DEBUG 2025-05-11 13:25:56,127 autoreload File /home/G1nxx/Projects/IGI/353502_BURCHUCK_5/IGI/LR5/Parking/p_env/lib/python3.13/site-packages/django/contrib/auth/migrations/0012_alter_user_first_name_max_length.py first seen with mtime 1746826653.205869
DEBUG 2025-05-11 13:25:56,127 autoreload File /home/G1nxx/Projects/IGI/353502_BURCHUCK_5/IGI/LR5/Parking/p_env/lib/python3.13/site-packages/django/middleware/common.py first seen with mtime 1746826653.3259006
DEBUG 2025-05-11 13:25:56,127 autoreload File /home/G1nxx/Projects/IGI/353502_BURCHUCK_5/IGI/LR5/Parking/p_env/lib/python3.13/site-packages/django/contrib/auth/middleware.py first seen with mtime 1746826653.187593
DEBUG 2025-05-11 13:25:56,128 autoreload File /home/G1nxx/Projects/IGI/353502_BURCHUCK_5/IGI/LR5/Parking/p_env/lib/python3.13/site-packages/django/contrib/sessions/migrations/0001_initial.py first seen with mtime 1746826653.2926276
DEBUG 2025-05-11 13:25:56,128 autoreload File /home/G1nxx/Projects/IGI/353502_BURCHUCK_5/IGI/LR5/Parking/p_env/lib/python3.13/site-packages/django/contrib/auth/backends.py first seen with mtime 1746826653.1870062
DEBUG 2025-05-11 13:25:56,128 autoreload File /home/G1nxx/Projects/IGI/353502_BURCHUCK_5/IGI/LR5/Parking/p_env/lib/python3.13/site-packages/django/contrib/auth/migrations/0006_require_contenttypes_0002.py first seen with mtime 1746826653.2056434
DEBUG 2025-05-11 13:25:56,128 autoreload File /home/G1nxx/Projects/IGI/353502_BURCHUCK_5/IGI/LR5/Parking/p_env/lib/python3.13/site-packages/django/contrib/admin/migrations/__init__.py first seen with mtime 1746826653.1605885
DEBUG 2025-05-11 13:25:56,128 autoreload File /home/G1nxx/Projects/IGI/353502_BURCHUCK_5/IGI/LR5/Parking/p_env/lib/python3.13/site-packages/django/conf/urls/__init__.py first seen with mtime 1746826653.1245227
DEBUG 2025-05-11 13:25:56,128 autoreload File /home/G1nxx/Projects/IGI/353502_BURCHUCK_5/IGI/LR5/Parking/p_env/lib/python3.13/site-packages/django/contrib/auth/migrations/0002_alter_permission_name_max_length.py first seen with mtime 1746826653.205487
DEBUG 2025-05-11 13:25:56,128 autoreload File /home/G1nxx/Projects/IGI/353502_BURCHUCK_5/IGI/LR5/Parking/p_env/lib/python3.13/site-packages/django/contrib/contenttypes/migrations/0001_initial.py first seen with mtime 1746826653.2167718
DEBUG 2025-05-11 13:25:56,128 autoreload File /home/G1nxx/Projects/IGI/353502_BURCHUCK_5/IGI/LR5/Parking/p_env/lib/python3.13/site-packages/django/contrib/auth/migrations/0011_update_proxy_permissions.py first seen with mtime 1746826653.2058299
DEBUG 2025-05-11 13:25:56,128 autoreload File /home/G1nxx/Projects/IGI/353502_BURCHUCK_5/IGI/LR5/Parking/p_env/lib/python3.13/site-packages/django/contrib/sessions/middleware.py first seen with mtime 1746826653.281872
DEBUG 2025-05-11 13:25:56,128 autoreload File /home/G1nxx/Projects/IGI/353502_BURCHUCK_5/IGI/LR5/Parking/p_env/lib/python3.13/site-packages/django/db/models/sql/compiler.py first seen with mtime 1746826653.3196874
DEBUG 2025-05-11 13:25:56,128 autoreload File /home/G1nxx/Projects/IGI/353502_BURCHUCK_5/IGI/LR5/Parking/auto_car/migrations/0001_initial.py first seen with mtime 1746830712.9164038
DEBUG 2025-05-11 13:25:56,128 autoreload File /home/G1nxx/Projects/IGI/353502_BURCHUCK_5/IGI/LR5/Parking/auto_car/migrations/__init__.py first seen with mtime 1746830712.9141982
DEBUG 2025-05-11 13:25:56,128 autoreload File /home/G1nxx/Projects/IGI/353502_BURCHUCK_5/IGI/LR5/Parking/p_env/lib/python3.13/site-packages/django/contrib/auth/views.py first seen with mtime 1746826653.1880229
DEBUG 2025-05-11 13:25:56,128 autoreload File /home/G1nxx/Projects/IGI/353502_BURCHUCK_5/IGI/LR5/Parking/auto_car/migrations/0003_companyinfo_coupon_faq_news_vacancyinfo_and_more.py first seen with mtime 1746915679.4472933
DEBUG 2025-05-11 13:25:56,128 autoreload File /home/G1nxx/Projects/IGI/353502_BURCHUCK_5/IGI/LR5/Parking/p_env/lib/python3.13/site-packages/django/middleware/security.py first seen with mtime 1746826653.3261669
DEBUG 2025-05-11 13:25:56,128 autoreload File /home/G1nxx/Projects/IGI/353502_BURCHUCK_5/IGI/LR5/Parking/p_env/lib/python3.13/site-packages/django/contrib/contenttypes/migrations/__init__.py first seen with mtime 1746826653.2168138
DEBUG 2025-05-11 13:25:56,128 autoreload File /home/G1nxx/Projects/IGI/353502_BURCHUCK_5/IGI/LR5/Parking/p_env/lib/python3.13/site-packages/django/contrib/auth/migrations/0003_alter_user_email_max_length.py first seen with mtime 1746826653.2055278
DEBUG 2025-05-11 13:25:56,129 autoreload File /home/G1nxx/Projects/IGI/353502_BURCHUCK_5/IGI/LR5/Parking/p_env/lib/python3.13/site-packages/django/contrib/contenttypes/migrations/0002_remove_content_type_name.py first seen with mtime 1746826653.2168138
DEBUG 2025-05-11 13:25:56,129 autoreload File /home/G1nxx/Projects/IGI/353502_BURCHUCK_5/IGI/LR5/Parking/p_env/lib/python3.13/site-packages/django/contrib/sessions/backends/__init__.py first seen with mtime 1746826653.2819839
DEBUG 2025-05-11 13:25:56,129 autoreload File /home/G1nxx/Projects/IGI/353502_BURCHUCK_5/IGI/LR5/Parking/p_env/lib/python3.13/site-packages/django/contrib/sessions/backends/db.py first seen with mtime 1746826653.282239
DEBUG 2025-05-11 13:25:56,129 autoreload File /home/G1nxx/Projects/IGI/353502_BURCHUCK_5/IGI/LR5/Parking/p_env/lib/python3.13/site-packages/django/contrib/auth/migrations/__init__.py first seen with mtime 1746826653.205869
DEBUG 2025-05-11 13:25:56,129 autoreload File /home/G1nxx/Projects/IGI/353502_BURCHUCK_5/IGI/LR5/Parking/p_env/lib/python3.13/site-packages/django/contrib/sessions/backends/base.py first seen with mtime 1746826653.282094
DEBUG 2025-05-11 13:25:56,129 autoreload File /home/G1nxx/Projects/IGI/353502_BURCHUCK_5/IGI/LR5/Parking/p_env/lib/python3.13/site-packages/django/contrib/sessions/exceptions.py first seen with mtime 1746826653.2818263
DEBUG 2025-05-11 13:25:56,129 autoreload File /home/G1nxx/Projects/IGI/353502_BURCHUCK_5/IGI/LR5/Parking/p_env/lib/python3.13/site-packages/django/middleware/clickjacking.py first seen with mtime 1746826653.3258302
DEBUG 2025-05-11 13:25:56,129 autoreload File /home/G1nxx/Projects/IGI/353502_BURCHUCK_5/IGI/LR5/Parking/p_env/lib/python3.13/site-packages/django/contrib/admin/migrations/0003_logentry_add_action_flag_choices.py first seen with mtime 1746826653.1605885
DEBUG 2025-05-11 13:25:56,129 autoreload File /home/G1nxx/Projects/IGI/353502_BURCHUCK_5/IGI/LR5/Parking/p_env/lib/python3.13/site-packages/django/contrib/auth/migrations/0005_alter_user_last_login_null.py first seen with mtime 1746826653.2056096
DEBUG 2025-05-11 13:25:56,129 autoreload File /home/G1nxx/Projects/IGI/353502_BURCHUCK_5/IGI/LR5/Parking/p_env/lib/python3.13/site-packages/django/core/cache/backends/locmem.py first seen with mtime 1746826653.3045974
DEBUG 2025-05-11 13:25:56,129 autoreload File /home/G1nxx/Projects/IGI/353502_BURCHUCK_5/IGI/LR5/Parking/p_env/lib/python3.13/site-packages/django/contrib/admin/migrations/0001_initial.py first seen with mtime 1746826653.1605134
DEBUG 2025-05-11 13:25:56,129 autoreload File /home/G1nxx/Projects/IGI/353502_BURCHUCK_5/IGI/LR5/Parking/auto_car/migrations/0004_serviceuser_alter_car_owners_alter_review_customer_and_more.py first seen with mtime 1746962188.636561
DEBUG 2025-05-11 13:25:56,129 autoreload File /home/G1nxx/Projects/IGI/353502_BURCHUCK_5/IGI/LR5/Parking/p_env/lib/python3.13/site-packages/django/contrib/auth/migrations/0004_alter_user_username_opts.py first seen with mtime 1746826653.2055745
DEBUG 2025-05-11 13:25:56,129 autoreload File /home/G1nxx/Projects/IGI/353502_BURCHUCK_5/IGI/LR5/Parking/p_env/lib/python3.13/site-packages/django/contrib/auth/migrations/0007_alter_validators_add_error_messages.py first seen with mtime 1746826653.205682
DEBUG 2025-05-11 13:25:56,129 autoreload File /home/G1nxx/Projects/IGI/353502_BURCHUCK_5/IGI/LR5/Parking/p_env/lib/python3.13/site-packages/django/contrib/auth/migrations/0009_alter_user_last_name_max_length.py first seen with mtime 1746826653.2057526
DEBUG 2025-05-11 13:25:56,129 autoreload File /home/G1nxx/Projects/IGI/353502_BURCHUCK_5/IGI/LR5/Parking/auto_car/migrations/0002_user_alter_car_owners_delete_client.py first seen with mtime 1746835989.7562473
DEBUG 2025-05-11 13:25:56,129 autoreload File /home/G1nxx/Projects/IGI/353502_BURCHUCK_5/IGI/LR5/Parking/p_env/lib/python3.13/site-packages/django/views/defaults.py first seen with mtime 1746826653.3325226
DEBUG 2025-05-11 13:25:56,130 autoreload File /home/G1nxx/Projects/IGI/353502_BURCHUCK_5/IGI/LR5/Parking/p_env/lib/python3.13/site-packages/django/contrib/auth/migrations/0001_initial.py first seen with mtime 1746826653.205446
DEBUG 2025-05-11 13:25:56,130 autoreload File /home/G1nxx/Projects/IGI/353502_BURCHUCK_5/IGI/LR5/Parking/p_env/lib/python3.13/site-packages/django/contrib/sessions/migrations/__init__.py first seen with mtime 1746826653.2926276
DEBUG 2025-05-11 13:26:48,251 autoreload File /home/G1nxx/Projects/IGI/353502_BURCHUCK_5/IGI/LR5/Parking/parking/settings.py previous mtime: 1746969927.3050702, current mtime: 1746970007.7709646
DEBUG 2025-05-11 13:26:48,251 autoreload /home/G1nxx/Projects/IGI/353502_BURCHUCK_5/IGI/LR5/Parking/parking/settings.py notified as changed. Signal results: [(<function template_changed at 0x77382a6f0c20>, None), (<function translation_file_changed at 0x773829e9e160>, None)].
INFO 2025-05-11 13:26:48,251 autoreload /home/G1nxx/Projects/IGI/353502_BURCHUCK_5/IGI/LR5/Parking/parking/settings.py changed, reloading.
INFO 2025-05-11 13:26:48,449 autoreload Watching for file changes with StatReloader
DEBUG 2025-05-11 13:26:48,449 autoreload Waiting for apps ready_event.
DEBUG 2025-05-11 13:26:48,481 autoreload Apps ready_event triggered. Sending autoreload_started signal.
DEBUG 2025-05-11 13:26:48,488 autoreload Watching dir /home/G1nxx/Projects/IGI/353502_BURCHUCK_5/IGI/LR5/Parking/auto_car/templates with glob **/*.
DEBUG 2025-05-11 13:26:48,488 autoreload Watching dir /home/G1nxx/Projects/IGI/353502_BURCHUCK_5/IGI/LR5/Parking/locale with glob **/*.mo.
DEBUG 2025-05-11 13:26:48,488 autoreload Watching dir /home/G1nxx/Projects/IGI/353502_BURCHUCK_5/IGI/LR5/Parking/auto_car/locale with glob **/*.mo.
DEBUG 2025-05-11 13:26:48,502 utils (0.000) 
            SELECT name, type FROM sqlite_master
            WHERE type in ('table', 'view') AND NOT name='sqlite_sequence'
            ORDER BY name; args=None; alias=default
DEBUG 2025-05-11 13:26:48,504 utils (0.000) SELECT "django_migrations"."id", "django_migrations"."app", "django_migrations"."name", "django_migrations"."applied" FROM "django_migrations"; args=(); alias=default
DEBUG 2025-05-11 13:26:48,523 autoreload File /usr/lib/python3.13/asyncio/base_events.py first seen with mtime 1744184665.0
DEBUG 2025-05-11 13:26:48,523 autoreload File /usr/lib/python3.13/multiprocessing/reduction.py first seen with mtime 1744184665.0
DEBUG 2025-05-11 13:26:48,523 autoreload File /home/G1nxx/Projects/IGI/353502_BURCHUCK_5/IGI/LR5/Parking/auto_car/apps.py first seen with mtime 1746830469.6049938
DEBUG 2025-05-11 13:26:48,523 autoreload File /home/G1nxx/Projects/IGI/353502_BURCHUCK_5/IGI/LR5/Parking/p_env/lib/python3.13/site-packages/django/contrib/staticfiles/apps.py first seen with mtime 1746826653.3030365
DEBUG 2025-05-11 13:26:48,523 autoreload File /home/G1nxx/Projects/IGI/353502_BURCHUCK_5/IGI/LR5/Parking/p_env/lib/python3.13/site-packages/django/db/backends/base/creation.py first seen with mtime 1746826653.3105457
DEBUG 2025-05-11 13:26:48,523 autoreload File /home/G1nxx/Projects/IGI/353502_BURCHUCK_5/IGI/LR5/Parking/p_env/lib/python3.13/site-packages/django/contrib/admin/decorators.py first seen with mtime 1746826653.1249259
DEBUG 2025-05-11 13:26:48,523 autoreload File /home/G1nxx/Projects/IGI/353502_BURCHUCK_5/IGI/LR5/Parking/p_env/lib/python3.13/site-packages/django/db/models/functions/comparison.py first seen with mtime 1746826653.3190732
DEBUG 2025-05-11 13:26:48,523 autoreload File /home/G1nxx/Projects/IGI/353502_BURCHUCK_5/IGI/LR5/Parking/p_env/lib/python3.13/site-packages/django/__init__.py first seen with mtime 1746826653.0891743
DEBUG 2025-05-11 13:26:48,523 autoreload File /usr/lib/python3.13/email/_policybase.py first seen with mtime 1744184665.0
DEBUG 2025-05-11 13:26:48,523 autoreload File /home/G1nxx/Projects/IGI/353502_BURCHUCK_5/IGI/LR5/Parking/p_env/lib/python3.13/site-packages/django/core/serializers/__init__.py first seen with mtime 1746826653.3094242
DEBUG 2025-05-11 13:26:48,523 autoreload File /usr/lib/python3.13/reprlib.py first seen with mtime 1744184665.0
DEBUG 2025-05-11 13:26:48,523 autoreload File /home/G1nxx/Projects/IGI/353502_BURCHUCK_5/IGI/LR5/Parking/p_env/lib/python3.13/site-packages/django/core/servers/basehttp.py first seen with mtime 1746826653.3098867
DEBUG 2025-05-11 13:26:48,523 autoreload File /usr/lib/python3.13/lib-dynload/_bisect.cpython-313-x86_64-linux-gnu.so first seen with mtime 1744184665.0
DEBUG 2025-05-11 13:26:48,523 autoreload File /home/G1nxx/Projects/IGI/353502_BURCHUCK_5/IGI/LR5/Parking/p_env/lib/python3.13/site-packages/django/core/checks/commands.py first seen with mtime 1746826653.3048685
DEBUG 2025-05-11 13:26:48,523 autoreload File /home/G1nxx/Projects/IGI/353502_BURCHUCK_5/IGI/LR5/Parking/p_env/lib/python3.13/site-packages/urllib3/util/retry.py first seen with mtime 1746920160.7662375
DEBUG 2025-05-11 13:26:48,523 autoreload File /home/G1nxx/Projects/IGI/353502_BURCHUCK_5/IGI/LR5/Parking/p_env/lib/python3.13/site-packages/django/core/paginator.py first seen with mtime 1746826653.3039353
DEBUG 2025-05-11 13:26:48,523 autoreload File /home/G1nxx/Projects/IGI/353502_BURCHUCK_5/IGI/LR5/Parking/p_env/lib/python3.13/site-packages/django/contrib/messages/storage/__init__.py first seen with mtime 1746826653.2607493
DEBUG 2025-05-11 13:26:48,523 autoreload File /home/G1nxx/Projects/IGI/353502_BURCHUCK_5/IGI/LR5/Parking/p_env/lib/python3.13/site-packages/django/utils/log.py first seen with mtime 1746826653.3312194
DEBUG 2025-05-11 13:26:48,523 autoreload File /home/G1nxx/Projects/IGI/353502_BURCHUCK_5/IGI/LR5/Parking/p_env/lib/python3.13/site-packages/urllib3/filepost.py first seen with mtime 1746920160.76464
DEBUG 2025-05-11 13:26:48,523 autoreload File /home/G1nxx/Projects/IGI/353502_BURCHUCK_5/IGI/LR5/Parking/p_env/lib/python3.13/site-packages/sqlparse/filters/reindent.py first seen with mtime 1746826653.033532
DEBUG 2025-05-11 13:26:48,523 autoreload File /home/G1nxx/Projects/IGI/353502_BURCHUCK_5/IGI/LR5/Parking/p_env/lib/python3.13/site-packages/django/views/decorators/csrf.py first seen with mtime 1746826653.3328242
DEBUG 2025-05-11 13:26:48,523 autoreload File /home/G1nxx/Projects/IGI/353502_BURCHUCK_5/IGI/LR5/Parking/p_env/lib/python3.13/site-packages/urllib3/util/connection.py first seen with mtime 1746920160.7659516
DEBUG 2025-05-11 13:26:48,523 autoreload File /home/G1nxx/Projects/IGI/353502_BURCHUCK_5/IGI/LR5/Parking/p_env/lib/python3.13/site-packages/requests/api.py first seen with mtime 1746920160.8796608
DEBUG 2025-05-11 13:26:48,523 autoreload File /home/G1nxx/Projects/IGI/353502_BURCHUCK_5/IGI/LR5/Parking/p_env/lib/python3.13/site-packages/django/core/checks/registry.py first seen with mtime 1746826653.3051026
DEBUG 2025-05-11 13:26:48,523 autoreload File /usr/lib/python3.13/subprocess.py first seen with mtime 1744184665.0
DEBUG 2025-05-11 13:26:48,523 autoreload File /home/G1nxx/Projects/IGI/353502_BURCHUCK_5/IGI/LR5/Parking/p_env/lib/python3.13/site-packages/charset_normalizer/md__mypyc.cpython-313-x86_64-linux-gnu.so first seen with mtime 1746920160.857332
DEBUG 2025-05-11 13:26:48,523 autoreload File /usr/lib/python3.13/importlib/resources/_common.py first seen with mtime 1744184665.0
DEBUG 2025-05-11 13:26:48,523 autoreload File /usr/lib/python3.13/importlib/resources/abc.py first seen with mtime 1744184665.0
DEBUG 2025-05-11 13:26:48,523 autoreload File /home/G1nxx/Projects/IGI/353502_BURCHUCK_5/IGI/LR5/Parking/p_env/lib/python3.13/site-packages/django/db/models/fields/reverse_related.py first seen with mtime 1746826653.3188896
DEBUG 2025-05-11 13:26:48,523 autoreload File /home/G1nxx/Projects/IGI/353502_BURCHUCK_5/IGI/LR5/Parking/parking/settings.py first seen with mtime 1746970007.7709646
DEBUG 2025-05-11 13:26:48,523 autoreload File /usr/lib/python3.13/http/cookies.py first seen with mtime 1744184665.0
DEBUG 2025-05-11 13:26:48,523 autoreload File /home/G1nxx/Projects/IGI/353502_BURCHUCK_5/IGI/LR5/Parking/p_env/lib/python3.13/site-packages/django/db/__init__.py first seen with mtime 1746826653.3099532
DEBUG 2025-05-11 13:26:48,523 autoreload File /usr/lib/python3.13/zipfile/_path/glob.py first seen with mtime 1744184665.0
DEBUG 2025-05-11 13:26:48,523 autoreload File /home/G1nxx/Projects/IGI/353502_BURCHUCK_5/IGI/LR5/Parking/p_env/lib/python3.13/site-packages/asgiref/current_thread_executor.py first seen with mtime 1746826653.056976
DEBUG 2025-05-11 13:26:48,523 autoreload File /home/G1nxx/Projects/IGI/353502_BURCHUCK_5/IGI/LR5/Parking/p_env/lib/python3.13/site-packages/django/utils/connection.py first seen with mtime 1746826653.330031
DEBUG 2025-05-11 13:26:48,523 autoreload File /usr/lib/python3.13/importlib/metadata/_collections.py first seen with mtime 1744184665.0
DEBUG 2025-05-11 13:26:48,523 autoreload File /home/G1nxx/Projects/IGI/353502_BURCHUCK_5/IGI/LR5/Parking/p_env/lib/python3.13/site-packages/urllib3/util/url.py first seen with mtime 1746920160.766639
DEBUG 2025-05-11 13:26:48,523 autoreload File /home/G1nxx/Projects/IGI/353502_BURCHUCK_5/IGI/LR5/Parking/p_env/lib/python3.13/site-packages/django/template/backends/__init__.py first seen with mtime 1746826653.3273988
DEBUG 2025-05-11 13:26:48,523 autoreload File /home/G1nxx/Projects/IGI/353502_BURCHUCK_5/IGI/LR5/Parking/p_env/lib/python3.13/site-packages/django/db/models/functions/__init__.py first seen with mtime 1746826653.3190215
DEBUG 2025-05-11 13:26:48,523 autoreload File /usr/lib/python3.13/fractions.py first seen with mtime 1744184665.0
DEBUG 2025-05-11 13:26:48,523 autoreload File /usr/lib/python3.13/signal.py first seen with mtime 1744184665.0
DEBUG 2025-05-11 13:26:48,523 autoreload File /home/G1nxx/Projects/IGI/353502_BURCHUCK_5/IGI/LR5/Parking/p_env/lib/python3.13/site-packages/django/core/exceptions.py first seen with mtime 1746826653.3038661
DEBUG 2025-05-11 13:26:48,523 autoreload File /usr/lib/python3.13/asyncio/unix_events.py first seen with mtime 1744184665.0
DEBUG 2025-05-11 13:26:48,523 autoreload File /usr/lib/python3.13/copyreg.py first seen with mtime 1744184665.0
DEBUG 2025-05-11 13:26:48,523 autoreload File /home/G1nxx/Projects/IGI/353502_BURCHUCK_5/IGI/LR5/Parking/p_env/lib/python3.13/site-packages/django/utils/_os.py first seen with mtime 1746826653.32964
DEBUG 2025-05-11 13:26:48,523 autoreload File /home/G1nxx/Projects/IGI/353502_BURCHUCK_5/IGI/LR5/Parking/p_env/lib/python3.13/site-packages/django/db/models/query.py first seen with mtime 1746826653.3173895
DEBUG 2025-05-11 13:26:48,523 autoreload File /home/G1nxx/Projects/IGI/353502_BURCHUCK_5/IGI/LR5/Parking/auto_car/admin.py first seen with mtime 1746962137.953224
DEBUG 2025-05-11 13:26:48,523 autoreload File /usr/lib/python3.13/copy.py first seen with mtime 1744184665.0
DEBUG 2025-05-11 13:26:48,523 autoreload File /usr/lib/python3.13/email/header.py first seen with mtime 1744184665.0
DEBUG 2025-05-11 13:26:48,523 autoreload File /home/G1nxx/Projects/IGI/353502_BURCHUCK_5/IGI/LR5/Parking/p_env/lib/python3.13/site-packages/django/utils/cache.py first seen with mtime 1746826653.3299284
DEBUG 2025-05-11 13:26:48,523 autoreload File /usr/lib/python3.13/asyncio/protocols.py first seen with mtime 1744184665.0
DEBUG 2025-05-11 13:26:48,523 autoreload File /home/G1nxx/Projects/IGI/353502_BURCHUCK_5/IGI/LR5/Parking/p_env/lib/python3.13/site-packages/django/views/decorators/__init__.py first seen with mtime 1746826653.3326397
DEBUG 2025-05-11 13:26:48,524 autoreload File /home/G1nxx/Projects/IGI/353502_BURCHUCK_5/IGI/LR5/Parking/p_env/lib/python3.13/site-packages/django/db/backends/base/operations.py first seen with mtime 1746826653.3108099
DEBUG 2025-05-11 13:26:48,524 autoreload File /usr/lib/python3.13/__future__.py first seen with mtime 1744184665.0
DEBUG 2025-05-11 13:26:48,524 autoreload File /usr/lib/python3.13/lib-dynload/_contextvars.cpython-313-x86_64-linux-gnu.so first seen with mtime 1744184665.0
DEBUG 2025-05-11 13:26:48,524 autoreload File /usr/lib/python3.13/concurrent/futures/thread.py first seen with mtime 1744184665.0
DEBUG 2025-05-11 13:26:48,524 autoreload File /home/G1nxx/Projects/IGI/353502_BURCHUCK_5/IGI/LR5/Parking/p_env/lib/python3.13/site-packages/django/http/response.py first seen with mtime 1746826653.3256698
DEBUG 2025-05-11 13:26:48,524 autoreload File /home/G1nxx/Projects/IGI/353502_BURCHUCK_5/IGI/LR5/Parking/p_env/lib/python3.13/site-packages/requests/__version__.py first seen with mtime 1746920160.8794246
DEBUG 2025-05-11 13:26:48,524 autoreload File /usr/lib/python3.13/_colorize.py first seen with mtime 1744184665.0
DEBUG 2025-05-11 13:26:48,524 autoreload File /home/G1nxx/Projects/IGI/353502_BURCHUCK_5/IGI/LR5/Parking/p_env/lib/python3.13/site-packages/django/contrib/auth/checks.py first seen with mtime 1746826653.1871114
DEBUG 2025-05-11 13:26:48,524 autoreload File /usr/lib/python3.13/heapq.py first seen with mtime 1744184665.0
DEBUG 2025-05-11 13:26:48,524 autoreload File /usr/lib/python3.13/lib-dynload/_hashlib.cpython-313-x86_64-linux-gnu.so first seen with mtime 1744184665.0
DEBUG 2025-05-11 13:26:48,524 autoreload File /usr/lib/python3.13/encodings/__init__.py first seen with mtime 1744184665.0
DEBUG 2025-05-11 13:26:48,524 autoreload File /usr/lib/python3.13/email/generator.py first seen with mtime 1744184665.0
DEBUG 2025-05-11 13:26:48,524 autoreload File /home/G1nxx/Projects/IGI/353502_BURCHUCK_5/IGI/LR5/Parking/p_env/lib/python3.13/site-packages/django/forms/__init__.py first seen with mtime 1746826653.3209655
DEBUG 2025-05-11 13:26:48,524 autoreload File /home/G1nxx/Projects/IGI/353502_BURCHUCK_5/IGI/LR5/Parking/p_env/lib/python3.13/site-packages/django/template/loaders/cached.py first seen with mtime 1746826653.3278866
DEBUG 2025-05-11 13:26:48,524 autoreload File /usr/lib/python3.13/wsgiref/handlers.py first seen with mtime 1744184665.0
DEBUG 2025-05-11 13:26:48,524 autoreload File /home/G1nxx/Projects/IGI/353502_BURCHUCK_5/IGI/LR5/Parking/p_env/lib/python3.13/site-packages/django/views/generic/base.py first seen with mtime 1746826653.3330998
DEBUG 2025-05-11 13:26:48,524 autoreload File /usr/lib/python3.13/lib-dynload/_statistics.cpython-313-x86_64-linux-gnu.so first seen with mtime 1744184665.0
DEBUG 2025-05-11 13:26:48,524 autoreload File /home/G1nxx/Projects/IGI/353502_BURCHUCK_5/IGI/LR5/Parking/p_env/lib/python3.13/site-packages/requests/utils.py first seen with mtime 1746920160.8807678
DEBUG 2025-05-11 13:26:48,524 autoreload File /home/G1nxx/Projects/IGI/353502_BURCHUCK_5/IGI/LR5/Parking/p_env/lib/python3.13/site-packages/django/contrib/sessions/__init__.py first seen with mtime 1746826653.2816682
DEBUG 2025-05-11 13:26:48,524 autoreload File /usr/lib/python3.13/statistics.py first seen with mtime 1744184665.0
DEBUG 2025-05-11 13:26:48,524 autoreload File /home/G1nxx/Projects/IGI/353502_BURCHUCK_5/IGI/LR5/Parking/p_env/lib/python3.13/site-packages/django/core/files/uploadhandler.py first seen with mtime 1746826653.3057806
DEBUG 2025-05-11 13:26:48,524 autoreload File /usr/lib/python3.13/hashlib.py first seen with mtime 1744184665.0
DEBUG 2025-05-11 13:26:48,524 autoreload File /usr/lib/python3.13/asyncio/coroutines.py first seen with mtime 1744184665.0
DEBUG 2025-05-11 13:26:48,524 autoreload File /usr/lib/python3.13/email/base64mime.py first seen with mtime 1744184665.0
DEBUG 2025-05-11 13:26:48,524 autoreload File /usr/lib/python3.13/mimetypes.py first seen with mtime 1744184665.0
DEBUG 2025-05-11 13:26:48,524 autoreload File /home/G1nxx/Projects/IGI/353502_BURCHUCK_5/IGI/LR5/Parking/p_env/lib/python3.13/site-packages/django/core/checks/templates.py first seen with mtime 1746826653.3051345
DEBUG 2025-05-11 13:26:48,524 autoreload File /home/G1nxx/Projects/IGI/353502_BURCHUCK_5/IGI/LR5/Parking/p_env/lib/python3.13/site-packages/django/core/serializers/json.py first seen with mtime 1746826653.3095415
DEBUG 2025-05-11 13:26:48,524 autoreload File /usr/lib/python3.13/lib-dynload/select.cpython-313-x86_64-linux-gnu.so first seen with mtime 1744184665.0
DEBUG 2025-05-11 13:26:48,524 autoreload File /home/G1nxx/Projects/IGI/353502_BURCHUCK_5/IGI/LR5/Parking/p_env/lib/python3.13/site-packages/django/contrib/admin/templatetags/__init__.py first seen with mtime 1746826653.1720507
DEBUG 2025-05-11 13:26:48,524 autoreload File /usr/lib/python3.13/pathlib/_abc.py first seen with mtime 1744184665.0
DEBUG 2025-05-11 13:26:48,524 autoreload File /usr/lib/python3.13/threading.py first seen with mtime 1744184665.0
DEBUG 2025-05-11 13:26:48,524 autoreload File /home/G1nxx/Projects/IGI/353502_BURCHUCK_5/IGI/LR5/Parking/p_env/lib/python3.13/site-packages/django/db/models/fields/tuple_lookups.py first seen with mtime 1746826653.3189614
DEBUG 2025-05-11 13:26:48,524 autoreload File /home/G1nxx/Projects/IGI/353502_BURCHUCK_5/IGI/LR5/Parking/p_env/lib/python3.13/site-packages/django/core/signals.py first seen with mtime 1746826653.3039749
DEBUG 2025-05-11 13:26:48,524 autoreload File /home/G1nxx/Projects/IGI/353502_BURCHUCK_5/IGI/LR5/Parking/p_env/lib/python3.13/site-packages/idna/core.py first seen with mtime 1746920160.8090105
DEBUG 2025-05-11 13:26:48,524 autoreload File /usr/lib/python3.13/logging/__init__.py first seen with mtime 1744184665.0
DEBUG 2025-05-11 13:26:48,524 autoreload File /home/G1nxx/Projects/IGI/353502_BURCHUCK_5/IGI/LR5/Parking/p_env/lib/python3.13/site-packages/django/contrib/staticfiles/checks.py first seen with mtime 1746826653.3030708
DEBUG 2025-05-11 13:26:48,524 autoreload File /home/G1nxx/Projects/IGI/353502_BURCHUCK_5/IGI/LR5/Parking/p_env/lib/python3.13/site-packages/django/core/management/__init__.py first seen with mtime 1746826653.307408
DEBUG 2025-05-11 13:26:48,524 autoreload File /usr/lib/python3.13/zoneinfo/__init__.py first seen with mtime 1744184665.0
DEBUG 2025-05-11 13:26:48,524 autoreload File /usr/lib/python3.13/multiprocessing/__init__.py first seen with mtime 1744184665.0
DEBUG 2025-05-11 13:26:48,524 autoreload File /usr/lib/python3.13/_compat_pickle.py first seen with mtime 1744184665.0
DEBUG 2025-05-11 13:26:48,524 autoreload File /usr/lib/python3.13/dataclasses.py first seen with mtime 1744184665.0
DEBUG 2025-05-11 13:26:48,524 autoreload File /usr/lib/python3.13/zipfile/_path/__init__.py first seen with mtime 1744184665.0
DEBUG 2025-05-11 13:26:48,524 autoreload File /home/G1nxx/Projects/IGI/353502_BURCHUCK_5/IGI/LR5/Parking/p_env/lib/python3.13/site-packages/django/utils/ipv6.py first seen with mtime 1746826653.3311272
DEBUG 2025-05-11 13:26:48,524 autoreload File /usr/lib/python3.13/_markupbase.py first seen with mtime 1744184665.0
DEBUG 2025-05-11 13:26:48,524 autoreload File /usr/lib/python3.13/urllib/parse.py first seen with mtime 1744184665.0
DEBUG 2025-05-11 13:26:48,524 autoreload File /usr/lib/python3.13/concurrent/__init__.py first seen with mtime 1744184665.0
DEBUG 2025-05-11 13:26:48,524 autoreload File /home/G1nxx/Projects/IGI/353502_BURCHUCK_5/IGI/LR5/Parking/p_env/lib/python3.13/site-packages/django/utils/html.py first seen with mtime 1746826653.3309534
DEBUG 2025-05-11 13:26:48,524 autoreload File /home/G1nxx/Projects/IGI/353502_BURCHUCK_5/IGI/LR5/Parking/p_env/lib/python3.13/site-packages/sqlparse/engine/grouping.py first seen with mtime 1746826653.0331268
DEBUG 2025-05-11 13:26:48,524 autoreload File /home/G1nxx/Projects/IGI/353502_BURCHUCK_5/IGI/LR5/Parking/p_env/lib/python3.13/site-packages/django/apps/registry.py first seen with mtime 1746826653.0895042
DEBUG 2025-05-11 13:26:48,524 autoreload File /usr/lib/python3.13/json/decoder.py first seen with mtime 1744184665.0
DEBUG 2025-05-11 13:26:48,524 autoreload File /home/G1nxx/Projects/IGI/353502_BURCHUCK_5/IGI/LR5/Parking/p_env/lib/python3.13/site-packages/django/db/models/functions/math.py first seen with mtime 1746826653.3192356
DEBUG 2025-05-11 13:26:48,524 autoreload File /home/G1nxx/Projects/IGI/353502_BURCHUCK_5/IGI/LR5/Parking/p_env/lib/python3.13/site-packages/django/template/exceptions.py first seen with mtime 1746826653.3269377
DEBUG 2025-05-11 13:26:48,524 autoreload File /home/G1nxx/Projects/IGI/353502_BURCHUCK_5/IGI/LR5/Parking/p_env/lib/python3.13/site-packages/django/contrib/auth/decorators.py first seen with mtime 1746826653.1873164
DEBUG 2025-05-11 13:26:48,524 autoreload File /home/G1nxx/Projects/IGI/353502_BURCHUCK_5/IGI/LR5/Parking/auto_car/views.py first seen with mtime 1746968535.4294195
DEBUG 2025-05-11 13:26:48,524 autoreload File /usr/lib/python3.13/importlib/metadata/_meta.py first seen with mtime 1744184665.0
DEBUG 2025-05-11 13:26:48,524 autoreload File /usr/lib/python3.13/pathlib/__init__.py first seen with mtime 1744184665.0
DEBUG 2025-05-11 13:26:48,524 autoreload File /home/G1nxx/Projects/IGI/353502_BURCHUCK_5/IGI/LR5/Parking/p_env/lib/python3.13/site-packages/django/db/models/__init__.py first seen with mtime 1746826653.3158054
DEBUG 2025-05-11 13:26:48,524 autoreload File /usr/lib/python3.13/multiprocessing/process.py first seen with mtime 1744184665.0
DEBUG 2025-05-11 13:26:48,524 autoreload File /usr/lib/python3.13/asyncio/timeouts.py first seen with mtime 1744184665.0
DEBUG 2025-05-11 13:26:48,524 autoreload File /home/G1nxx/Projects/IGI/353502_BURCHUCK_5/IGI/LR5/Parking/p_env/lib/python3.13/site-packages/django/db/models/aggregates.py first seen with mtime 1746826653.3158705
DEBUG 2025-05-11 13:26:48,524 autoreload File /home/G1nxx/Projects/IGI/353502_BURCHUCK_5/IGI/LR5/Parking/p_env/lib/python3.13/site-packages/django/contrib/admin/widgets.py first seen with mtime 1746826653.1262357
DEBUG 2025-05-11 13:26:48,524 autoreload File /home/G1nxx/Projects/IGI/353502_BURCHUCK_5/IGI/LR5/Parking/p_env/lib/python3.13/site-packages/django/contrib/messages/utils.py first seen with mtime 1746826653.260671
DEBUG 2025-05-11 13:26:48,524 autoreload File /usr/lib/python3.13/lib-dynload/grp.cpython-313-x86_64-linux-gnu.so first seen with mtime 1744184665.0
DEBUG 2025-05-11 13:26:48,524 autoreload File /home/G1nxx/Projects/IGI/353502_BURCHUCK_5/IGI/LR5/Parking/p_env/lib/python3.13/site-packages/django/core/__init__.py first seen with mtime 1746826653.3037477
DEBUG 2025-05-11 13:26:48,524 autoreload File /home/G1nxx/Projects/IGI/353502_BURCHUCK_5/IGI/LR5/Parking/p_env/lib/python3.13/site-packages/django/utils/__init__.py first seen with mtime 1746826653.3295681
DEBUG 2025-05-11 13:26:48,524 autoreload File /home/G1nxx/Projects/IGI/353502_BURCHUCK_5/IGI/LR5/Parking/p_env/lib/python3.13/site-packages/requests/adapters.py first seen with mtime 1746920160.8795934
DEBUG 2025-05-11 13:26:48,524 autoreload File /home/G1nxx/Projects/IGI/353502_BURCHUCK_5/IGI/LR5/Parking/p_env/lib/python3.13/site-packages/django/db/backends/sqlite3/operations.py first seen with mtime 1746826653.3141556
DEBUG 2025-05-11 13:26:48,524 autoreload File /home/G1nxx/Projects/IGI/353502_BURCHUCK_5/IGI/LR5/Parking/p_env/lib/python3.13/site-packages/django/db/backends/base/validation.py first seen with mtime 1746826653.3112187
DEBUG 2025-05-11 13:26:48,524 autoreload File /usr/lib/python3.13/wsgiref/headers.py first seen with mtime 1744184665.0
DEBUG 2025-05-11 13:26:48,524 autoreload File /usr/lib/python3.13/collections/__init__.py first seen with mtime 1744184665.0
DEBUG 2025-05-11 13:26:48,524 autoreload File /home/G1nxx/Projects/IGI/353502_BURCHUCK_5/IGI/LR5/Parking/p_env/lib/python3.13/site-packages/django/contrib/staticfiles/utils.py first seen with mtime 1746826653.303398
DEBUG 2025-05-11 13:26:48,524 autoreload File /home/G1nxx/Projects/IGI/353502_BURCHUCK_5/IGI/LR5/Parking/p_env/lib/python3.13/site-packages/django/template/backends/django.py first seen with mtime 1746826653.327581
DEBUG 2025-05-11 13:26:48,524 autoreload File /home/G1nxx/Projects/IGI/353502_BURCHUCK_5/IGI/LR5/Parking/p_env/lib/python3.13/site-packages/django/utils/tree.py first seen with mtime 1746826653.3317878
DEBUG 2025-05-11 13:26:48,524 autoreload File /home/G1nxx/Projects/IGI/353502_BURCHUCK_5/IGI/LR5/Parking/p_env/lib/python3.13/site-packages/urllib3/http2/probe.py first seen with mtime 1746920160.765839
DEBUG 2025-05-11 13:26:48,524 autoreload File /home/G1nxx/Projects/IGI/353502_BURCHUCK_5/IGI/LR5/Parking/p_env/lib/python3.13/site-packages/django/core/checks/async_checks.py first seen with mtime 1746826653.3047895
DEBUG 2025-05-11 13:26:48,524 autoreload File /home/G1nxx/Projects/IGI/353502_BURCHUCK_5/IGI/LR5/Parking/p_env/lib/python3.13/site-packages/django/contrib/auth/__init__.py first seen with mtime 1746826653.186819
DEBUG 2025-05-11 13:26:48,524 autoreload File /home/G1nxx/Projects/IGI/353502_BURCHUCK_5/IGI/LR5/Parking/p_env/lib/python3.13/site-packages/charset_normalizer/constant.py first seen with mtime 1746920160.8560767
DEBUG 2025-05-11 13:26:48,524 autoreload File /usr/lib/python3.13/bz2.py first seen with mtime 1744184665.0
DEBUG 2025-05-11 13:26:48,524 autoreload File /home/G1nxx/Projects/IGI/353502_BURCHUCK_5/IGI/LR5/Parking/p_env/lib/python3.13/site-packages/django/utils/version.py first seen with mtime 1746826653.3318374
DEBUG 2025-05-11 13:26:48,524 autoreload File /home/G1nxx/Projects/IGI/353502_BURCHUCK_5/IGI/LR5/Parking/p_env/lib/python3.13/site-packages/requests/_internal_utils.py first seen with mtime 1746920160.8794744
DEBUG 2025-05-11 13:26:48,524 autoreload File /home/G1nxx/Projects/IGI/353502_BURCHUCK_5/IGI/LR5/Parking/p_env/lib/python3.13/site-packages/django/contrib/admin/actions.py first seen with mtime 1746826653.1247075
DEBUG 2025-05-11 13:26:48,524 autoreload File /home/G1nxx/Projects/IGI/353502_BURCHUCK_5/IGI/LR5/Parking/p_env/lib/python3.13/site-packages/django/db/models/query_utils.py first seen with mtime 1746826653.3174965
DEBUG 2025-05-11 13:26:48,524 autoreload File /home/G1nxx/Projects/IGI/353502_BURCHUCK_5/IGI/LR5/Parking/p_env/lib/python3.13/site-packages/django/contrib/admin/templatetags/admin_modify.py first seen with mtime 1746826653.17229
DEBUG 2025-05-11 13:26:48,524 autoreload File /usr/lib/python3.13/lib-dynload/_pickle.cpython-313-x86_64-linux-gnu.so first seen with mtime 1744184665.0
DEBUG 2025-05-11 13:26:48,524 autoreload File /home/G1nxx/Projects/IGI/353502_BURCHUCK_5/IGI/LR5/Parking/p_env/lib/python3.13/site-packages/django/contrib/contenttypes/models.py first seen with mtime 1746826653.2063835
DEBUG 2025-05-11 13:26:48,524 autoreload File /home/G1nxx/Projects/IGI/353502_BURCHUCK_5/IGI/LR5/Parking/p_env/lib/python3.13/site-packages/django/utils/module_loading.py first seen with mtime 1746826653.3313236
DEBUG 2025-05-11 13:26:48,525 autoreload File /usr/lib/python3.13/pathlib/_local.py first seen with mtime 1744184665.0
DEBUG 2025-05-11 13:26:48,525 autoreload File /home/G1nxx/Projects/IGI/353502_BURCHUCK_5/IGI/LR5/Parking/p_env/lib/python3.13/site-packages/django/core/cache/backends/base.py first seen with mtime 1746826653.3044004
DEBUG 2025-05-11 13:26:48,525 autoreload File /home/G1nxx/Projects/IGI/353502_BURCHUCK_5/IGI/LR5/Parking/p_env/lib/python3.13/site-packages/idna/__init__.py first seen with mtime 1746920160.8088124
DEBUG 2025-05-11 13:26:48,525 autoreload File /home/G1nxx/Projects/IGI/353502_BURCHUCK_5/IGI/LR5/Parking/p_env/lib/python3.13/site-packages/django/utils/dates.py first seen with mtime 1746826653.3303082
DEBUG 2025-05-11 13:26:48,525 autoreload File /usr/lib/python3.13/email/mime/multipart.py first seen with mtime 1744184665.0
DEBUG 2025-05-11 13:26:48,525 autoreload File /home/G1nxx/Projects/IGI/353502_BURCHUCK_5/IGI/LR5/Parking/p_env/lib/python3.13/site-packages/requests/sessions.py first seen with mtime 1746920160.880447
DEBUG 2025-05-11 13:26:48,525 autoreload File /usr/lib/python3.13/importlib/_abc.py first seen with mtime 1744184665.0
DEBUG 2025-05-11 13:26:48,525 autoreload File /home/G1nxx/Projects/IGI/353502_BURCHUCK_5/IGI/LR5/Parking/p_env/lib/python3.13/site-packages/django/utils/choices.py first seen with mtime 1746826653.3299847
DEBUG 2025-05-11 13:26:48,525 autoreload File /usr/lib/python3.13/queue.py first seen with mtime 1744184665.0
DEBUG 2025-05-11 13:26:48,525 autoreload File /home/G1nxx/Projects/IGI/353502_BURCHUCK_5/IGI/LR5/Parking/p_env/lib/python3.13/site-packages/django/views/debug.py first seen with mtime 1746826653.3324695
DEBUG 2025-05-11 13:26:48,525 autoreload File /usr/lib/python3.13/importlib/metadata/__init__.py first seen with mtime 1744184665.0
DEBUG 2025-05-11 13:26:48,525 autoreload File /home/G1nxx/Projects/IGI/353502_BURCHUCK_5/IGI/LR5/Parking/p_env/lib/python3.13/site-packages/urllib3/_request_methods.py first seen with mtime 1746920160.7637756
DEBUG 2025-05-11 13:26:48,525 autoreload File /usr/lib/python3.13/decimal.py first seen with mtime 1744184665.0
DEBUG 2025-05-11 13:26:48,525 autoreload File /home/G1nxx/Projects/IGI/353502_BURCHUCK_5/IGI/LR5/Parking/p_env/lib/python3.13/site-packages/django/db/models/fields/related_lookups.py first seen with mtime 1746826653.3188128
DEBUG 2025-05-11 13:26:48,525 autoreload File /home/G1nxx/Projects/IGI/353502_BURCHUCK_5/IGI/LR5/Parking/p_env/lib/python3.13/site-packages/django/urls/utils.py first seen with mtime 1746826653.3295681
DEBUG 2025-05-11 13:26:48,525 autoreload File /home/G1nxx/Projects/IGI/353502_BURCHUCK_5/IGI/LR5/Parking/p_env/lib/python3.13/site-packages/urllib3/connection.py first seen with mtime 1746920160.7640052
DEBUG 2025-05-11 13:26:48,525 autoreload File /home/G1nxx/Projects/IGI/353502_BURCHUCK_5/IGI/LR5/Parking/p_env/lib/python3.13/site-packages/django/core/files/storage/__init__.py first seen with mtime 1746826653.3058674
DEBUG 2025-05-11 13:26:48,525 autoreload File /home/G1nxx/Projects/IGI/353502_BURCHUCK_5/IGI/LR5/Parking/p_env/lib/python3.13/site-packages/django/utils/termcolors.py first seen with mtime 1746826653.3315442
DEBUG 2025-05-11 13:26:48,525 autoreload File /home/G1nxx/Projects/IGI/353502_BURCHUCK_5/IGI/LR5/Parking/p_env/lib/python3.13/site-packages/django/core/files/storage/memory.py first seen with mtime 1746826653.3060863
DEBUG 2025-05-11 13:26:48,525 autoreload File /home/G1nxx/Projects/IGI/353502_BURCHUCK_5/IGI/LR5/Parking/p_env/lib/python3.13/site-packages/django/core/files/utils.py first seen with mtime 1746826653.3058193
DEBUG 2025-05-11 13:26:48,525 autoreload File /usr/lib/python3.13/struct.py first seen with mtime 1744184665.0
DEBUG 2025-05-11 13:26:48,525 autoreload File /home/G1nxx/Projects/IGI/353502_BURCHUCK_5/IGI/LR5/Parking/p_env/lib/python3.13/site-packages/django/utils/decorators.py first seen with mtime 1746826653.3304129
DEBUG 2025-05-11 13:26:48,525 autoreload File /home/G1nxx/Projects/IGI/353502_BURCHUCK_5/IGI/LR5/Parking/p_env/lib/python3.13/site-packages/django/contrib/contenttypes/admin.py first seen with mtime 1746826653.2060776
DEBUG 2025-05-11 13:26:48,525 autoreload File /usr/lib/python3.13/email/mime/nonmultipart.py first seen with mtime 1744184665.0
DEBUG 2025-05-11 13:26:48,525 autoreload File /home/G1nxx/Projects/IGI/353502_BURCHUCK_5/IGI/LR5/Parking/p_env/lib/python3.13/site-packages/django/db/migrations/__init__.py first seen with mtime 1746826653.3142955
DEBUG 2025-05-11 13:26:48,525 autoreload File /home/G1nxx/Projects/IGI/353502_BURCHUCK_5/IGI/LR5/Parking/p_env/lib/python3.13/site-packages/django/dispatch/dispatcher.py first seen with mtime 1746826653.3208299
DEBUG 2025-05-11 13:26:48,525 autoreload File /usr/lib/python3.13/asyncio/queues.py first seen with mtime 1744184665.0
DEBUG 2025-05-11 13:26:48,525 autoreload File /home/G1nxx/Projects/IGI/353502_BURCHUCK_5/IGI/LR5/Parking/p_env/lib/python3.13/site-packages/django/core/management/commands/__init__.py first seen with mtime 1746826653.3077824
DEBUG 2025-05-11 13:26:48,525 autoreload File /usr/lib/python3.13/lib-dynload/_struct.cpython-313-x86_64-linux-gnu.so first seen with mtime 1744184665.0
DEBUG 2025-05-11 13:26:48,525 autoreload File /home/G1nxx/Projects/IGI/353502_BURCHUCK_5/IGI/LR5/Parking/p_env/lib/python3.13/site-packages/django/forms/utils.py first seen with mtime 1746826653.3217359
DEBUG 2025-05-11 13:26:48,525 autoreload File /home/G1nxx/Projects/IGI/353502_BURCHUCK_5/IGI/LR5/Parking/p_env/lib/python3.13/site-packages/django/views/decorators/common.py first seen with mtime 1746826653.3327851
DEBUG 2025-05-11 13:26:48,525 autoreload File /usr/lib/python3.13/zoneinfo/_common.py first seen with mtime 1744184665.0
DEBUG 2025-05-11 13:26:48,525 autoreload File /home/G1nxx/Projects/IGI/353502_BURCHUCK_5/IGI/LR5/Parking/p_env/lib/python3.13/site-packages/asgiref/__init__.py first seen with mtime 1746826653.0568168
DEBUG 2025-05-11 13:26:48,525 autoreload File /home/G1nxx/Projects/IGI/353502_BURCHUCK_5/IGI/LR5/Parking/p_env/lib/python3.13/site-packages/django/db/models/fields/related_descriptors.py first seen with mtime 1746826653.3187487
DEBUG 2025-05-11 13:26:48,525 autoreload File /home/G1nxx/Projects/IGI/353502_BURCHUCK_5/IGI/LR5/Parking/p_env/lib/python3.13/site-packages/django/db/models/constraints.py first seen with mtime 1746826653.3163097
DEBUG 2025-05-11 13:26:48,525 autoreload File /usr/lib/python3.13/typing.py first seen with mtime 1744184665.0
DEBUG 2025-05-11 13:26:48,525 autoreload File /home/G1nxx/Projects/IGI/353502_BURCHUCK_5/IGI/LR5/Parking/p_env/lib/python3.13/site-packages/django/core/files/storage/base.py first seen with mtime 1746826653.3059242
DEBUG 2025-05-11 13:26:48,525 autoreload File /home/G1nxx/Projects/IGI/353502_BURCHUCK_5/IGI/LR5/Parking/p_env/lib/python3.13/site-packages/django/core/serializers/base.py first seen with mtime 1746826653.3094938
DEBUG 2025-05-11 13:26:48,525 autoreload File /usr/lib/python3.13/email/feedparser.py first seen with mtime 1744184665.0
DEBUG 2025-05-11 13:26:48,525 autoreload File /home/G1nxx/Projects/IGI/353502_BURCHUCK_5/IGI/LR5/Parking/p_env/lib/python3.13/site-packages/django/utils/duration.py first seen with mtime 1746826653.3305204
DEBUG 2025-05-11 13:26:48,525 autoreload File /usr/lib/python3.13/zipfile/__init__.py first seen with mtime 1744184665.0
DEBUG 2025-05-11 13:26:48,525 autoreload File /home/G1nxx/Projects/IGI/353502_BURCHUCK_5/IGI/LR5/Parking/p_env/lib/python3.13/site-packages/django/contrib/admin/templatetags/base.py first seen with mtime 1746826653.17238
DEBUG 2025-05-11 13:26:48,525 autoreload File /home/G1nxx/Projects/IGI/353502_BURCHUCK_5/IGI/LR5/Parking/p_env/lib/python3.13/site-packages/django/core/checks/security/sessions.py first seen with mtime 1746826653.305433
DEBUG 2025-05-11 13:26:48,525 autoreload File /home/G1nxx/Projects/IGI/353502_BURCHUCK_5/IGI/LR5/Parking/p_env/lib/python3.13/site-packages/django/contrib/auth/base_user.py first seen with mtime 1746826653.1870568
DEBUG 2025-05-11 13:26:48,525 autoreload File /home/G1nxx/Projects/IGI/353502_BURCHUCK_5/IGI/LR5/Parking/p_env/lib/python3.13/site-packages/django/contrib/auth/management/__init__.py first seen with mtime 1746826653.2052376
DEBUG 2025-05-11 13:26:48,525 autoreload File /usr/lib/python3.13/asyncio/selector_events.py first seen with mtime 1744184665.0
DEBUG 2025-05-11 13:26:48,525 autoreload File /usr/lib/python3.13/lib-dynload/_multibytecodec.cpython-313-x86_64-linux-gnu.so first seen with mtime 1744184665.0
DEBUG 2025-05-11 13:26:48,525 autoreload File /home/G1nxx/Projects/IGI/353502_BURCHUCK_5/IGI/LR5/Parking/p_env/lib/python3.13/site-packages/django/contrib/auth/password_validation.py first seen with mtime 1746826653.1877885
DEBUG 2025-05-11 13:26:48,525 autoreload File /usr/lib/python3.13/selectors.py first seen with mtime 1744184665.0
DEBUG 2025-05-11 13:26:48,525 autoreload File /home/G1nxx/Projects/IGI/353502_BURCHUCK_5/IGI/LR5/Parking/p_env/lib/python3.13/site-packages/django/core/serializers/python.py first seen with mtime 1746826653.3096516
DEBUG 2025-05-11 13:26:48,525 autoreload File /home/G1nxx/Projects/IGI/353502_BURCHUCK_5/IGI/LR5/Parking/p_env/lib/python3.13/site-packages/django/db/models/sql/where.py first seen with mtime 1746826653.3206756
DEBUG 2025-05-11 13:26:48,525 autoreload File /home/G1nxx/Projects/IGI/353502_BURCHUCK_5/IGI/LR5/Parking/p_env/lib/python3.13/site-packages/django/utils/encoding.py first seen with mtime 1746826653.3305852
DEBUG 2025-05-11 13:26:48,525 autoreload File /home/G1nxx/Projects/IGI/353502_BURCHUCK_5/IGI/LR5/Parking/p_env/lib/python3.13/site-packages/django/utils/text.py first seen with mtime 1746826653.3316257
DEBUG 2025-05-11 13:26:48,525 autoreload File /home/G1nxx/Projects/IGI/353502_BURCHUCK_5/IGI/LR5/Parking/p_env/lib/python3.13/site-packages/django/views/generic/detail.py first seen with mtime 1746826653.333258
DEBUG 2025-05-11 13:26:48,525 autoreload File /usr/lib/python3.13/lib-dynload/_asyncio.cpython-313-x86_64-linux-gnu.so first seen with mtime 1744184665.0
DEBUG 2025-05-11 13:26:48,525 autoreload File /usr/lib/python3.13/email/mime/message.py first seen with mtime 1744184665.0
DEBUG 2025-05-11 13:26:48,525 autoreload File /home/G1nxx/Projects/IGI/353502_BURCHUCK_5/IGI/LR5/Parking/p_env/lib/python3.13/site-packages/django/core/checks/translation.py first seen with mtime 1746826653.3051698
DEBUG 2025-05-11 13:26:48,525 autoreload File /home/G1nxx/Projects/IGI/353502_BURCHUCK_5/IGI/LR5/Parking/p_env/lib/python3.13/site-packages/django/db/backends/base/features.py first seen with mtime 1746826653.3106334
DEBUG 2025-05-11 13:26:48,525 autoreload File /home/G1nxx/Projects/IGI/353502_BURCHUCK_5/IGI/LR5/Parking/p_env/lib/python3.13/site-packages/charset_normalizer/cd.py first seen with mtime 1746920160.8558922
DEBUG 2025-05-11 13:26:48,525 autoreload File /home/G1nxx/Projects/IGI/353502_BURCHUCK_5/IGI/LR5/Parking/p_env/lib/python3.13/site-packages/django/db/models/functions/json.py first seen with mtime 1746826653.3191886
DEBUG 2025-05-11 13:26:48,525 autoreload File /home/G1nxx/Projects/IGI/353502_BURCHUCK_5/IGI/LR5/Parking/p_env/lib/python3.13/site-packages/django/contrib/messages/api.py first seen with mtime 1746826653.2604709
DEBUG 2025-05-11 13:26:48,525 autoreload File /home/G1nxx/Projects/IGI/353502_BURCHUCK_5/IGI/LR5/Parking/p_env/lib/python3.13/site-packages/django/utils/lorem_ipsum.py first seen with mtime 1746826653.3312738
DEBUG 2025-05-11 13:26:48,525 autoreload File /usr/lib/python3.13/lib-dynload/array.cpython-313-x86_64-linux-gnu.so first seen with mtime 1744184665.0
DEBUG 2025-05-11 13:26:48,525 autoreload File /usr/lib/python3.13/asyncio/subprocess.py first seen with mtime 1744184665.0
DEBUG 2025-05-11 13:26:48,525 autoreload File /usr/lib/python3.13/asyncio/mixins.py first seen with mtime 1744184665.0
DEBUG 2025-05-11 13:26:48,525 autoreload File /home/G1nxx/Projects/IGI/353502_BURCHUCK_5/IGI/LR5/Parking/p_env/lib/python3.13/site-packages/django/core/handlers/__init__.py first seen with mtime 1746826653.3061273
DEBUG 2025-05-11 13:26:48,525 autoreload File /home/G1nxx/Projects/IGI/353502_BURCHUCK_5/IGI/LR5/Parking/p_env/lib/python3.13/site-packages/django/utils/translation/reloader.py first seen with mtime 1746826653.3320572
DEBUG 2025-05-11 13:26:48,525 autoreload File /home/G1nxx/Projects/IGI/353502_BURCHUCK_5/IGI/LR5/Parking/p_env/lib/python3.13/site-packages/charset_normalizer/__init__.py first seen with mtime 1746920160.8556092
DEBUG 2025-05-11 13:26:48,525 autoreload File /usr/lib/python3.13/_weakrefset.py first seen with mtime 1744184665.0
DEBUG 2025-05-11 13:26:48,525 autoreload File /home/G1nxx/Projects/IGI/353502_BURCHUCK_5/IGI/LR5/Parking/p_env/lib/python3.13/site-packages/django/core/cache/utils.py first seen with mtime 1746826653.304303
DEBUG 2025-05-11 13:26:48,525 autoreload File /usr/lib/python3.13/_opcode_metadata.py first seen with mtime 1744184665.0
DEBUG 2025-05-11 13:26:48,525 autoreload File /home/G1nxx/Projects/IGI/353502_BURCHUCK_5/IGI/LR5/Parking/parking/__init__.py first seen with mtime 1746826749.0879724
DEBUG 2025-05-11 13:26:48,525 autoreload File /home/G1nxx/Projects/IGI/353502_BURCHUCK_5/IGI/LR5/Parking/auto_car/models.py first seen with mtime 1746961878.948892
DEBUG 2025-05-11 13:26:48,525 autoreload File /home/G1nxx/Projects/IGI/353502_BURCHUCK_5/IGI/LR5/Parking/p_env/lib/python3.13/site-packages/django/contrib/admin/options.py first seen with mtime 1746826653.1254895
DEBUG 2025-05-11 13:26:48,525 autoreload File /usr/lib/python3.13/types.py first seen with mtime 1744184665.0
DEBUG 2025-05-11 13:26:48,525 autoreload File /home/G1nxx/Projects/IGI/353502_BURCHUCK_5/IGI/LR5/Parking/p_env/lib/python3.13/site-packages/django/middleware/csrf.py first seen with mtime 1746826653.325997
DEBUG 2025-05-11 13:26:48,525 autoreload File /home/G1nxx/Projects/IGI/353502_BURCHUCK_5/IGI/LR5/Parking/p_env/lib/python3.13/site-packages/django/core/checks/security/csrf.py first seen with mtime 1746826653.3053977
DEBUG 2025-05-11 13:26:48,525 autoreload File /home/G1nxx/Projects/IGI/353502_BURCHUCK_5/IGI/LR5/Parking/p_env/lib/python3.13/site-packages/sqlparse/tokens.py first seen with mtime 1746826653.0327735
DEBUG 2025-05-11 13:26:48,525 autoreload File /home/G1nxx/Projects/IGI/353502_BURCHUCK_5/IGI/LR5/Parking/p_env/lib/python3.13/site-packages/django/urls/__init__.py first seen with mtime 1746826653.3292499
DEBUG 2025-05-11 13:26:48,525 autoreload File /home/G1nxx/Projects/IGI/353502_BURCHUCK_5/IGI/LR5/Parking/p_env/lib/python3.13/site-packages/django/contrib/admin/__init__.py first seen with mtime 1746826653.1246653
DEBUG 2025-05-11 13:26:48,525 autoreload File /usr/lib/python3.13/weakref.py first seen with mtime 1744184665.0
DEBUG 2025-05-11 13:26:48,525 autoreload File /home/G1nxx/Projects/IGI/353502_BURCHUCK_5/IGI/LR5/Parking/p_env/lib/python3.13/site-packages/urllib3/_collections.py first seen with mtime 1746920160.76368
DEBUG 2025-05-11 13:26:48,525 autoreload File /home/G1nxx/Projects/IGI/353502_BURCHUCK_5/IGI/LR5/Parking/p_env/lib/python3.13/site-packages/requests/hooks.py first seen with mtime 1746920160.8800972
DEBUG 2025-05-11 13:26:48,525 autoreload File /home/G1nxx/Projects/IGI/353502_BURCHUCK_5/IGI/LR5/Parking/p_env/lib/python3.13/site-packages/urllib3/__init__.py first seen with mtime 1746920160.7634416
DEBUG 2025-05-11 13:26:48,525 autoreload File /home/G1nxx/Projects/IGI/353502_BURCHUCK_5/IGI/LR5/Parking/p_env/lib/python3.13/site-packages/django/core/handlers/wsgi.py first seen with mtime 1746826653.3067372
DEBUG 2025-05-11 13:26:48,526 autoreload File /home/G1nxx/Projects/IGI/353502_BURCHUCK_5/IGI/LR5/Parking/p_env/lib/python3.13/site-packages/django/utils/safestring.py first seen with mtime 1746826653.3314886
DEBUG 2025-05-11 13:26:48,526 autoreload File /home/G1nxx/Projects/IGI/353502_BURCHUCK_5/IGI/LR5/Parking/p_env/lib/python3.13/site-packages/django/forms/formsets.py first seen with mtime 1746826653.3214025
DEBUG 2025-05-11 13:26:48,526 autoreload File /home/G1nxx/Projects/IGI/353502_BURCHUCK_5/IGI/LR5/Parking/p_env/lib/python3.13/site-packages/django/contrib/admin/templatetags/admin_list.py first seen with mtime 1746826653.1721747
DEBUG 2025-05-11 13:26:48,526 autoreload File /home/G1nxx/Projects/IGI/353502_BURCHUCK_5/IGI/LR5/Parking/p_env/lib/python3.13/site-packages/django/middleware/cache.py first seen with mtime 1746826653.3257813
DEBUG 2025-05-11 13:26:48,526 autoreload File /home/G1nxx/Projects/IGI/353502_BURCHUCK_5/IGI/LR5/Parking/p_env/lib/python3.13/site-packages/requests/__init__.py first seen with mtime 1746920160.8793557
DEBUG 2025-05-11 13:26:48,526 autoreload File /usr/lib/python3.13/_compression.py first seen with mtime 1744184665.0
DEBUG 2025-05-11 13:26:48,526 autoreload File /usr/lib/python3.13/lib-dynload/_zoneinfo.cpython-313-x86_64-linux-gnu.so first seen with mtime 1744184665.0
DEBUG 2025-05-11 13:26:48,526 autoreload File /usr/lib/python3.13/keyword.py first seen with mtime 1744184665.0
DEBUG 2025-05-11 13:26:48,526 autoreload File /home/G1nxx/Projects/IGI/353502_BURCHUCK_5/IGI/LR5/Parking/p_env/lib/python3.13/site-packages/django/apps/config.py first seen with mtime 1746826653.0894167
DEBUG 2025-05-11 13:26:48,526 autoreload File /home/G1nxx/Projects/IGI/353502_BURCHUCK_5/IGI/LR5/Parking/p_env/lib/python3.13/site-packages/django/urls/converters.py first seen with mtime 1746826653.3293858
DEBUG 2025-05-11 13:26:48,526 autoreload File /home/G1nxx/Projects/IGI/353502_BURCHUCK_5/IGI/LR5/Parking/p_env/lib/python3.13/site-packages/sqlparse/filters/aligned_indent.py first seen with mtime 1746826653.0333014
DEBUG 2025-05-11 13:26:48,526 autoreload File /usr/lib/python3.13/lib-dynload/_bz2.cpython-313-x86_64-linux-gnu.so first seen with mtime 1744184665.0
DEBUG 2025-05-11 13:26:48,526 autoreload File /usr/lib/python3.13/importlib/resources/_functional.py first seen with mtime 1744184665.0
DEBUG 2025-05-11 13:26:48,526 autoreload File /home/G1nxx/Projects/IGI/353502_BURCHUCK_5/IGI/LR5/Parking/p_env/lib/python3.13/site-packages/django/utils/datastructures.py first seen with mtime 1746826653.3301406
DEBUG 2025-05-11 13:26:48,526 autoreload File /usr/lib/python3.13/email/message.py first seen with mtime 1744184665.0
DEBUG 2025-05-11 13:26:48,526 autoreload File /home/G1nxx/Projects/IGI/353502_BURCHUCK_5/IGI/LR5/Parking/p_env/lib/python3.13/site-packages/django/template/loaders/app_directories.py first seen with mtime 1746826653.3277857
DEBUG 2025-05-11 13:26:48,526 autoreload File /home/G1nxx/Projects/IGI/353502_BURCHUCK_5/IGI/LR5/Parking/p_env/lib/python3.13/site-packages/django/contrib/admin/sites.py first seen with mtime 1746826653.1256108
DEBUG 2025-05-11 13:26:48,526 autoreload File /home/G1nxx/Projects/IGI/353502_BURCHUCK_5/IGI/LR5/Parking/p_env/lib/python3.13/site-packages/django/core/mail/message.py first seen with mtime 1746826653.3069346
DEBUG 2025-05-11 13:26:48,526 autoreload File /home/G1nxx/Projects/IGI/353502_BURCHUCK_5/IGI/LR5/Parking/p_env/lib/python3.13/site-packages/urllib3/util/proxy.py first seen with mtime 1746920160.766007
DEBUG 2025-05-11 13:26:48,526 autoreload File /home/G1nxx/Projects/IGI/353502_BURCHUCK_5/IGI/LR5/Parking/p_env/lib/python3.13/site-packages/django/contrib/messages/constants.py first seen with mtime 1746826653.2605374
DEBUG 2025-05-11 13:26:48,526 autoreload File /home/G1nxx/Projects/IGI/353502_BURCHUCK_5/IGI/LR5/Parking/p_env/lib/python3.13/site-packages/django/core/files/base.py first seen with mtime 1746826653.3055184
DEBUG 2025-05-11 13:26:48,526 autoreload File /home/G1nxx/Projects/IGI/353502_BURCHUCK_5/IGI/LR5/Parking/p_env/lib/python3.13/site-packages/django/db/migrations/state.py first seen with mtime 1746826653.3152628
DEBUG 2025-05-11 13:26:48,526 autoreload File /usr/lib/python3.13/logging/config.py first seen with mtime 1744184665.0
DEBUG 2025-05-11 13:26:48,526 autoreload File /usr/lib/python3.13/email/parser.py first seen with mtime 1744184665.0
DEBUG 2025-05-11 13:26:48,526 autoreload File /usr/lib/python3.13/asyncio/events.py first seen with mtime 1744184665.0
DEBUG 2025-05-11 13:26:48,526 autoreload File /home/G1nxx/Projects/IGI/353502_BURCHUCK_5/IGI/LR5/Parking/p_env/lib/python3.13/site-packages/urllib3/util/ssltransport.py first seen with mtime 1746920160.7664745
DEBUG 2025-05-11 13:26:48,526 autoreload File /home/G1nxx/Projects/IGI/353502_BURCHUCK_5/IGI/LR5/Parking/p_env/lib/python3.13/site-packages/django/forms/widgets.py first seen with mtime 1746826653.3218899
DEBUG 2025-05-11 13:26:48,526 autoreload File /home/G1nxx/Projects/IGI/353502_BURCHUCK_5/IGI/LR5/Parking/p_env/lib/python3.13/site-packages/urllib3/util/ssl_.py first seen with mtime 1746920160.766345
DEBUG 2025-05-11 13:26:48,526 autoreload File /home/G1nxx/Projects/IGI/353502_BURCHUCK_5/IGI/LR5/Parking/p_env/lib/python3.13/site-packages/django/db/models/fields/__init__.py first seen with mtime 1746826653.3178442
DEBUG 2025-05-11 13:26:48,526 autoreload File /home/G1nxx/Projects/IGI/353502_BURCHUCK_5/IGI/LR5/Parking/p_env/lib/python3.13/site-packages/django/db/models/functions/window.py first seen with mtime 1746826653.3193748
DEBUG 2025-05-11 13:26:48,526 autoreload File /usr/lib/python3.13/asyncio/format_helpers.py first seen with mtime 1744184665.0
DEBUG 2025-05-11 13:26:48,526 autoreload File /home/G1nxx/Projects/IGI/353502_BURCHUCK_5/IGI/LR5/Parking/p_env/lib/python3.13/site-packages/django/conf/global_settings.py first seen with mtime 1746826653.0896914
DEBUG 2025-05-11 13:26:48,526 autoreload File /home/G1nxx/Projects/IGI/353502_BURCHUCK_5/IGI/LR5/Parking/p_env/lib/python3.13/site-packages/django/urls/resolvers.py first seen with mtime 1746826653.3295238
DEBUG 2025-05-11 13:26:48,526 autoreload File /home/G1nxx/Projects/IGI/353502_BURCHUCK_5/IGI/LR5/Parking/p_env/lib/python3.13/site-packages/django/core/management/color.py first seen with mtime 1746826653.3076072
DEBUG 2025-05-11 13:26:48,526 autoreload File /home/G1nxx/Projects/IGI/353502_BURCHUCK_5/IGI/LR5/Parking/p_env/lib/python3.13/site-packages/django/utils/crypto.py first seen with mtime 1746826653.3300765
DEBUG 2025-05-11 13:26:48,526 autoreload File /home/G1nxx/Projects/IGI/353502_BURCHUCK_5/IGI/LR5/Parking/p_env/lib/python3.13/site-packages/urllib3/poolmanager.py first seen with mtime 1746920160.7647512
DEBUG 2025-05-11 13:26:48,526 autoreload File /usr/lib/python3.13/ssl.py first seen with mtime 1744184665.0
DEBUG 2025-05-11 13:26:48,526 autoreload File /home/G1nxx/Projects/IGI/353502_BURCHUCK_5/IGI/LR5/Parking/p_env/lib/python3.13/site-packages/django/db/models/fields/files.py first seen with mtime 1746826653.3180625
DEBUG 2025-05-11 13:26:48,526 autoreload File /home/G1nxx/Projects/IGI/353502_BURCHUCK_5/IGI/LR5/Parking/p_env/lib/python3.13/site-packages/django/core/checks/files.py first seen with mtime 1746826653.3049529
DEBUG 2025-05-11 13:26:48,526 autoreload File /home/G1nxx/Projects/IGI/353502_BURCHUCK_5/IGI/LR5/Parking/p_env/lib/python3.13/site-packages/django/db/models/base.py first seen with mtime 1746826653.316161
DEBUG 2025-05-11 13:26:48,526 autoreload File /usr/lib/python3.13/asyncio/threads.py first seen with mtime 1744184665.0
DEBUG 2025-05-11 13:26:48,526 autoreload File /home/G1nxx/Projects/IGI/353502_BURCHUCK_5/IGI/LR5/Parking/p_env/lib/python3.13/site-packages/django/db/models/enums.py first seen with mtime 1746826653.3164563
DEBUG 2025-05-11 13:26:48,526 autoreload File /home/G1nxx/Projects/IGI/353502_BURCHUCK_5/IGI/LR5/Parking/manage.py first seen with mtime 1746826749.0879724
DEBUG 2025-05-11 13:26:48,526 autoreload File /usr/lib/python3.13/asyncio/taskgroups.py first seen with mtime 1744184665.0
DEBUG 2025-05-11 13:26:48,526 autoreload File /home/G1nxx/Projects/IGI/353502_BURCHUCK_5/IGI/LR5/Parking/p_env/lib/python3.13/site-packages/django/apps/__init__.py first seen with mtime 1746826653.0893476
DEBUG 2025-05-11 13:26:48,526 autoreload File /home/G1nxx/Projects/IGI/353502_BURCHUCK_5/IGI/LR5/Parking/p_env/lib/python3.13/site-packages/django/template/backends/base.py first seen with mtime 1746826653.3275187
DEBUG 2025-05-11 13:26:48,526 autoreload File /home/G1nxx/Projects/IGI/353502_BURCHUCK_5/IGI/LR5/Parking/p_env/lib/python3.13/site-packages/django/utils/numberformat.py first seen with mtime 1746826653.33137
DEBUG 2025-05-11 13:26:48,526 autoreload File /usr/lib/python3.13/inspect.py first seen with mtime 1744184665.0
DEBUG 2025-05-11 13:26:48,526 autoreload File /home/G1nxx/Projects/IGI/353502_BURCHUCK_5/IGI/LR5/Parking/p_env/lib/python3.13/site-packages/urllib3/fields.py first seen with mtime 1746920160.764582
DEBUG 2025-05-11 13:26:48,526 autoreload File /usr/lib/python3.13/lib-dynload/unicodedata.cpython-313-x86_64-linux-gnu.so first seen with mtime 1744184665.0
DEBUG 2025-05-11 13:26:48,526 autoreload File /home/G1nxx/Projects/IGI/353502_BURCHUCK_5/IGI/LR5/Parking/p_env/lib/python3.13/site-packages/sqlparse/lexer.py first seen with mtime 1746826653.0326123
DEBUG 2025-05-11 13:26:48,526 autoreload File /home/G1nxx/Projects/IGI/353502_BURCHUCK_5/IGI/LR5/Parking/p_env/lib/python3.13/site-packages/urllib3/util/__init__.py first seen with mtime 1746920160.7658975
DEBUG 2025-05-11 13:26:48,526 autoreload File /usr/lib/python3.13/lib-dynload/_ssl.cpython-313-x86_64-linux-gnu.so first seen with mtime 1744184665.0
DEBUG 2025-05-11 13:26:48,526 autoreload File /home/G1nxx/Projects/IGI/353502_BURCHUCK_5/IGI/LR5/Parking/p_env/lib/python3.13/site-packages/requests/structures.py first seen with mtime 1746920160.8805776
DEBUG 2025-05-11 13:26:48,526 autoreload File /home/G1nxx/Projects/IGI/353502_BURCHUCK_5/IGI/LR5/Parking/p_env/lib/python3.13/site-packages/django/views/decorators/debug.py first seen with mtime 1746826653.3328729
DEBUG 2025-05-11 13:26:48,526 autoreload File /home/G1nxx/Projects/IGI/353502_BURCHUCK_5/IGI/LR5/Parking/p_env/lib/python3.13/site-packages/django/contrib/auth/apps.py first seen with mtime 1746826653.1869469
DEBUG 2025-05-11 13:26:48,526 autoreload File /home/G1nxx/Projects/IGI/353502_BURCHUCK_5/IGI/LR5/Parking/p_env/lib/python3.13/site-packages/charset_normalizer/md.cpython-313-x86_64-linux-gnu.so first seen with mtime 1746920160.8562367
DEBUG 2025-05-11 13:26:48,526 autoreload File /usr/lib/python3.13/asyncio/runners.py first seen with mtime 1744184665.0
DEBUG 2025-05-11 13:26:48,526 autoreload File /usr/lib/python3.13/uuid.py first seen with mtime 1744184665.0
DEBUG 2025-05-11 13:26:48,526 autoreload File /home/G1nxx/Projects/IGI/353502_BURCHUCK_5/IGI/LR5/Parking/p_env/lib/python3.13/site-packages/django/contrib/staticfiles/views.py first seen with mtime 1746826653.3034315
DEBUG 2025-05-11 13:26:48,526 autoreload File /home/G1nxx/Projects/IGI/353502_BURCHUCK_5/IGI/LR5/Parking/p_env/lib/python3.13/site-packages/django/core/files/move.py first seen with mtime 1746826653.3056424
DEBUG 2025-05-11 13:26:48,526 autoreload File /usr/lib/python3.13/dis.py first seen with mtime 1744184665.0
DEBUG 2025-05-11 13:26:48,526 autoreload File /home/G1nxx/Projects/IGI/353502_BURCHUCK_5/IGI/LR5/Parking/p_env/lib/python3.13/site-packages/django/db/models/fields/composite.py first seen with mtime 1746826653.3179328
DEBUG 2025-05-11 13:26:48,526 autoreload File /home/G1nxx/Projects/IGI/353502_BURCHUCK_5/IGI/LR5/Parking/p_env/lib/python3.13/site-packages/django/urls/base.py first seen with mtime 1746826653.3293037
DEBUG 2025-05-11 13:26:48,526 autoreload File /usr/lib/python3.13/contextlib.py first seen with mtime 1744184665.0
DEBUG 2025-05-11 13:26:48,526 autoreload File /home/G1nxx/Projects/IGI/353502_BURCHUCK_5/IGI/LR5/Parking/p_env/lib/python3.13/site-packages/django/core/checks/__init__.py first seen with mtime 1746826653.3047554
DEBUG 2025-05-11 13:26:48,526 autoreload File /usr/lib/python3.13/argparse.py first seen with mtime 1744184665.0
DEBUG 2025-05-11 13:26:48,526 autoreload File /home/G1nxx/Projects/IGI/353502_BURCHUCK_5/IGI/LR5/Parking/p_env/lib/python3.13/site-packages/django/contrib/contenttypes/forms.py first seen with mtime 1746826653.20633
DEBUG 2025-05-11 13:26:48,526 autoreload File /home/G1nxx/Projects/IGI/353502_BURCHUCK_5/IGI/LR5/Parking/p_env/lib/python3.13/site-packages/django/db/models/fields/json.py first seen with mtime 1746826653.3182523
DEBUG 2025-05-11 13:26:48,526 autoreload File /home/G1nxx/Projects/IGI/353502_BURCHUCK_5/IGI/LR5/Parking/p_env/lib/python3.13/site-packages/django/contrib/sites/requests.py first seen with mtime 1746826653.2933924
DEBUG 2025-05-11 13:26:48,526 autoreload File /home/G1nxx/Projects/IGI/353502_BURCHUCK_5/IGI/LR5/Parking/p_env/lib/python3.13/site-packages/django/core/cache/__init__.py first seen with mtime 1746826653.304261
DEBUG 2025-05-11 13:26:48,526 autoreload File /home/G1nxx/Projects/IGI/353502_BURCHUCK_5/IGI/LR5/Parking/p_env/lib/python3.13/site-packages/django/db/backends/__init__.py first seen with mtime 1746826653.310087
DEBUG 2025-05-11 13:26:48,526 autoreload File /usr/lib/python3.13/email/mime/base.py first seen with mtime 1744184665.0
DEBUG 2025-05-11 13:26:48,526 autoreload File /usr/lib/python3.13/lib-dynload/_datetime.cpython-313-x86_64-linux-gnu.so first seen with mtime 1744184665.0
DEBUG 2025-05-11 13:26:48,526 autoreload File /usr/lib/python3.13/asyncio/transports.py first seen with mtime 1744184665.0
DEBUG 2025-05-11 13:26:48,526 autoreload File /home/G1nxx/Projects/IGI/353502_BURCHUCK_5/IGI/LR5/Parking/p_env/lib/python3.13/site-packages/django/urls/exceptions.py first seen with mtime 1746826653.329418
DEBUG 2025-05-11 13:26:48,526 autoreload File /usr/lib/python3.13/lib-dynload/termios.cpython-313-x86_64-linux-gnu.so first seen with mtime 1744184665.0
DEBUG 2025-05-11 13:26:48,526 autoreload File /home/G1nxx/Projects/IGI/353502_BURCHUCK_5/IGI/LR5/Parking/p_env/lib/python3.13/site-packages/django/contrib/sessions/models.py first seen with mtime 1746826653.2819245
DEBUG 2025-05-11 13:26:48,526 autoreload File /home/G1nxx/Projects/IGI/353502_BURCHUCK_5/IGI/LR5/Parking/parking/urls.py first seen with mtime 1746831901.1977456
DEBUG 2025-05-11 13:26:48,526 autoreload File /home/G1nxx/Projects/IGI/353502_BURCHUCK_5/IGI/LR5/Parking/p_env/lib/python3.13/site-packages/django/contrib/staticfiles/handlers.py first seen with mtime 1746826653.3031926
DEBUG 2025-05-11 13:26:48,526 autoreload File /usr/lib/python3.13/ast.py first seen with mtime 1744184665.0
DEBUG 2025-05-11 13:26:48,526 autoreload File /usr/lib/python3.13/urllib/response.py first seen with mtime 1744184665.0
DEBUG 2025-05-11 13:26:48,526 autoreload File /home/G1nxx/Projects/IGI/353502_BURCHUCK_5/IGI/LR5/Parking/p_env/lib/python3.13/site-packages/django/core/checks/security/base.py first seen with mtime 1746826653.3053536
DEBUG 2025-05-11 13:26:48,526 autoreload File /usr/lib/python3.13/importlib/resources/readers.py first seen with mtime 1744184665.0
DEBUG 2025-05-11 13:26:48,526 autoreload File /usr/lib/python3.13/importlib/abc.py first seen with mtime 1744184665.0
DEBUG 2025-05-11 13:26:48,527 autoreload File /home/G1nxx/Projects/IGI/353502_BURCHUCK_5/IGI/LR5/Parking/p_env/lib/python3.13/site-packages/charset_normalizer/utils.py first seen with mtime 1746920160.857556
DEBUG 2025-05-11 13:26:48,527 autoreload File /home/G1nxx/Projects/IGI/353502_BURCHUCK_5/IGI/LR5/Parking/p_env/lib/python3.13/site-packages/django/db/migrations/recorder.py first seen with mtime 1746826653.3150463
DEBUG 2025-05-11 13:26:48,527 autoreload File /home/G1nxx/Projects/IGI/353502_BURCHUCK_5/IGI/LR5/Parking/auto_car/usecase/user.py first seen with mtime 1746964550.6717172
DEBUG 2025-05-11 13:26:48,527 autoreload File /home/G1nxx/Projects/IGI/353502_BURCHUCK_5/IGI/LR5/Parking/p_env/lib/python3.13/site-packages/django/utils/asyncio.py first seen with mtime 1746826653.3297358
DEBUG 2025-05-11 13:26:48,527 autoreload File /usr/lib/python3.13/asyncio/__init__.py first seen with mtime 1744184665.0
DEBUG 2025-05-11 13:26:48,527 autoreload File /home/G1nxx/Projects/IGI/353502_BURCHUCK_5/IGI/LR5/Parking/p_env/lib/python3.13/site-packages/django/views/__init__.py first seen with mtime 1746826653.332318
DEBUG 2025-05-11 13:26:48,527 autoreload File /home/G1nxx/Projects/IGI/353502_BURCHUCK_5/IGI/LR5/Parking/p_env/lib/python3.13/site-packages/django/db/backends/sqlite3/__init__.py first seen with mtime 1746826653.3135905
DEBUG 2025-05-11 13:26:48,527 autoreload File /home/G1nxx/Projects/IGI/353502_BURCHUCK_5/IGI/LR5/Parking/p_env/lib/python3.13/site-packages/django/views/csrf.py first seen with mtime 1746826653.332366
DEBUG 2025-05-11 13:26:48,527 autoreload File /usr/lib/python3.13/graphlib.py first seen with mtime 1744184665.0
DEBUG 2025-05-11 13:26:48,527 autoreload File /home/G1nxx/Projects/IGI/353502_BURCHUCK_5/IGI/LR5/Parking/p_env/lib/python3.13/site-packages/django/utils/translation/__init__.py first seen with mtime 1746826653.3319964
DEBUG 2025-05-11 13:26:48,527 autoreload File /usr/lib/python3.13/wsgiref/util.py first seen with mtime 1744184665.0
DEBUG 2025-05-11 13:26:48,527 autoreload File /home/G1nxx/Projects/IGI/353502_BURCHUCK_5/IGI/LR5/Parking/p_env/lib/python3.13/site-packages/django/db/migrations/loader.py first seen with mtime 1746826653.3148017
DEBUG 2025-05-11 13:26:48,527 autoreload File /usr/lib/python3.13/importlib/metadata/_functools.py first seen with mtime 1744184665.0
DEBUG 2025-05-11 13:26:48,527 autoreload File /usr/lib/python3.13/email/policy.py first seen with mtime 1744184665.0
DEBUG 2025-05-11 13:26:48,527 autoreload File /usr/lib/python3.13/logging/handlers.py first seen with mtime 1744184665.0
DEBUG 2025-05-11 13:26:48,527 autoreload File /usr/lib/python3.13/_sysconfigdata__linux_x86_64-linux-gnu.py first seen with mtime 1744184665.0
DEBUG 2025-05-11 13:26:48,527 autoreload File /home/G1nxx/Projects/IGI/353502_BURCHUCK_5/IGI/LR5/Parking/p_env/lib/python3.13/site-packages/django/db/backends/sqlite3/features.py first seen with mtime 1746826653.3139977
DEBUG 2025-05-11 13:26:48,527 autoreload File /home/G1nxx/Projects/IGI/353502_BURCHUCK_5/IGI/LR5/Parking/p_env/lib/python3.13/site-packages/django/template/loaders/filesystem.py first seen with mtime 1746826653.3279264
DEBUG 2025-05-11 13:26:48,527 autoreload File /usr/lib/python3.13/tokenize.py first seen with mtime 1744184665.0
DEBUG 2025-05-11 13:26:48,527 autoreload File /home/G1nxx/Projects/IGI/353502_BURCHUCK_5/IGI/LR5/Parking/p_env/lib/python3.13/site-packages/django/db/migrations/optimizer.py first seen with mtime 1746826653.3149261
DEBUG 2025-05-11 13:26:48,527 autoreload File /home/G1nxx/Projects/IGI/353502_BURCHUCK_5/IGI/LR5/Parking/p_env/lib/python3.13/site-packages/django/db/migrations/writer.py first seen with mtime 1746826653.3153868
DEBUG 2025-05-11 13:26:48,527 autoreload File /home/G1nxx/Projects/IGI/353502_BURCHUCK_5/IGI/LR5/Parking/p_env/lib/python3.13/site-packages/django/views/generic/list.py first seen with mtime 1746826653.3333702
DEBUG 2025-05-11 13:26:48,527 autoreload File /home/G1nxx/Projects/IGI/353502_BURCHUCK_5/IGI/LR5/Parking/p_env/lib/python3.13/site-packages/django/contrib/__init__.py first seen with mtime 1746826653.1245933
DEBUG 2025-05-11 13:26:48,527 autoreload File /home/G1nxx/Projects/IGI/353502_BURCHUCK_5/IGI/LR5/Parking/p_env/lib/python3.13/site-packages/django/db/backends/ddl_references.py first seen with mtime 1746826653.310169
DEBUG 2025-05-11 13:26:48,527 autoreload File /home/G1nxx/Projects/IGI/353502_BURCHUCK_5/IGI/LR5/Parking/p_env/lib/python3.13/site-packages/django/template/__init__.py first seen with mtime 1746826653.326218
DEBUG 2025-05-11 13:26:48,527 autoreload File /home/G1nxx/Projects/IGI/353502_BURCHUCK_5/IGI/LR5/Parking/p_env/lib/python3.13/site-packages/django/core/checks/caches.py first seen with mtime 1746826653.304829
DEBUG 2025-05-11 13:26:48,527 autoreload File /home/G1nxx/Projects/IGI/353502_BURCHUCK_5/IGI/LR5/Parking/p_env/lib/python3.13/site-packages/django/contrib/admin/exceptions.py first seen with mtime 1746826653.1249604
DEBUG 2025-05-11 13:26:48,527 autoreload File /home/G1nxx/Projects/IGI/353502_BURCHUCK_5/IGI/LR5/Parking/p_env/lib/python3.13/site-packages/django/core/files/locks.py first seen with mtime 1746826653.3056016
DEBUG 2025-05-11 13:26:48,527 autoreload File /home/G1nxx/Projects/IGI/353502_BURCHUCK_5/IGI/LR5/Parking/p_env/lib/python3.13/site-packages/django/forms/boundfield.py first seen with mtime 1746826653.3210366
DEBUG 2025-05-11 13:26:48,527 autoreload File /usr/lib/python3.13/random.py first seen with mtime 1744184665.0
DEBUG 2025-05-11 13:26:48,527 autoreload File /home/G1nxx/Projects/IGI/353502_BURCHUCK_5/IGI/LR5/Parking/p_env/lib/python3.13/site-packages/requests/compat.py first seen with mtime 1746920160.8798301
DEBUG 2025-05-11 13:26:48,527 autoreload File /home/G1nxx/Projects/IGI/353502_BURCHUCK_5/IGI/LR5/Parking/p_env/lib/python3.13/site-packages/idna/idnadata.py first seen with mtime 1746920160.809224
DEBUG 2025-05-11 13:26:48,527 autoreload File /usr/lib/python3.13/lib-dynload/_opcode.cpython-313-x86_64-linux-gnu.so first seen with mtime 1744184665.0
DEBUG 2025-05-11 13:26:48,527 autoreload File /usr/lib/python3.13/asyncio/base_futures.py first seen with mtime 1744184665.0
DEBUG 2025-05-11 13:26:48,527 autoreload File /home/G1nxx/Projects/IGI/353502_BURCHUCK_5/IGI/LR5/Parking/p_env/lib/python3.13/site-packages/django/contrib/admin/views/autocomplete.py first seen with mtime 1746826653.1725013
DEBUG 2025-05-11 13:26:48,527 autoreload File /usr/lib/python3.13/pkgutil.py first seen with mtime 1744184665.0
DEBUG 2025-05-11 13:26:48,527 autoreload File /home/G1nxx/Projects/IGI/353502_BURCHUCK_5/IGI/LR5/Parking/p_env/lib/python3.13/site-packages/sqlparse/exceptions.py first seen with mtime 1746826653.0323591
DEBUG 2025-05-11 13:26:48,527 autoreload File /home/G1nxx/Projects/IGI/353502_BURCHUCK_5/IGI/LR5/Parking/p_env/lib/python3.13/site-packages/django/template/defaultfilters.py first seen with mtime 1746826653.3266325
DEBUG 2025-05-11 13:26:48,527 autoreload File /usr/lib/python3.13/http/__init__.py first seen with mtime 1744184665.0
DEBUG 2025-05-11 13:26:48,527 autoreload File /usr/lib/python3.13/asyncio/base_tasks.py first seen with mtime 1744184665.0
DEBUG 2025-05-11 13:26:48,527 autoreload File /usr/lib/python3.13/importlib/resources/_adapters.py first seen with mtime 1744184665.0
DEBUG 2025-05-11 13:26:48,527 autoreload File /home/G1nxx/Projects/IGI/353502_BURCHUCK_5/IGI/LR5/Parking/p_env/lib/python3.13/site-packages/django/contrib/staticfiles/management/commands/runserver.py first seen with mtime 1746826653.3036323
DEBUG 2025-05-11 13:26:48,527 autoreload File /home/G1nxx/Projects/IGI/353502_BURCHUCK_5/IGI/LR5/Parking/p_env/lib/python3.13/site-packages/urllib3/util/ssl_match_hostname.py first seen with mtime 1746920160.7664096
DEBUG 2025-05-11 13:26:48,527 autoreload File /home/G1nxx/Projects/IGI/353502_BURCHUCK_5/IGI/LR5/Parking/p_env/lib/python3.13/site-packages/django/views/generic/dates.py first seen with mtime 1746826653.3331988
DEBUG 2025-05-11 13:26:48,527 autoreload File /usr/lib/python3.13/functools.py first seen with mtime 1744184665.0
DEBUG 2025-05-11 13:26:48,527 autoreload File /home/G1nxx/Projects/IGI/353502_BURCHUCK_5/IGI/LR5/Parking/p_env/lib/python3.13/site-packages/django/db/migrations/serializer.py first seen with mtime 1746826653.315115
DEBUG 2025-05-11 13:26:48,527 autoreload File /home/G1nxx/Projects/IGI/353502_BURCHUCK_5/IGI/LR5/Parking/p_env/lib/python3.13/site-packages/django/core/handlers/exception.py first seen with mtime 1746826653.3066769
DEBUG 2025-05-11 13:26:48,527 autoreload File /home/G1nxx/Projects/IGI/353502_BURCHUCK_5/IGI/LR5/Parking/p_env/lib/python3.13/site-packages/requests/status_codes.py first seen with mtime 1746920160.8805187
DEBUG 2025-05-11 13:26:48,527 autoreload File /usr/lib/python3.13/asyncio/trsock.py first seen with mtime 1744184665.0
DEBUG 2025-05-11 13:26:48,527 autoreload File /home/G1nxx/Projects/IGI/353502_BURCHUCK_5/IGI/LR5/Parking/p_env/lib/python3.13/site-packages/urllib3/http2/__init__.py first seen with mtime 1746920160.7656977
DEBUG 2025-05-11 13:26:48,527 autoreload File /home/G1nxx/Projects/IGI/353502_BURCHUCK_5/IGI/LR5/Parking/p_env/lib/python3.13/site-packages/django/contrib/staticfiles/finders.py first seen with mtime 1746826653.3031402
DEBUG 2025-05-11 13:26:48,527 autoreload File /home/G1nxx/Projects/IGI/353502_BURCHUCK_5/IGI/LR5/Parking/p_env/lib/python3.13/site-packages/django/core/cache/backends/__init__.py first seen with mtime 1746826653.304303
DEBUG 2025-05-11 13:26:48,527 autoreload File /usr/lib/python3.13/asyncio/tasks.py first seen with mtime 1744184665.0
DEBUG 2025-05-11 13:26:48,527 autoreload File /usr/lib/python3.13/glob.py first seen with mtime 1744184665.0
DEBUG 2025-05-11 13:26:48,527 autoreload File /usr/lib/python3.13/re/_constants.py first seen with mtime 1744184665.0
DEBUG 2025-05-11 13:26:48,527 autoreload File /home/G1nxx/Projects/IGI/353502_BURCHUCK_5/IGI/LR5/Parking/p_env/lib/python3.13/site-packages/django/contrib/auth/validators.py first seen with mtime 1746826653.1879573
DEBUG 2025-05-11 13:26:48,527 autoreload File /home/G1nxx/Projects/IGI/353502_BURCHUCK_5/IGI/LR5/Parking/p_env/lib/python3.13/site-packages/sqlparse/__init__.py first seen with mtime 1746826653.0321329
DEBUG 2025-05-11 13:26:48,527 autoreload File /usr/lib/python3.13/email/_header_value_parser.py first seen with mtime 1744184665.0
DEBUG 2025-05-11 13:26:48,527 autoreload File /home/G1nxx/Projects/IGI/353502_BURCHUCK_5/IGI/LR5/Parking/p_env/lib/python3.13/site-packages/django/contrib/auth/admin.py first seen with mtime 1746826653.186901
DEBUG 2025-05-11 13:26:48,527 autoreload File /home/G1nxx/Projects/IGI/353502_BURCHUCK_5/IGI/LR5/Parking/p_env/lib/python3.13/site-packages/django/template/base.py first seen with mtime 1746826653.3264084
DEBUG 2025-05-11 13:26:48,527 autoreload File /home/G1nxx/Projects/IGI/353502_BURCHUCK_5/IGI/LR5/Parking/p_env/lib/python3.13/site-packages/sqlparse/filters/tokens.py first seen with mtime 1746826653.0336142
DEBUG 2025-05-11 13:26:48,527 autoreload File /home/G1nxx/Projects/IGI/353502_BURCHUCK_5/IGI/LR5/Parking/p_env/lib/python3.13/site-packages/django/db/utils.py first seen with mtime 1746826653.310087
DEBUG 2025-05-11 13:26:48,527 autoreload File /home/G1nxx/Projects/IGI/353502_BURCHUCK_5/IGI/LR5/Parking/p_env/lib/python3.13/site-packages/django/db/models/sql/__init__.py first seen with mtime 1746826653.3194244
DEBUG 2025-05-11 13:26:48,527 autoreload File /usr/lib/python3.13/encodings/utf_8.py first seen with mtime 1744184665.0
DEBUG 2025-05-11 13:26:48,527 autoreload File /usr/lib/python3.13/lib-dynload/_uuid.cpython-313-x86_64-linux-gnu.so first seen with mtime 1744184665.0
DEBUG 2025-05-11 13:26:48,527 autoreload File /usr/lib/python3.13/re/_casefix.py first seen with mtime 1744184665.0
DEBUG 2025-05-11 13:26:48,527 autoreload File /usr/lib/python3.13/email/iterators.py first seen with mtime 1744184665.0
DEBUG 2025-05-11 13:26:48,527 autoreload File /home/G1nxx/Projects/IGI/353502_BURCHUCK_5/IGI/LR5/Parking/p_env/lib/python3.13/site-packages/django/core/handlers/base.py first seen with mtime 1746826653.3066213
DEBUG 2025-05-11 13:26:48,527 autoreload File /usr/lib/python3.13/json/encoder.py first seen with mtime 1744184665.0
DEBUG 2025-05-11 13:26:48,527 autoreload File /home/G1nxx/Projects/IGI/353502_BURCHUCK_5/IGI/LR5/Parking/p_env/lib/python3.13/site-packages/django/core/signing.py first seen with mtime 1746826653.304042
DEBUG 2025-05-11 13:26:48,527 autoreload File /usr/lib/python3.13/lib-dynload/_json.cpython-313-x86_64-linux-gnu.so first seen with mtime 1744184665.0
DEBUG 2025-05-11 13:26:48,527 autoreload File /home/G1nxx/Projects/IGI/353502_BURCHUCK_5/IGI/LR5/Parking/p_env/lib/python3.13/site-packages/django/contrib/admin/checks.py first seen with mtime 1746826653.1248693
DEBUG 2025-05-11 13:26:48,527 autoreload File /usr/lib/python3.13/opcode.py first seen with mtime 1744184665.0
DEBUG 2025-05-11 13:26:48,527 autoreload File /home/G1nxx/Projects/IGI/353502_BURCHUCK_5/IGI/LR5/Parking/p_env/lib/python3.13/site-packages/django/contrib/contenttypes/management/__init__.py first seen with mtime 1746826653.2166188
DEBUG 2025-05-11 13:26:48,527 autoreload File /home/G1nxx/Projects/IGI/353502_BURCHUCK_5/IGI/LR5/Parking/p_env/lib/python3.13/site-packages/sqlparse/filters/output.py first seen with mtime 1746826653.0334706
DEBUG 2025-05-11 13:26:48,527 autoreload File /usr/lib/python3.13/lib-dynload/_posixsubprocess.cpython-313-x86_64-linux-gnu.so first seen with mtime 1744184665.0
DEBUG 2025-05-11 13:26:48,527 autoreload File /home/G1nxx/Projects/IGI/353502_BURCHUCK_5/IGI/LR5/Parking/p_env/lib/python3.13/site-packages/django/db/models/utils.py first seen with mtime 1746826653.3175788
DEBUG 2025-05-11 13:26:48,527 autoreload File /home/G1nxx/Projects/IGI/353502_BURCHUCK_5/IGI/LR5/Parking/p_env/lib/python3.13/site-packages/urllib3/util/response.py first seen with mtime 1746920160.7661412
DEBUG 2025-05-11 13:26:48,527 autoreload File /home/G1nxx/Projects/IGI/353502_BURCHUCK_5/IGI/LR5/Parking/p_env/lib/python3.13/site-packages/django/template/autoreload.py first seen with mtime 1746826653.3262572
DEBUG 2025-05-11 13:26:48,527 autoreload File /usr/lib/python3.13/html/__init__.py first seen with mtime 1744184665.0
DEBUG 2025-05-11 13:26:48,527 autoreload File /home/G1nxx/Projects/IGI/353502_BURCHUCK_5/IGI/LR5/Parking/p_env/lib/python3.13/site-packages/urllib3/_version.py first seen with mtime 1746920160.7638314
DEBUG 2025-05-11 13:26:48,527 autoreload File /usr/lib/python3.13/email/quoprimime.py first seen with mtime 1744184665.0
DEBUG 2025-05-11 13:26:48,527 autoreload File /usr/lib/python3.13/bisect.py first seen with mtime 1744184665.0
DEBUG 2025-05-11 13:26:48,527 autoreload File /home/G1nxx/Projects/IGI/353502_BURCHUCK_5/IGI/LR5/Parking/auto_car/repository/user.py first seen with mtime 1746963742.913468
DEBUG 2025-05-11 13:26:48,527 autoreload File /home/G1nxx/Projects/IGI/353502_BURCHUCK_5/IGI/LR5/Parking/auto_car/urls.py first seen with mtime 1746968369.5612266
DEBUG 2025-05-11 13:26:48,528 autoreload File /home/G1nxx/Projects/IGI/353502_BURCHUCK_5/IGI/LR5/Parking/p_env/lib/python3.13/site-packages/django/template/loader.py first seen with mtime 1746826653.327098
DEBUG 2025-05-11 13:26:48,528 autoreload File /home/G1nxx/Projects/IGI/353502_BURCHUCK_5/IGI/LR5/Parking/p_env/lib/python3.13/site-packages/django/core/management/commands/migrate.py first seen with mtime 1746826653.3087316
DEBUG 2025-05-11 13:26:48,528 autoreload File /usr/lib/python3.13/email/contentmanager.py first seen with mtime 1744184665.0
DEBUG 2025-05-11 13:26:48,528 autoreload File /home/G1nxx/Projects/IGI/353502_BURCHUCK_5/IGI/LR5/Parking/p_env/lib/python3.13/site-packages/django/core/checks/messages.py first seen with mtime 1746826653.304994
DEBUG 2025-05-11 13:26:48,528 autoreload File /home/G1nxx/Projects/IGI/353502_BURCHUCK_5/IGI/LR5/Parking/p_env/lib/python3.13/site-packages/django/contrib/messages/storage/base.py first seen with mtime 1746826653.2608044
DEBUG 2025-05-11 13:26:48,528 autoreload File /home/G1nxx/Projects/IGI/353502_BURCHUCK_5/IGI/LR5/Parking/p_env/lib/python3.13/site-packages/django/http/cookie.py first seen with mtime 1746826653.3252857
DEBUG 2025-05-11 13:26:48,528 autoreload File /usr/lib/python3.13/lzma.py first seen with mtime 1744184665.0
DEBUG 2025-05-11 13:26:48,528 autoreload File /usr/lib/python3.13/quopri.py first seen with mtime 1744184665.0
DEBUG 2025-05-11 13:26:48,528 autoreload File /usr/lib/python3.13/urllib/__init__.py first seen with mtime 1744184665.0
DEBUG 2025-05-11 13:26:48,528 autoreload File /home/G1nxx/Projects/IGI/353502_BURCHUCK_5/IGI/LR5/Parking/p_env/lib/python3.13/site-packages/django/template/library.py first seen with mtime 1746826653.3270187
DEBUG 2025-05-11 13:26:48,528 autoreload File /home/G1nxx/Projects/IGI/353502_BURCHUCK_5/IGI/LR5/Parking/p_env/lib/python3.13/site-packages/django/db/models/fields/proxy.py first seen with mtime 1746826653.3183475
DEBUG 2025-05-11 13:26:48,528 autoreload File /home/G1nxx/Projects/IGI/353502_BURCHUCK_5/IGI/LR5/Parking/p_env/lib/python3.13/site-packages/django/views/generic/edit.py first seen with mtime 1746826653.3333137
DEBUG 2025-05-11 13:26:48,528 autoreload File /home/G1nxx/Projects/IGI/353502_BURCHUCK_5/IGI/LR5/Parking/p_env/lib/python3.13/site-packages/django/template/loaders/__init__.py first seen with mtime 1746826653.3277128
DEBUG 2025-05-11 13:26:48,528 autoreload File /home/G1nxx/Projects/IGI/353502_BURCHUCK_5/IGI/LR5/Parking/p_env/lib/python3.13/site-packages/django/db/backends/base/introspection.py first seen with mtime 1746826653.310693
DEBUG 2025-05-11 13:26:48,528 autoreload File /home/G1nxx/Projects/IGI/353502_BURCHUCK_5/IGI/LR5/Parking/p_env/lib/python3.13/site-packages/django/contrib/messages/apps.py first seen with mtime 1746826653.260505
DEBUG 2025-05-11 13:26:48,528 autoreload File /usr/lib/python3.13/lib-dynload/_heapq.cpython-313-x86_64-linux-gnu.so first seen with mtime 1744184665.0
DEBUG 2025-05-11 13:26:48,528 autoreload File /home/G1nxx/Projects/IGI/353502_BURCHUCK_5/IGI/LR5/Parking/p_env/lib/python3.13/site-packages/django/core/files/storage/handler.py first seen with mtime 1746826653.3060274
DEBUG 2025-05-11 13:26:48,528 autoreload File /home/G1nxx/Projects/IGI/353502_BURCHUCK_5/IGI/LR5/Parking/p_env/lib/python3.13/site-packages/django/core/files/storage/mixins.py first seen with mtime 1746826653.3061273
DEBUG 2025-05-11 13:26:48,528 autoreload File /usr/lib/python3.13/enum.py first seen with mtime 1744184665.0
DEBUG 2025-05-11 13:26:48,528 autoreload File /home/G1nxx/Projects/IGI/353502_BURCHUCK_5/IGI/LR5/Parking/p_env/lib/python3.13/site-packages/django/core/checks/compatibility/django_4_0.py first seen with mtime 1746826653.3052757
DEBUG 2025-05-11 13:26:48,528 autoreload File /usr/lib/python3.13/base64.py first seen with mtime 1744184665.0
DEBUG 2025-05-11 13:26:48,528 autoreload File /home/G1nxx/Projects/IGI/353502_BURCHUCK_5/IGI/LR5/Parking/p_env/lib/python3.13/site-packages/asgiref/sync.py first seen with mtime 1746826653.0572398
DEBUG 2025-05-11 13:26:48,528 autoreload File /home/G1nxx/Projects/IGI/353502_BURCHUCK_5/IGI/LR5/Parking/p_env/lib/python3.13/site-packages/django/contrib/sessions/apps.py first seen with mtime 1746826653.2817504
DEBUG 2025-05-11 13:26:48,528 autoreload File /home/G1nxx/Projects/IGI/353502_BURCHUCK_5/IGI/LR5/Parking/p_env/lib/python3.13/site-packages/django/contrib/contenttypes/__init__.py first seen with mtime 1746826653.2059999
DEBUG 2025-05-11 13:26:48,528 autoreload File /home/G1nxx/Projects/IGI/353502_BURCHUCK_5/IGI/LR5/Parking/p_env/lib/python3.13/site-packages/django/db/models/sql/constants.py first seen with mtime 1746826653.3197453
DEBUG 2025-05-11 13:26:48,528 autoreload File /home/G1nxx/Projects/IGI/353502_BURCHUCK_5/IGI/LR5/Parking/p_env/lib/python3.13/site-packages/django/contrib/admin/views/main.py first seen with mtime 1746826653.172641
DEBUG 2025-05-11 13:26:48,528 autoreload File /home/G1nxx/Projects/IGI/353502_BURCHUCK_5/IGI/LR5/Parking/p_env/lib/python3.13/site-packages/django/utils/hashable.py first seen with mtime 1746826653.3308635
DEBUG 2025-05-11 13:26:48,528 autoreload File /home/G1nxx/Projects/IGI/353502_BURCHUCK_5/IGI/LR5/Parking/p_env/lib/python3.13/site-packages/django/core/files/images.py first seen with mtime 1746826653.3055599
DEBUG 2025-05-11 13:26:48,528 autoreload File /home/G1nxx/Projects/IGI/353502_BURCHUCK_5/IGI/LR5/Parking/p_env/lib/python3.13/site-packages/idna/intranges.py first seen with mtime 1746920160.8093088
DEBUG 2025-05-11 13:26:48,528 autoreload File /usr/lib/python3.13/locale.py first seen with mtime 1744184665.0
DEBUG 2025-05-11 13:26:48,528 autoreload File /usr/lib/python3.13/lib-dynload/_queue.cpython-313-x86_64-linux-gnu.so first seen with mtime 1744184665.0
DEBUG 2025-05-11 13:26:48,528 autoreload File /home/G1nxx/Projects/IGI/353502_BURCHUCK_5/IGI/LR5/Parking/p_env/lib/python3.13/site-packages/django/core/checks/urls.py first seen with mtime 1746826653.3052127
DEBUG 2025-05-11 13:26:48,528 autoreload File /home/G1nxx/Projects/IGI/353502_BURCHUCK_5/IGI/LR5/Parking/p_env/lib/python3.13/site-packages/django/contrib/staticfiles/management/commands/__init__.py first seen with mtime 1746826653.3034823
DEBUG 2025-05-11 13:26:48,528 autoreload File /home/G1nxx/Projects/IGI/353502_BURCHUCK_5/IGI/LR5/Parking/p_env/lib/python3.13/site-packages/django/db/migrations/operations/fields.py first seen with mtime 1746826653.3155606
DEBUG 2025-05-11 13:26:48,528 autoreload File /home/G1nxx/Projects/IGI/353502_BURCHUCK_5/IGI/LR5/Parking/p_env/lib/python3.13/site-packages/django/http/multipartparser.py first seen with mtime 1746826653.3254087
DEBUG 2025-05-11 13:26:48,528 autoreload File /home/G1nxx/Projects/IGI/353502_BURCHUCK_5/IGI/LR5/Parking/p_env/lib/python3.13/site-packages/django/utils/inspect.py first seen with mtime 1746826653.3310874
DEBUG 2025-05-11 13:26:48,528 autoreload File /home/G1nxx/Projects/IGI/353502_BURCHUCK_5/IGI/LR5/Parking/p_env/lib/python3.13/site-packages/urllib3/connectionpool.py first seen with mtime 1746920160.764401
DEBUG 2025-05-11 13:26:48,528 autoreload File /home/G1nxx/Projects/IGI/353502_BURCHUCK_5/IGI/LR5/Parking/p_env/lib/python3.13/site-packages/django/core/handlers/asgi.py first seen with mtime 1746826653.3064916
DEBUG 2025-05-11 13:26:48,528 autoreload File /usr/lib/python3.13/socketserver.py first seen with mtime 1744184665.0
DEBUG 2025-05-11 13:26:48,528 autoreload File /usr/lib/python3.13/email/_parseaddr.py first seen with mtime 1744184665.0
DEBUG 2025-05-11 13:26:48,528 autoreload File /home/G1nxx/Projects/IGI/353502_BURCHUCK_5/IGI/LR5/Parking/p_env/lib/python3.13/site-packages/django/contrib/admin/models.py first seen with mtime 1746826653.1252172
DEBUG 2025-05-11 13:26:48,528 autoreload File /home/G1nxx/Projects/IGI/353502_BURCHUCK_5/IGI/LR5/Parking/p_env/lib/python3.13/site-packages/charset_normalizer/models.py first seen with mtime 1746920160.8575015
DEBUG 2025-05-11 13:26:48,528 autoreload File /home/G1nxx/Projects/IGI/353502_BURCHUCK_5/IGI/LR5/Parking/p_env/lib/python3.13/site-packages/django/conf/locale/__init__.py first seen with mtime 1746826653.089985
DEBUG 2025-05-11 13:26:48,528 autoreload File /home/G1nxx/Projects/IGI/353502_BURCHUCK_5/IGI/LR5/Parking/p_env/lib/python3.13/site-packages/django/db/backends/sqlite3/schema.py first seen with mtime 1746826653.3142412
DEBUG 2025-05-11 13:26:48,528 autoreload File /usr/lib/python3.13/difflib.py first seen with mtime 1744184665.0
DEBUG 2025-05-11 13:26:48,528 autoreload File /usr/lib/python3.13/calendar.py first seen with mtime 1744184665.0
DEBUG 2025-05-11 13:26:48,528 autoreload File /home/G1nxx/Projects/IGI/353502_BURCHUCK_5/IGI/LR5/Parking/p_env/lib/python3.13/site-packages/requests/auth.py first seen with mtime 1746920160.8797383
DEBUG 2025-05-11 13:26:48,528 autoreload File /usr/lib/python3.13/lib-dynload/binascii.cpython-313-x86_64-linux-gnu.so first seen with mtime 1744184665.0
DEBUG 2025-05-11 13:26:48,528 autoreload File /home/G1nxx/Projects/IGI/353502_BURCHUCK_5/IGI/LR5/Parking/p_env/lib/python3.13/site-packages/django/core/management/utils.py first seen with mtime 1746826653.3077824
DEBUG 2025-05-11 13:26:48,528 autoreload File /home/G1nxx/Projects/IGI/353502_BURCHUCK_5/IGI/LR5/Parking/p_env/lib/python3.13/site-packages/django/contrib/admin/views/__init__.py first seen with mtime 1746826653.1724217
DEBUG 2025-05-11 13:26:48,528 autoreload File /usr/lib/python3.13/asyncio/constants.py first seen with mtime 1744184665.0
DEBUG 2025-05-11 13:26:48,528 autoreload File /home/G1nxx/Projects/IGI/353502_BURCHUCK_5/IGI/LR5/Parking/p_env/lib/python3.13/site-packages/requests/cookies.py first seen with mtime 1746920160.8799248
DEBUG 2025-05-11 13:26:48,528 autoreload File /home/G1nxx/Projects/IGI/353502_BURCHUCK_5/IGI/LR5/Parking/p_env/lib/python3.13/site-packages/django/forms/renderers.py first seen with mtime 1746826653.3216763
DEBUG 2025-05-11 13:26:48,528 autoreload File /home/G1nxx/Projects/IGI/353502_BURCHUCK_5/IGI/LR5/Parking/p_env/lib/python3.13/site-packages/django/db/models/deletion.py first seen with mtime 1746826653.316404
DEBUG 2025-05-11 13:26:48,528 autoreload File /usr/lib/python3.13/asyncio/staggered.py first seen with mtime 1744184665.0
DEBUG 2025-05-11 13:26:48,528 autoreload File /home/G1nxx/Projects/IGI/353502_BURCHUCK_5/IGI/LR5/Parking/p_env/lib/python3.13/site-packages/django/core/management/sql.py first seen with mtime 1746826653.3076465
DEBUG 2025-05-11 13:26:48,528 autoreload File /usr/lib/python3.13/sqlite3/dbapi2.py first seen with mtime 1744184665.0
DEBUG 2025-05-11 13:26:48,528 autoreload File /usr/lib/python3.13/email/encoders.py first seen with mtime 1744184665.0
DEBUG 2025-05-11 13:26:48,528 autoreload File /usr/lib/python3.13/sqlite3/__init__.py first seen with mtime 1744184665.0
DEBUG 2025-05-11 13:26:48,528 autoreload File /usr/lib/python3.13/http/cookiejar.py first seen with mtime 1744184665.0
DEBUG 2025-05-11 13:26:48,528 autoreload File /home/G1nxx/Projects/IGI/353502_BURCHUCK_5/IGI/LR5/Parking/p_env/lib/python3.13/site-packages/django/template/loader_tags.py first seen with mtime 1746826653.3271933
DEBUG 2025-05-11 13:26:48,528 autoreload File /home/G1nxx/Projects/IGI/353502_BURCHUCK_5/IGI/LR5/Parking/p_env/lib/python3.13/site-packages/certifi/__init__.py first seen with mtime 1746920160.8744001
DEBUG 2025-05-11 13:26:48,528 autoreload File /usr/lib/python3.13/fnmatch.py first seen with mtime 1744184665.0
DEBUG 2025-05-11 13:26:48,528 autoreload File /home/G1nxx/Projects/IGI/353502_BURCHUCK_5/IGI/LR5/Parking/p_env/lib/python3.13/site-packages/charset_normalizer/version.py first seen with mtime 1746920160.8576398
DEBUG 2025-05-11 13:26:48,528 autoreload File /usr/lib/python3.13/json/scanner.py first seen with mtime 1744184665.0
DEBUG 2025-05-11 13:26:48,528 autoreload File /home/G1nxx/Projects/IGI/353502_BURCHUCK_5/IGI/LR5/Parking/p_env/lib/python3.13/site-packages/django/utils/dateformat.py first seen with mtime 1746826653.330206
DEBUG 2025-05-11 13:26:48,528 autoreload File /usr/lib/python3.13/contextvars.py first seen with mtime 1744184665.0
DEBUG 2025-05-11 13:26:48,528 autoreload File /home/G1nxx/Projects/IGI/353502_BURCHUCK_5/IGI/LR5/Parking/p_env/lib/python3.13/site-packages/django/db/models/constants.py first seen with mtime 1746826653.316218
DEBUG 2025-05-11 13:26:48,528 autoreload File /home/G1nxx/Projects/IGI/353502_BURCHUCK_5/IGI/LR5/Parking/p_env/lib/python3.13/site-packages/django/forms/models.py first seen with mtime 1746826653.3216057
DEBUG 2025-05-11 13:26:48,528 autoreload File /usr/lib/python3.13/shutil.py first seen with mtime 1744184665.0
DEBUG 2025-05-11 13:26:48,528 autoreload File /home/G1nxx/Projects/IGI/353502_BURCHUCK_5/IGI/LR5/Parking/p_env/lib/python3.13/site-packages/django/utils/deprecation.py first seen with mtime 1746826653.3304746
DEBUG 2025-05-11 13:26:48,528 autoreload File /home/G1nxx/Projects/IGI/353502_BURCHUCK_5/IGI/LR5/Parking/p_env/lib/python3.13/site-packages/django/db/migrations/migration.py first seen with mtime 1746826653.3148713
DEBUG 2025-05-11 13:26:48,528 autoreload File /home/G1nxx/Projects/IGI/353502_BURCHUCK_5/IGI/LR5/Parking/p_env/lib/python3.13/site-packages/django/core/files/uploadedfile.py first seen with mtime 1746826653.305728
DEBUG 2025-05-11 13:26:48,528 autoreload File /usr/lib/python3.13/platform.py first seen with mtime 1744184665.0
DEBUG 2025-05-11 13:26:48,528 autoreload File /usr/lib/python3.13/concurrent/futures/__init__.py first seen with mtime 1744184665.0
DEBUG 2025-05-11 13:26:48,528 autoreload File /usr/lib/python3.13/token.py first seen with mtime 1744184665.0
DEBUG 2025-05-11 13:26:48,528 autoreload File /home/G1nxx/Projects/IGI/353502_BURCHUCK_5/IGI/LR5/Parking/p_env/lib/python3.13/site-packages/urllib3/util/request.py first seen with mtime 1746920160.7660851
DEBUG 2025-05-11 13:26:48,528 autoreload File /usr/lib/python3.13/ipaddress.py first seen with mtime 1744184665.0
DEBUG 2025-05-11 13:26:48,528 autoreload File /home/G1nxx/Projects/IGI/353502_BURCHUCK_5/IGI/LR5/Parking/p_env/lib/python3.13/site-packages/sqlparse/engine/statement_splitter.py first seen with mtime 1746826653.0331893
DEBUG 2025-05-11 13:26:48,528 autoreload File /usr/lib/python3.13/lib-dynload/_socket.cpython-313-x86_64-linux-gnu.so first seen with mtime 1744184665.0
DEBUG 2025-05-11 13:26:48,528 autoreload File /usr/lib/python3.13/re/__init__.py first seen with mtime 1744184665.0
DEBUG 2025-05-11 13:26:48,528 autoreload File /home/G1nxx/Projects/IGI/353502_BURCHUCK_5/IGI/LR5/Parking/p_env/lib/python3.13/site-packages/django/db/migrations/exceptions.py first seen with mtime 1746826653.314559
DEBUG 2025-05-11 13:26:48,528 autoreload File /usr/lib/python3.13/lib-dynload/fcntl.cpython-313-x86_64-linux-gnu.so first seen with mtime 1744184665.0
DEBUG 2025-05-11 13:26:48,528 autoreload File /usr/lib/python3.13/string.py first seen with mtime 1744184665.0
DEBUG 2025-05-11 13:26:48,528 autoreload File /home/G1nxx/Projects/IGI/353502_BURCHUCK_5/IGI/LR5/Parking/p_env/lib/python3.13/site-packages/requests/packages.py first seen with mtime 1746920160.880305
DEBUG 2025-05-11 13:26:48,529 autoreload File /home/G1nxx/Projects/IGI/353502_BURCHUCK_5/IGI/LR5/Parking/p_env/lib/python3.13/site-packages/django/contrib/staticfiles/__init__.py first seen with mtime 1746826653.30295
DEBUG 2025-05-11 13:26:48,529 autoreload File /home/G1nxx/Projects/IGI/353502_BURCHUCK_5/IGI/LR5/Parking/p_env/lib/python3.13/site-packages/django/db/models/functions/datetime.py first seen with mtime 1746826653.319139
DEBUG 2025-05-11 13:26:48,529 autoreload File /home/G1nxx/Projects/IGI/353502_BURCHUCK_5/IGI/LR5/Parking/p_env/lib/python3.13/site-packages/charset_normalizer/legacy.py first seen with mtime 1746920160.8561516
DEBUG 2025-05-11 13:26:48,529 autoreload File /home/G1nxx/Projects/IGI/353502_BURCHUCK_5/IGI/LR5/Parking/p_env/lib/python3.13/site-packages/django/contrib/sessions/base_session.py first seen with mtime 1746826653.2817888
DEBUG 2025-05-11 13:26:48,529 autoreload File /home/G1nxx/Projects/IGI/353502_BURCHUCK_5/IGI/LR5/Parking/p_env/lib/python3.13/site-packages/django/contrib/auth/middleware.py first seen with mtime 1746826653.187593
DEBUG 2025-05-11 13:26:48,529 autoreload File /home/G1nxx/Projects/IGI/353502_BURCHUCK_5/IGI/LR5/Parking/p_env/lib/python3.13/site-packages/django/contrib/sites/__init__.py first seen with mtime 1746826653.2930367
DEBUG 2025-05-11 13:26:48,529 autoreload File /home/G1nxx/Projects/IGI/353502_BURCHUCK_5/IGI/LR5/Parking/p_env/lib/python3.13/site-packages/django/db/models/lookups.py first seen with mtime 1746826653.3168674
DEBUG 2025-05-11 13:26:48,529 autoreload File /home/G1nxx/Projects/IGI/353502_BURCHUCK_5/IGI/LR5/Parking/p_env/lib/python3.13/site-packages/django/views/generic/__init__.py first seen with mtime 1746826653.3330426
DEBUG 2025-05-11 13:26:48,529 autoreload File /usr/lib/python3.13/sysconfig/__init__.py first seen with mtime 1744184665.0
DEBUG 2025-05-11 13:26:48,529 autoreload File /usr/lib/python3.13/pickle.py first seen with mtime 1744184665.0
DEBUG 2025-05-11 13:26:48,529 autoreload File /usr/lib/python3.13/lib-dynload/_sqlite3.cpython-313-x86_64-linux-gnu.so first seen with mtime 1744184665.0
DEBUG 2025-05-11 13:26:48,529 autoreload File /home/G1nxx/Projects/IGI/353502_BURCHUCK_5/IGI/LR5/Parking/auto_car/__init__.py first seen with mtime 1746827189.2084978
DEBUG 2025-05-11 13:26:48,529 autoreload File /home/G1nxx/Projects/IGI/353502_BURCHUCK_5/IGI/LR5/Parking/p_env/lib/python3.13/site-packages/django/templatetags/tz.py first seen with mtime 1746826653.3282592
DEBUG 2025-05-11 13:26:48,529 autoreload File /usr/lib/python3.13/email/headerregistry.py first seen with mtime 1744184665.0
DEBUG 2025-05-11 13:26:48,529 autoreload File /home/G1nxx/Projects/IGI/353502_BURCHUCK_5/IGI/LR5/Parking/p_env/lib/python3.13/site-packages/django/contrib/sites/shortcuts.py first seen with mtime 1746826653.2934282
DEBUG 2025-05-11 13:26:48,529 autoreload File /usr/lib/python3.13/textwrap.py first seen with mtime 1744184665.0
DEBUG 2025-05-11 13:26:48,529 autoreload File /usr/lib/python3.13/importlib/resources/__init__.py first seen with mtime 1744184665.0
DEBUG 2025-05-11 13:26:48,529 autoreload File /usr/lib/python3.13/asyncio/exceptions.py first seen with mtime 1744184665.0
DEBUG 2025-05-11 13:26:48,529 autoreload File /home/G1nxx/Projects/IGI/353502_BURCHUCK_5/IGI/LR5/Parking/p_env/lib/python3.13/site-packages/sqlparse/filters/others.py first seen with mtime 1746826653.0334146
DEBUG 2025-05-11 13:26:48,529 autoreload File /usr/lib/python3.13/importlib/resources/_itertools.py first seen with mtime 1744184665.0
DEBUG 2025-05-11 13:26:48,529 autoreload File /home/G1nxx/Projects/IGI/353502_BURCHUCK_5/IGI/LR5/Parking/p_env/lib/python3.13/site-packages/django/template/context.py first seen with mtime 1746826653.3264802
DEBUG 2025-05-11 13:26:48,529 autoreload File /home/G1nxx/Projects/IGI/353502_BURCHUCK_5/IGI/LR5/Parking/p_env/lib/python3.13/site-packages/django/db/models/manager.py first seen with mtime 1746826653.3169432
DEBUG 2025-05-11 13:26:48,529 autoreload File /home/G1nxx/Projects/IGI/353502_BURCHUCK_5/IGI/LR5/Parking/p_env/lib/python3.13/site-packages/django/template/response.py first seen with mtime 1746826653.3272793
DEBUG 2025-05-11 13:26:48,529 autoreload File /usr/lib/python3.13/asyncio/streams.py first seen with mtime 1744184665.0
DEBUG 2025-05-11 13:26:48,529 autoreload File /usr/lib/python3.13/html/parser.py first seen with mtime 1744184665.0
DEBUG 2025-05-11 13:26:48,529 autoreload File /home/G1nxx/Projects/IGI/353502_BURCHUCK_5/IGI/LR5/Parking/p_env/lib/python3.13/site-packages/django/http/__init__.py first seen with mtime 1746826653.3252423
DEBUG 2025-05-11 13:26:48,529 autoreload File /home/G1nxx/Projects/IGI/353502_BURCHUCK_5/IGI/LR5/Parking/p_env/lib/python3.13/site-packages/django/contrib/contenttypes/views.py first seen with mtime 1746826653.206468
DEBUG 2025-05-11 13:26:48,529 autoreload File /home/G1nxx/Projects/IGI/353502_BURCHUCK_5/IGI/LR5/Parking/p_env/lib/python3.13/site-packages/django/db/models/expressions.py first seen with mtime 1746826653.3166711
DEBUG 2025-05-11 13:26:48,529 autoreload File /usr/lib/python3.13/asyncio/base_subprocess.py first seen with mtime 1744184665.0
DEBUG 2025-05-11 13:26:48,529 autoreload File /home/G1nxx/Projects/IGI/353502_BURCHUCK_5/IGI/LR5/Parking/p_env/lib/python3.13/site-packages/django/core/checks/database.py first seen with mtime 1746826653.3049142
DEBUG 2025-05-11 13:26:48,529 autoreload File /usr/lib/python3.13/email/mime/text.py first seen with mtime 1744184665.0
DEBUG 2025-05-11 13:26:48,529 autoreload File /home/G1nxx/Projects/IGI/353502_BURCHUCK_5/IGI/LR5/Parking/p_env/lib/python3.13/site-packages/django/utils/dateparse.py first seen with mtime 1746826653.330261
DEBUG 2025-05-11 13:26:48,529 autoreload File /home/G1nxx/Projects/IGI/353502_BURCHUCK_5/IGI/LR5/Parking/p_env/lib/python3.13/site-packages/django/db/migrations/operations/base.py first seen with mtime 1746826653.3154976
DEBUG 2025-05-11 13:26:48,529 autoreload File /home/G1nxx/Projects/IGI/353502_BURCHUCK_5/IGI/LR5/Parking/p_env/lib/python3.13/site-packages/sqlparse/filters/__init__.py first seen with mtime 1746826653.0332453
DEBUG 2025-05-11 13:26:48,529 autoreload File /home/G1nxx/Projects/IGI/353502_BURCHUCK_5/IGI/LR5/Parking/p_env/lib/python3.13/site-packages/django/forms/forms.py first seen with mtime 1746826653.321297
DEBUG 2025-05-11 13:26:48,529 autoreload File /home/G1nxx/Projects/IGI/353502_BURCHUCK_5/IGI/LR5/Parking/p_env/lib/python3.13/site-packages/django/db/backends/base/client.py first seen with mtime 1746826653.3104675
DEBUG 2025-05-11 13:26:48,529 autoreload File /home/G1nxx/Projects/IGI/353502_BURCHUCK_5/IGI/LR5/Parking/p_env/lib/python3.13/site-packages/asgiref/local.py first seen with mtime 1746826653.057042
DEBUG 2025-05-11 13:26:48,529 autoreload File /usr/lib/python3.13/getpass.py first seen with mtime 1744184665.0
DEBUG 2025-05-11 13:26:48,529 autoreload File /home/G1nxx/Projects/IGI/353502_BURCHUCK_5/IGI/LR5/Parking/p_env/lib/python3.13/site-packages/sqlparse/formatter.py first seen with mtime 1746826653.0324192
DEBUG 2025-05-11 13:26:48,529 autoreload File /home/G1nxx/Projects/IGI/353502_BURCHUCK_5/IGI/LR5/Parking/p_env/lib/python3.13/site-packages/sqlparse/sql.py first seen with mtime 1746826653.0327187
DEBUG 2025-05-11 13:26:48,529 autoreload File /usr/lib/python3.13/encodings/aliases.py first seen with mtime 1744184665.0
DEBUG 2025-05-11 13:26:48,529 autoreload File /usr/lib/python3.13/http/server.py first seen with mtime 1744184665.0
DEBUG 2025-05-11 13:26:48,529 autoreload File /home/G1nxx/Projects/IGI/353502_BURCHUCK_5/IGI/LR5/Parking/p_env/lib/python3.13/site-packages/django/db/migrations/operations/__init__.py first seen with mtime 1746826653.315442
DEBUG 2025-05-11 13:26:48,529 autoreload File /home/G1nxx/Projects/IGI/353502_BURCHUCK_5/IGI/LR5/Parking/p_env/lib/python3.13/site-packages/django/views/i18n.py first seen with mtime 1746826653.3325884
DEBUG 2025-05-11 13:26:48,529 autoreload File /usr/lib/python3.13/email/mime/__init__.py first seen with mtime 1744184665.0
DEBUG 2025-05-11 13:26:48,529 autoreload File /usr/lib/python3.13/tempfile.py first seen with mtime 1744184665.0
DEBUG 2025-05-11 13:26:48,529 autoreload File /home/G1nxx/Projects/IGI/353502_BURCHUCK_5/IGI/LR5/Parking/p_env/lib/python3.13/site-packages/django/conf/__init__.py first seen with mtime 1746826653.0895832
DEBUG 2025-05-11 13:26:48,529 autoreload File /home/G1nxx/Projects/IGI/353502_BURCHUCK_5/IGI/LR5/Parking/p_env/lib/python3.13/site-packages/django/db/transaction.py first seen with mtime 1746826653.3100238
DEBUG 2025-05-11 13:26:48,529 autoreload File /home/G1nxx/Projects/IGI/353502_BURCHUCK_5/IGI/LR5/Parking/p_env/lib/python3.13/site-packages/django/db/backends/utils.py first seen with mtime 1746826653.310271
DEBUG 2025-05-11 13:26:48,529 autoreload File /usr/lib/python3.13/email/_encoded_words.py first seen with mtime 1744184665.0
DEBUG 2025-05-11 13:26:48,529 autoreload File /usr/lib/python3.13/urllib/error.py first seen with mtime 1744184665.0
DEBUG 2025-05-11 13:26:48,529 autoreload File /usr/lib/python3.13/wsgiref/simple_server.py first seen with mtime 1744184665.0
DEBUG 2025-05-11 13:26:48,529 autoreload File /home/G1nxx/Projects/IGI/353502_BURCHUCK_5/IGI/LR5/Parking/p_env/lib/python3.13/site-packages/django/db/models/sql/query.py first seen with mtime 1746826653.32043
DEBUG 2025-05-11 13:26:48,529 autoreload File /home/G1nxx/Projects/IGI/353502_BURCHUCK_5/IGI/LR5/Parking/p_env/lib/python3.13/site-packages/django/core/checks/compatibility/__init__.py first seen with mtime 1746826653.3052127
DEBUG 2025-05-11 13:26:48,529 autoreload File /home/G1nxx/Projects/IGI/353502_BURCHUCK_5/IGI/LR5/Parking/p_env/lib/python3.13/site-packages/django/utils/regex_helper.py first seen with mtime 1746826653.331442
DEBUG 2025-05-11 13:26:48,529 autoreload File /home/G1nxx/Projects/IGI/353502_BURCHUCK_5/IGI/LR5/Parking/p_env/lib/python3.13/site-packages/django/db/backends/base/base.py first seen with mtime 1746826653.3104177
DEBUG 2025-05-11 13:26:48,529 autoreload File /home/G1nxx/Projects/IGI/353502_BURCHUCK_5/IGI/LR5/Parking/p_env/lib/python3.13/site-packages/django/db/migrations/operations/models.py first seen with mtime 1746826653.3156774
DEBUG 2025-05-11 13:26:48,529 autoreload File /home/G1nxx/Projects/IGI/353502_BURCHUCK_5/IGI/LR5/Parking/p_env/lib/python3.13/site-packages/django/db/backends/sqlite3/_functions.py first seen with mtime 1746826653.313752
DEBUG 2025-05-11 13:26:48,529 autoreload File /home/G1nxx/Projects/IGI/353502_BURCHUCK_5/IGI/LR5/Parking/p_env/lib/python3.13/site-packages/django/template/smartif.py first seen with mtime 1746826653.3273437
DEBUG 2025-05-11 13:26:48,529 autoreload File /home/G1nxx/Projects/IGI/353502_BURCHUCK_5/IGI/LR5/Parking/p_env/lib/python3.13/site-packages/django/db/migrations/executor.py first seen with mtime 1746826653.3146408
DEBUG 2025-05-11 13:26:48,529 autoreload File /home/G1nxx/Projects/IGI/353502_BURCHUCK_5/IGI/LR5/Parking/p_env/lib/python3.13/site-packages/requests/certs.py first seen with mtime 1746920160.8797848
DEBUG 2025-05-11 13:26:48,529 autoreload File /home/G1nxx/Projects/IGI/353502_BURCHUCK_5/IGI/LR5/Parking/p_env/lib/python3.13/site-packages/django/db/models/fields/related.py first seen with mtime 1746826653.3185573
DEBUG 2025-05-11 13:26:48,529 autoreload File /home/G1nxx/Projects/IGI/353502_BURCHUCK_5/IGI/LR5/Parking/p_env/lib/python3.13/site-packages/django/contrib/contenttypes/fields.py first seen with mtime 1746826653.206272
DEBUG 2025-05-11 13:26:48,529 autoreload File /home/G1nxx/Projects/IGI/353502_BURCHUCK_5/IGI/LR5/Parking/p_env/lib/python3.13/site-packages/django/utils/timezone.py first seen with mtime 1746826653.331739
DEBUG 2025-05-11 13:26:48,529 autoreload File /usr/lib/python3.13/stringprep.py first seen with mtime 1744184665.0
DEBUG 2025-05-11 13:26:48,529 autoreload File /home/G1nxx/Projects/IGI/353502_BURCHUCK_5/IGI/LR5/Parking/p_env/lib/python3.13/site-packages/django/views/decorators/cache.py first seen with mtime 1746826653.3327122
DEBUG 2025-05-11 13:26:48,529 autoreload File /usr/lib/python3.13/asyncio/futures.py first seen with mtime 1744184665.0
DEBUG 2025-05-11 13:26:48,529 autoreload File /usr/lib/python3.13/email/__init__.py first seen with mtime 1744184665.0
DEBUG 2025-05-11 13:26:48,529 autoreload File /usr/lib/python3.13/gzip.py first seen with mtime 1744184665.0
DEBUG 2025-05-11 13:26:48,529 autoreload File /usr/lib/python3.13/lib-dynload/math.cpython-313-x86_64-linux-gnu.so first seen with mtime 1744184665.0
DEBUG 2025-05-11 13:26:48,529 autoreload File /home/G1nxx/Projects/IGI/353502_BURCHUCK_5/IGI/LR5/Parking/p_env/lib/python3.13/site-packages/django/contrib/staticfiles/management/__init__.py first seen with mtime 1746826653.3034315
DEBUG 2025-05-11 13:26:48,529 autoreload File /home/G1nxx/Projects/IGI/353502_BURCHUCK_5/IGI/LR5/Parking/p_env/lib/python3.13/site-packages/django/core/files/__init__.py first seen with mtime 1746826653.305473
DEBUG 2025-05-11 13:26:48,529 autoreload File /home/G1nxx/Projects/IGI/353502_BURCHUCK_5/IGI/LR5/Parking/p_env/lib/python3.13/site-packages/django/db/models/functions/mixins.py first seen with mtime 1746826653.3192773
DEBUG 2025-05-11 13:26:48,529 autoreload File /usr/lib/python3.13/email/errors.py first seen with mtime 1744184665.0
DEBUG 2025-05-11 13:26:48,529 autoreload File /home/G1nxx/Projects/IGI/353502_BURCHUCK_5/IGI/LR5/Parking/p_env/lib/python3.13/site-packages/django/template/engine.py first seen with mtime 1746826653.3268855
DEBUG 2025-05-11 13:26:48,529 autoreload File /home/G1nxx/Projects/IGI/353502_BURCHUCK_5/IGI/LR5/Parking/p_env/lib/python3.13/site-packages/sqlparse/cli.py first seen with mtime 1746826653.0322986
DEBUG 2025-05-11 13:26:48,529 autoreload File /home/G1nxx/Projects/IGI/353502_BURCHUCK_5/IGI/LR5/Parking/p_env/lib/python3.13/site-packages/django/db/models/fields/mixins.py first seen with mtime 1746826653.3183117
DEBUG 2025-05-11 13:26:48,529 autoreload File /home/G1nxx/Projects/IGI/353502_BURCHUCK_5/IGI/LR5/Parking/p_env/lib/python3.13/site-packages/django/template/loaders/base.py first seen with mtime 1746826653.3278308
DEBUG 2025-05-11 13:26:48,529 autoreload File /home/G1nxx/Projects/IGI/353502_BURCHUCK_5/IGI/LR5/Parking/p_env/lib/python3.13/site-packages/django/templatetags/static.py first seen with mtime 1746826653.3282087
DEBUG 2025-05-11 13:26:48,529 autoreload File /usr/lib/python3.13/email/charset.py first seen with mtime 1744184665.0
DEBUG 2025-05-11 13:26:48,529 autoreload File /home/G1nxx/Projects/IGI/353502_BURCHUCK_5/IGI/LR5/Parking/p_env/lib/python3.13/site-packages/django/contrib/admin/templatetags/log.py first seen with mtime 1746826653.1724217
DEBUG 2025-05-11 13:26:48,529 autoreload File /home/G1nxx/Projects/IGI/353502_BURCHUCK_5/IGI/LR5/Parking/p_env/lib/python3.13/site-packages/django/contrib/admin/filters.py first seen with mtime 1746826653.1250489
DEBUG 2025-05-11 13:26:48,529 autoreload File /home/G1nxx/Projects/IGI/353502_BURCHUCK_5/IGI/LR5/Parking/p_env/lib/python3.13/site-packages/django/db/migrations/utils.py first seen with mtime 1746826653.3153183
DEBUG 2025-05-11 13:26:48,529 autoreload File /home/G1nxx/Projects/IGI/353502_BURCHUCK_5/IGI/LR5/Parking/p_env/lib/python3.13/site-packages/django/db/backends/sqlite3/client.py first seen with mtime 1746826653.3138912
DEBUG 2025-05-11 13:26:48,529 autoreload File /usr/lib/python3.13/encodings/idna.py first seen with mtime 1744184665.0
DEBUG 2025-05-11 13:26:48,530 autoreload File /home/G1nxx/Projects/IGI/353502_BURCHUCK_5/IGI/LR5/Parking/p_env/lib/python3.13/site-packages/django/utils/translation/trans_real.py first seen with mtime 1746826653.332262
DEBUG 2025-05-11 13:26:48,530 autoreload File /usr/lib/python3.13/secrets.py first seen with mtime 1744184665.0
DEBUG 2025-05-11 13:26:48,530 autoreload File /home/G1nxx/Projects/IGI/353502_BURCHUCK_5/IGI/LR5/Parking/p_env/lib/python3.13/site-packages/django/utils/deconstruct.py first seen with mtime 1746826653.3303533
DEBUG 2025-05-11 13:26:48,530 autoreload File /usr/lib/python3.13/importlib/__init__.py first seen with mtime 1744184665.0
DEBUG 2025-05-11 13:26:48,530 autoreload File /home/G1nxx/Projects/IGI/353502_BURCHUCK_5/IGI/LR5/Parking/p_env/lib/python3.13/site-packages/django/db/models/sql/subqueries.py first seen with mtime 1746826653.3205812
DEBUG 2025-05-11 13:26:48,530 autoreload File /home/G1nxx/Projects/IGI/353502_BURCHUCK_5/IGI/LR5/Parking/p_env/lib/python3.13/site-packages/sqlparse/utils.py first seen with mtime 1746826653.0328271
DEBUG 2025-05-11 13:26:48,530 autoreload File /home/G1nxx/Projects/IGI/353502_BURCHUCK_5/IGI/LR5/Parking/p_env/lib/python3.13/site-packages/urllib3/util/wait.py first seen with mtime 1746920160.7667353
DEBUG 2025-05-11 13:26:48,530 autoreload File /usr/lib/python3.13/html/entities.py first seen with mtime 1744184665.0
DEBUG 2025-05-11 13:26:48,530 autoreload File /home/G1nxx/Projects/IGI/353502_BURCHUCK_5/IGI/LR5/Parking/p_env/lib/python3.13/site-packages/django/core/validators.py first seen with mtime 1746826653.3041286
DEBUG 2025-05-11 13:26:48,530 autoreload File /home/G1nxx/Projects/IGI/353502_BURCHUCK_5/IGI/LR5/Parking/p_env/lib/python3.13/site-packages/django/urls/conf.py first seen with mtime 1746826653.329349
DEBUG 2025-05-11 13:26:48,530 autoreload File /home/G1nxx/Projects/IGI/353502_BURCHUCK_5/IGI/LR5/Parking/p_env/lib/python3.13/site-packages/django/core/management/base.py first seen with mtime 1746826653.3075337
DEBUG 2025-05-11 13:26:48,530 autoreload File /usr/lib/python3.13/socket.py first seen with mtime 1744184665.0
DEBUG 2025-05-11 13:26:48,530 autoreload File /usr/lib/python3.13/email/utils.py first seen with mtime 1744184665.0
DEBUG 2025-05-11 13:26:48,530 autoreload File /home/G1nxx/Projects/IGI/353502_BURCHUCK_5/IGI/LR5/Parking/p_env/lib/python3.13/site-packages/django/contrib/auth/hashers.py first seen with mtime 1746826653.1875288
DEBUG 2025-05-11 13:26:48,530 autoreload File /home/G1nxx/Projects/IGI/353502_BURCHUCK_5/IGI/LR5/Parking/p_env/lib/python3.13/site-packages/django/core/checks/model_checks.py first seen with mtime 1746826653.3050547
DEBUG 2025-05-11 13:26:48,530 autoreload File /home/G1nxx/Projects/IGI/353502_BURCHUCK_5/IGI/LR5/Parking/p_env/lib/python3.13/site-packages/sqlparse/keywords.py first seen with mtime 1746826653.0325384
DEBUG 2025-05-11 13:26:48,530 autoreload File /home/G1nxx/Projects/IGI/353502_BURCHUCK_5/IGI/LR5/Parking/p_env/lib/python3.13/site-packages/django/core/files/temp.py first seen with mtime 1746826653.3056848
DEBUG 2025-05-11 13:26:48,530 autoreload File /usr/lib/python3.13/datetime.py first seen with mtime 1744184665.0
DEBUG 2025-05-11 13:26:48,530 autoreload File /home/G1nxx/Projects/IGI/353502_BURCHUCK_5/IGI/LR5/Parking/p_env/lib/python3.13/site-packages/django/contrib/contenttypes/apps.py first seen with mtime 1746826653.2061198
DEBUG 2025-05-11 13:26:48,530 autoreload File /usr/lib/python3.13/lib-dynload/_lzma.cpython-313-x86_64-linux-gnu.so first seen with mtime 1744184665.0
DEBUG 2025-05-11 13:26:48,530 autoreload File /home/G1nxx/Projects/IGI/353502_BURCHUCK_5/IGI/LR5/Parking/p_env/lib/python3.13/site-packages/django/db/backends/sqlite3/creation.py first seen with mtime 1746826653.3139424
DEBUG 2025-05-11 13:26:48,530 autoreload File /usr/lib/python3.13/importlib/readers.py first seen with mtime 1744184665.0
DEBUG 2025-05-11 13:26:48,530 autoreload File /home/G1nxx/Projects/IGI/353502_BURCHUCK_5/IGI/LR5/Parking/p_env/lib/python3.13/site-packages/django/core/cache/backends/filebased.py first seen with mtime 1746826653.3045526
DEBUG 2025-05-11 13:26:48,530 autoreload File /home/G1nxx/Projects/IGI/353502_BURCHUCK_5/IGI/LR5/Parking/p_env/lib/python3.13/site-packages/requests/models.py first seen with mtime 1746920160.8802497
DEBUG 2025-05-11 13:26:48,530 autoreload File /home/G1nxx/Projects/IGI/353502_BURCHUCK_5/IGI/LR5/Parking/p_env/lib/python3.13/site-packages/django/core/mail/__init__.py first seen with mtime 1746826653.3067992
DEBUG 2025-05-11 13:26:48,530 autoreload File /home/G1nxx/Projects/IGI/353502_BURCHUCK_5/IGI/LR5/Parking/p_env/lib/python3.13/site-packages/django/core/management/commands/makemigrations.py first seen with mtime 1746826653.3086448
DEBUG 2025-05-11 13:26:48,530 autoreload File /home/G1nxx/Projects/IGI/353502_BURCHUCK_5/IGI/LR5/Parking/p_env/lib/python3.13/site-packages/django/contrib/admin/templatetags/admin_urls.py first seen with mtime 1746826653.1723402
DEBUG 2025-05-11 13:26:48,530 autoreload File /usr/lib/python3.13/concurrent/futures/_base.py first seen with mtime 1744184665.0
DEBUG 2025-05-11 13:26:48,530 autoreload File /home/G1nxx/Projects/IGI/353502_BURCHUCK_5/IGI/LR5/Parking/p_env/lib/python3.13/site-packages/django/contrib/auth/tokens.py first seen with mtime 1746826653.1878755
DEBUG 2025-05-11 13:26:48,530 autoreload File /usr/lib/python3.13/multiprocessing/context.py first seen with mtime 1744184665.0
DEBUG 2025-05-11 13:26:48,530 autoreload File /home/G1nxx/Projects/IGI/353502_BURCHUCK_5/IGI/LR5/Parking/p_env/lib/python3.13/site-packages/django/db/migrations/operations/special.py first seen with mtime 1746826653.3157394
DEBUG 2025-05-11 13:26:48,530 autoreload File /usr/lib/python3.13/gettext.py first seen with mtime 1744184665.0
DEBUG 2025-05-11 13:26:48,530 autoreload File /home/G1nxx/Projects/IGI/353502_BURCHUCK_5/IGI/LR5/Parking/p_env/lib/python3.13/site-packages/django/utils/http.py first seen with mtime 1746826653.3310394
DEBUG 2025-05-11 13:26:48,530 autoreload File /home/G1nxx/Projects/IGI/353502_BURCHUCK_5/IGI/LR5/Parking/p_env/lib/python3.13/site-packages/django/contrib/admin/utils.py first seen with mtime 1746826653.126093
DEBUG 2025-05-11 13:26:48,530 autoreload File /usr/lib/python3.13/urllib/request.py first seen with mtime 1744184665.0
DEBUG 2025-05-11 13:26:48,530 autoreload File /home/G1nxx/Projects/IGI/353502_BURCHUCK_5/IGI/LR5/Parking/p_env/lib/python3.13/site-packages/django/db/backends/base/__init__.py first seen with mtime 1746826653.310271
DEBUG 2025-05-11 13:26:48,530 autoreload File /home/G1nxx/Projects/IGI/353502_BURCHUCK_5/IGI/LR5/Parking/p_env/lib/python3.13/site-packages/django/dispatch/__init__.py first seen with mtime 1746826653.3207493
DEBUG 2025-05-11 13:26:48,530 autoreload File /home/G1nxx/Projects/IGI/353502_BURCHUCK_5/IGI/LR5/Parking/p_env/lib/python3.13/site-packages/django/core/files/storage/filesystem.py first seen with mtime 1746826653.3059876
DEBUG 2025-05-11 13:26:48,530 autoreload File /usr/lib/python3.13/lib-dynload/_blake2.cpython-313-x86_64-linux-gnu.so first seen with mtime 1744184665.0
DEBUG 2025-05-11 13:26:48,530 autoreload File /usr/lib/python3.13/hmac.py first seen with mtime 1744184665.0
DEBUG 2025-05-11 13:26:48,530 autoreload File /home/G1nxx/Projects/IGI/353502_BURCHUCK_5/IGI/LR5/Parking/p_env/lib/python3.13/site-packages/urllib3/_base_connection.py first seen with mtime 1746920160.7635589
DEBUG 2025-05-11 13:26:48,530 autoreload File /home/G1nxx/Projects/IGI/353502_BURCHUCK_5/IGI/LR5/Parking/p_env/lib/python3.13/site-packages/urllib3/exceptions.py first seen with mtime 1746920160.7645001
DEBUG 2025-05-11 13:26:48,530 autoreload File /home/G1nxx/Projects/IGI/353502_BURCHUCK_5/IGI/LR5/Parking/p_env/lib/python3.13/site-packages/django/db/models/fields/generated.py first seen with mtime 1746826653.3181474
DEBUG 2025-05-11 13:26:48,530 autoreload File /home/G1nxx/Projects/IGI/353502_BURCHUCK_5/IGI/LR5/Parking/p_env/lib/python3.13/site-packages/django/db/models/sql/datastructures.py first seen with mtime 1746826653.3198013
DEBUG 2025-05-11 13:26:48,530 autoreload File /home/G1nxx/Projects/IGI/353502_BURCHUCK_5/IGI/LR5/Parking/p_env/lib/python3.13/site-packages/django/forms/fields.py first seen with mtime 1746826653.321197
DEBUG 2025-05-11 13:26:48,530 autoreload File /home/G1nxx/Projects/IGI/353502_BURCHUCK_5/IGI/LR5/Parking/p_env/lib/python3.13/site-packages/urllib3/contrib/__init__.py first seen with mtime 1746920160.7649875
DEBUG 2025-05-11 13:26:48,530 autoreload File /home/G1nxx/Projects/IGI/353502_BURCHUCK_5/IGI/LR5/Parking/p_env/lib/python3.13/site-packages/django/core/wsgi.py first seen with mtime 1746826653.3041742
DEBUG 2025-05-11 13:26:48,530 autoreload File /home/G1nxx/Projects/IGI/353502_BURCHUCK_5/IGI/LR5/Parking/p_env/lib/python3.13/site-packages/django/db/models/options.py first seen with mtime 1746826653.3170826
DEBUG 2025-05-11 13:26:48,530 autoreload File /home/G1nxx/Projects/IGI/353502_BURCHUCK_5/IGI/LR5/Parking/p_env/lib/python3.13/site-packages/django/http/request.py first seen with mtime 1746826653.3255408
DEBUG 2025-05-11 13:26:48,530 autoreload File /home/G1nxx/Projects/IGI/353502_BURCHUCK_5/IGI/LR5/Parking/p_env/lib/python3.13/site-packages/django/contrib/messages/__init__.py first seen with mtime 1746826653.2604277
DEBUG 2025-05-11 13:26:48,530 autoreload File /home/G1nxx/Projects/IGI/353502_BURCHUCK_5/IGI/LR5/Parking/p_env/lib/python3.13/site-packages/django/core/mail/utils.py first seen with mtime 1746826653.3069994
DEBUG 2025-05-11 13:26:48,530 autoreload File /home/G1nxx/Projects/IGI/353502_BURCHUCK_5/IGI/LR5/Parking/p_env/lib/python3.13/site-packages/django/contrib/auth/forms.py first seen with mtime 1746826653.187433
DEBUG 2025-05-11 13:26:48,530 autoreload File /home/G1nxx/Projects/IGI/353502_BURCHUCK_5/IGI/LR5/Parking/p_env/lib/python3.13/site-packages/django/contrib/admin/apps.py first seen with mtime 1746826653.1247413
DEBUG 2025-05-11 13:26:48,530 autoreload File /home/G1nxx/Projects/IGI/353502_BURCHUCK_5/IGI/LR5/Parking/p_env/lib/python3.13/site-packages/sqlparse/engine/filter_stack.py first seen with mtime 1746826653.03305
DEBUG 2025-05-11 13:26:48,530 autoreload File /home/G1nxx/Projects/IGI/353502_BURCHUCK_5/IGI/LR5/Parking/p_env/lib/python3.13/site-packages/django/core/servers/__init__.py first seen with mtime 1746826653.3097808
DEBUG 2025-05-11 13:26:48,530 autoreload File /home/G1nxx/Projects/IGI/353502_BURCHUCK_5/IGI/LR5/Parking/p_env/lib/python3.13/site-packages/django/core/management/commands/runserver.py first seen with mtime 1746826653.308851
DEBUG 2025-05-11 13:26:48,530 autoreload File /home/G1nxx/Projects/IGI/353502_BURCHUCK_5/IGI/LR5/Parking/p_env/lib/python3.13/site-packages/django/utils/timesince.py first seen with mtime 1746826653.331682
DEBUG 2025-05-11 13:26:48,530 autoreload File /home/G1nxx/Projects/IGI/353502_BURCHUCK_5/IGI/LR5/Parking/p_env/lib/python3.13/site-packages/urllib3/util/util.py first seen with mtime 1746920160.766683
DEBUG 2025-05-11 13:26:48,530 autoreload File /home/G1nxx/Projects/IGI/353502_BURCHUCK_5/IGI/LR5/Parking/p_env/lib/python3.13/site-packages/sqlparse/engine/__init__.py first seen with mtime 1746826653.0329952
DEBUG 2025-05-11 13:26:48,530 autoreload File /home/G1nxx/Projects/IGI/353502_BURCHUCK_5/IGI/LR5/Parking/p_env/lib/python3.13/site-packages/idna/package_data.py first seen with mtime 1746920160.8093505
DEBUG 2025-05-11 13:26:48,530 autoreload File /usr/lib/python3.13/wsgiref/__init__.py first seen with mtime 1744184665.0
DEBUG 2025-05-11 13:26:48,530 autoreload File /home/G1nxx/Projects/IGI/353502_BURCHUCK_5/IGI/LR5/Parking/p_env/lib/python3.13/site-packages/django/middleware/__init__.py first seen with mtime 1746826653.3256698
DEBUG 2025-05-11 13:26:48,530 autoreload File /home/G1nxx/Projects/IGI/353502_BURCHUCK_5/IGI/LR5/Parking/p_env/lib/python3.13/site-packages/certifi/core.py first seen with mtime 1746920160.8757262
DEBUG 2025-05-11 13:26:48,530 autoreload File /usr/lib/python3.13/traceback.py first seen with mtime 1744184665.0
DEBUG 2025-05-11 13:26:48,530 autoreload File /usr/lib/python3.13/lib-dynload/_random.cpython-313-x86_64-linux-gnu.so first seen with mtime 1744184665.0
DEBUG 2025-05-11 13:26:48,530 autoreload File /home/G1nxx/Projects/IGI/353502_BURCHUCK_5/IGI/LR5/Parking/p_env/lib/python3.13/site-packages/django/contrib/auth/signals.py first seen with mtime 1746826653.187825
DEBUG 2025-05-11 13:26:48,530 autoreload File /usr/lib/python3.13/numbers.py first seen with mtime 1744184665.0
DEBUG 2025-05-11 13:26:48,530 autoreload File /home/G1nxx/Projects/IGI/353502_BURCHUCK_5/IGI/LR5/Parking/p_env/lib/python3.13/site-packages/django/db/models/indexes.py first seen with mtime 1746826653.3167593
DEBUG 2025-05-11 13:26:48,530 autoreload File /home/G1nxx/Projects/IGI/353502_BURCHUCK_5/IGI/LR5/Parking/p_env/lib/python3.13/site-packages/django/db/models/signals.py first seen with mtime 1746826653.3175392
DEBUG 2025-05-11 13:26:48,530 autoreload File /usr/lib/python3.13/asyncio/locks.py first seen with mtime 1744184665.0
DEBUG 2025-05-11 13:26:48,530 autoreload File /usr/lib/python3.13/operator.py first seen with mtime 1744184665.0
DEBUG 2025-05-11 13:26:48,530 autoreload File /home/G1nxx/Projects/IGI/353502_BURCHUCK_5/IGI/LR5/Parking/p_env/lib/python3.13/site-packages/urllib3/util/timeout.py first seen with mtime 1746920160.7665477
DEBUG 2025-05-11 13:26:48,530 autoreload File /usr/lib/python3.13/warnings.py first seen with mtime 1744184665.0
DEBUG 2025-05-11 13:26:48,530 autoreload File /home/G1nxx/Projects/IGI/353502_BURCHUCK_5/IGI/LR5/Parking/p_env/lib/python3.13/site-packages/django/templatetags/l10n.py first seen with mtime 1746826653.328163
DEBUG 2025-05-11 13:26:48,530 autoreload File /usr/lib/python3.13/zoneinfo/_tzpath.py first seen with mtime 1744184665.0
DEBUG 2025-05-11 13:26:48,530 autoreload File /home/G1nxx/Projects/IGI/353502_BURCHUCK_5/IGI/LR5/Parking/p_env/lib/python3.13/site-packages/urllib3/response.py first seen with mtime 1746920160.7649875
DEBUG 2025-05-11 13:26:48,530 autoreload File /home/G1nxx/Projects/IGI/353502_BURCHUCK_5/IGI/LR5/Parking/p_env/lib/python3.13/site-packages/django/shortcuts.py first seen with mtime 1746826653.0892942
DEBUG 2025-05-11 13:26:48,530 autoreload File /home/G1nxx/Projects/IGI/353502_BURCHUCK_5/IGI/LR5/Parking/p_env/lib/python3.13/site-packages/django/templatetags/cache.py first seen with mtime 1746826653.328039
DEBUG 2025-05-11 13:26:48,530 autoreload File /home/G1nxx/Projects/IGI/353502_BURCHUCK_5/IGI/LR5/Parking/p_env/lib/python3.13/site-packages/django/contrib/admin/helpers.py first seen with mtime 1746826653.1251607
DEBUG 2025-05-11 13:26:48,530 autoreload File /home/G1nxx/Projects/IGI/353502_BURCHUCK_5/IGI/LR5/Parking/p_env/lib/python3.13/site-packages/django/utils/formats.py first seen with mtime 1746826653.3307388
DEBUG 2025-05-11 13:26:48,530 autoreload File /usr/lib/python3.13/asyncio/log.py first seen with mtime 1744184665.0
DEBUG 2025-05-11 13:26:48,530 autoreload File /home/G1nxx/Projects/IGI/353502_BURCHUCK_5/IGI/LR5/Parking/p_env/lib/python3.13/site-packages/django/views/static.py first seen with mtime 1746826653.3326397
DEBUG 2025-05-11 13:26:48,530 autoreload File /home/G1nxx/Projects/IGI/353502_BURCHUCK_5/IGI/LR5/Parking/p_env/lib/python3.13/site-packages/django/db/migrations/questioner.py first seen with mtime 1746826653.3149946
DEBUG 2025-05-11 13:26:48,530 autoreload File /usr/lib/python3.13/asyncio/sslproto.py first seen with mtime 1744184665.0
DEBUG 2025-05-11 13:26:48,530 autoreload File /home/G1nxx/Projects/IGI/353502_BURCHUCK_5/IGI/LR5/Parking/p_env/lib/python3.13/site-packages/django/template/defaulttags.py first seen with mtime 1746826653.326814
DEBUG 2025-05-11 13:26:48,530 autoreload File /usr/lib/python3.13/pprint.py first seen with mtime 1744184665.0
DEBUG 2025-05-11 13:26:48,531 autoreload File /usr/lib/python3.13/lib-dynload/_decimal.cpython-313-x86_64-linux-gnu.so first seen with mtime 1744184665.0
DEBUG 2025-05-11 13:26:48,531 autoreload File /home/G1nxx/Projects/IGI/353502_BURCHUCK_5/IGI/LR5/Parking/p_env/lib/python3.13/site-packages/django/template/utils.py first seen with mtime 1746826653.3273988
DEBUG 2025-05-11 13:26:48,531 autoreload File /home/G1nxx/Projects/IGI/353502_BURCHUCK_5/IGI/LR5/Parking/p_env/lib/python3.13/site-packages/sqlparse/filters/right_margin.py first seen with mtime 1746826653.0335746
DEBUG 2025-05-11 13:26:48,531 autoreload File /home/G1nxx/Projects/IGI/353502_BURCHUCK_5/IGI/LR5/Parking/p_env/lib/python3.13/site-packages/django/contrib/contenttypes/checks.py first seen with mtime 1746826653.2061598
DEBUG 2025-05-11 13:26:48,531 autoreload File /home/G1nxx/Projects/IGI/353502_BURCHUCK_5/IGI/LR5/Parking/p_env/lib/python3.13/site-packages/django/db/backends/sqlite3/introspection.py first seen with mtime 1746826653.3140767
DEBUG 2025-05-11 13:26:48,531 autoreload File /usr/lib/python3.13/lib-dynload/zlib.cpython-313-x86_64-linux-gnu.so first seen with mtime 1744184665.0
DEBUG 2025-05-11 13:26:48,531 autoreload File /usr/lib/python3.13/importlib/metadata/_itertools.py first seen with mtime 1744184665.0
DEBUG 2025-05-11 13:26:48,531 autoreload File /home/G1nxx/Projects/IGI/353502_BURCHUCK_5/IGI/LR5/Parking/p_env/lib/python3.13/site-packages/django/db/backends/base/schema.py first seen with mtime 1746826653.3111453
DEBUG 2025-05-11 13:26:48,531 autoreload File /home/G1nxx/Projects/IGI/353502_BURCHUCK_5/IGI/LR5/Parking/p_env/lib/python3.13/site-packages/django/db/backends/sqlite3/base.py first seen with mtime 1746826653.313846
DEBUG 2025-05-11 13:26:48,531 autoreload File /home/G1nxx/Projects/IGI/353502_BURCHUCK_5/IGI/LR5/Parking/p_env/lib/python3.13/site-packages/django/utils/autoreload.py first seen with mtime 1746826653.329836
DEBUG 2025-05-11 13:26:48,531 autoreload File /home/G1nxx/Projects/IGI/353502_BURCHUCK_5/IGI/LR5/Parking/p_env/lib/python3.13/site-packages/django/contrib/auth/models.py first seen with mtime 1746965773.8104188
DEBUG 2025-05-11 13:26:48,531 autoreload File /usr/lib/python3.13/http/client.py first seen with mtime 1744184665.0
DEBUG 2025-05-11 13:26:48,531 autoreload File /usr/lib/python3.13/re/_parser.py first seen with mtime 1744184665.0
DEBUG 2025-05-11 13:26:48,531 autoreload File /home/G1nxx/Projects/IGI/353502_BURCHUCK_5/IGI/LR5/Parking/p_env/lib/python3.13/site-packages/django/db/migrations/autodetector.py first seen with mtime 1746826653.3144972
DEBUG 2025-05-11 13:26:48,531 autoreload File /home/G1nxx/Projects/IGI/353502_BURCHUCK_5/IGI/LR5/Parking/p_env/lib/python3.13/site-packages/django/db/models/functions/text.py first seen with mtime 1746826653.3193343
DEBUG 2025-05-11 13:26:48,531 autoreload File /home/G1nxx/Projects/IGI/353502_BURCHUCK_5/IGI/LR5/Parking/p_env/lib/python3.13/site-packages/django/templatetags/__init__.py first seen with mtime 1746826653.3279665
DEBUG 2025-05-11 13:26:48,531 autoreload File /home/G1nxx/Projects/IGI/353502_BURCHUCK_5/IGI/LR5/Parking/p_env/lib/python3.13/site-packages/django/db/backends/signals.py first seen with mtime 1746826653.3102064
DEBUG 2025-05-11 13:26:48,531 autoreload File /home/G1nxx/Projects/IGI/353502_BURCHUCK_5/IGI/LR5/Parking/p_env/lib/python3.13/site-packages/django/templatetags/i18n.py first seen with mtime 1746826653.3281217
DEBUG 2025-05-11 13:26:48,531 autoreload File /home/G1nxx/Projects/IGI/353502_BURCHUCK_5/IGI/LR5/Parking/p_env/lib/python3.13/site-packages/charset_normalizer/api.py first seen with mtime 1746920160.8557947
DEBUG 2025-05-11 13:26:48,531 autoreload File /usr/lib/python3.13/linecache.py first seen with mtime 1744184665.0
DEBUG 2025-05-11 13:26:48,531 autoreload File /home/G1nxx/Projects/IGI/353502_BURCHUCK_5/IGI/LR5/Parking/p_env/lib/python3.13/site-packages/django/db/migrations/graph.py first seen with mtime 1746826653.314717
DEBUG 2025-05-11 13:26:48,531 autoreload File /home/G1nxx/Projects/IGI/353502_BURCHUCK_5/IGI/LR5/Parking/p_env/lib/python3.13/site-packages/requests/exceptions.py first seen with mtime 1746920160.87999
DEBUG 2025-05-11 13:26:48,531 autoreload File /usr/lib/python3.13/json/__init__.py first seen with mtime 1744184665.0
DEBUG 2025-05-11 13:26:48,531 autoreload File /usr/lib/python3.13/re/_compiler.py first seen with mtime 1744184665.0
DEBUG 2025-05-11 13:26:48,531 autoreload File /home/G1nxx/Projects/IGI/353502_BURCHUCK_5/IGI/LR5/Parking/p_env/lib/python3.13/site-packages/django/core/checks/security/__init__.py first seen with mtime 1746826653.3052757
DEBUG 2025-05-11 13:26:48,531 autoreload File /home/G1nxx/Projects/IGI/353502_BURCHUCK_5/IGI/LR5/Parking/p_env/lib/python3.13/site-packages/django/utils/functional.py first seen with mtime 1746826653.3308167
DEBUG 2025-05-11 13:26:48,531 autoreload File /home/G1nxx/Projects/IGI/353502_BURCHUCK_5/IGI/LR5/Parking/auto_car/templates/auto_car first seen with mtime 1746836255.856178
DEBUG 2025-05-11 13:26:48,531 autoreload File /home/G1nxx/Projects/IGI/353502_BURCHUCK_5/IGI/LR5/Parking/auto_car/templates/auto_car/auth first seen with mtime 1746921669.867405
DEBUG 2025-05-11 13:26:48,531 autoreload File /home/G1nxx/Projects/IGI/353502_BURCHUCK_5/IGI/LR5/Parking/auto_car/templates/auto_car/client_dashboard.html first seen with mtime 1746834893.1647482
DEBUG 2025-05-11 13:26:48,531 autoreload File /home/G1nxx/Projects/IGI/353502_BURCHUCK_5/IGI/LR5/Parking/auto_car/templates/auto_car/index.html first seen with mtime 1746965714.9434178
DEBUG 2025-05-11 13:26:48,531 autoreload File /home/G1nxx/Projects/IGI/353502_BURCHUCK_5/IGI/LR5/Parking/auto_car/templates/auto_car/base.html first seen with mtime 1746968259.0738733
DEBUG 2025-05-11 13:26:48,531 autoreload File /home/G1nxx/Projects/IGI/353502_BURCHUCK_5/IGI/LR5/Parking/auto_car/templates/auto_car/employee_dashboard.html first seen with mtime 1746968313.7873082
DEBUG 2025-05-11 13:26:48,531 autoreload File /home/G1nxx/Projects/IGI/353502_BURCHUCK_5/IGI/LR5/Parking/auto_car/templates/auto_car/auth/login.html first seen with mtime 1746966517.4056296
DEBUG 2025-05-11 13:26:48,531 autoreload File /home/G1nxx/Projects/IGI/353502_BURCHUCK_5/IGI/LR5/Parking/auto_car/templates/auto_car/auth/signup.html first seen with mtime 1746966434.102718
DEBUG 2025-05-11 13:26:49,554 autoreload File /home/G1nxx/Projects/IGI/353502_BURCHUCK_5/IGI/LR5/Parking/p_env/lib/python3.13/site-packages/django/contrib/sessions/exceptions.py first seen with mtime 1746826653.2818263
DEBUG 2025-05-11 13:26:49,554 autoreload File /home/G1nxx/Projects/IGI/353502_BURCHUCK_5/IGI/LR5/Parking/parking/settings.py previous mtime: 1746970007.7709646, current mtime: 1746970009.4090283
DEBUG 2025-05-11 13:26:49,554 autoreload /home/G1nxx/Projects/IGI/353502_BURCHUCK_5/IGI/LR5/Parking/parking/settings.py notified as changed. Signal results: [(<function template_changed at 0x78fea5420c20>, None), (<function translation_file_changed at 0x78fea4c0a160>, None)].
INFO 2025-05-11 13:26:49,554 autoreload /home/G1nxx/Projects/IGI/353502_BURCHUCK_5/IGI/LR5/Parking/parking/settings.py changed, reloading.
INFO 2025-05-11 13:26:49,778 autoreload Watching for file changes with StatReloader
DEBUG 2025-05-11 13:26:49,779 autoreload Waiting for apps ready_event.
DEBUG 2025-05-11 13:26:49,815 autoreload Apps ready_event triggered. Sending autoreload_started signal.
DEBUG 2025-05-11 13:26:49,820 autoreload Watching dir /home/G1nxx/Projects/IGI/353502_BURCHUCK_5/IGI/LR5/Parking/auto_car/templates with glob **/*.
DEBUG 2025-05-11 13:26:49,821 autoreload Watching dir /home/G1nxx/Projects/IGI/353502_BURCHUCK_5/IGI/LR5/Parking/locale with glob **/*.mo.
DEBUG 2025-05-11 13:26:49,821 autoreload Watching dir /home/G1nxx/Projects/IGI/353502_BURCHUCK_5/IGI/LR5/Parking/auto_car/locale with glob **/*.mo.
DEBUG 2025-05-11 13:26:49,837 utils (0.000) 
            SELECT name, type FROM sqlite_master
            WHERE type in ('table', 'view') AND NOT name='sqlite_sequence'
            ORDER BY name; args=None; alias=default
DEBUG 2025-05-11 13:26:49,839 utils (0.001) SELECT "django_migrations"."id", "django_migrations"."app", "django_migrations"."name", "django_migrations"."applied" FROM "django_migrations"; args=(); alias=default
DEBUG 2025-05-11 13:26:49,861 autoreload File /home/G1nxx/Projects/IGI/353502_BURCHUCK_5/IGI/LR5/Parking/p_env/lib/python3.13/site-packages/django/db/migrations/questioner.py first seen with mtime 1746826653.3149946
DEBUG 2025-05-11 13:26:49,861 autoreload File /usr/lib/python3.13/lib-dynload/_struct.cpython-313-x86_64-linux-gnu.so first seen with mtime 1744184665.0
DEBUG 2025-05-11 13:26:49,861 autoreload File /usr/lib/python3.13/copyreg.py first seen with mtime 1744184665.0
DEBUG 2025-05-11 13:26:49,861 autoreload File /usr/lib/python3.13/re/_parser.py first seen with mtime 1744184665.0
DEBUG 2025-05-11 13:26:49,861 autoreload File /usr/lib/python3.13/importlib/metadata/_itertools.py first seen with mtime 1744184665.0
DEBUG 2025-05-11 13:26:49,861 autoreload File /usr/lib/python3.13/lib-dynload/_asyncio.cpython-313-x86_64-linux-gnu.so first seen with mtime 1744184665.0
DEBUG 2025-05-11 13:26:49,861 autoreload File /home/G1nxx/Projects/IGI/353502_BURCHUCK_5/IGI/LR5/Parking/p_env/lib/python3.13/site-packages/sqlparse/exceptions.py first seen with mtime 1746826653.0323591
DEBUG 2025-05-11 13:26:49,861 autoreload File /home/G1nxx/Projects/IGI/353502_BURCHUCK_5/IGI/LR5/Parking/p_env/lib/python3.13/site-packages/django/contrib/admin/exceptions.py first seen with mtime 1746826653.1249604
DEBUG 2025-05-11 13:26:49,861 autoreload File /home/G1nxx/Projects/IGI/353502_BURCHUCK_5/IGI/LR5/Parking/p_env/lib/python3.13/site-packages/django/utils/timezone.py first seen with mtime 1746826653.331739
DEBUG 2025-05-11 13:26:49,861 autoreload File /home/G1nxx/Projects/IGI/353502_BURCHUCK_5/IGI/LR5/Parking/p_env/lib/python3.13/site-packages/django/utils/dateformat.py first seen with mtime 1746826653.330206
DEBUG 2025-05-11 13:26:49,861 autoreload File /home/G1nxx/Projects/IGI/353502_BURCHUCK_5/IGI/LR5/Parking/p_env/lib/python3.13/site-packages/django/shortcuts.py first seen with mtime 1746826653.0892942
DEBUG 2025-05-11 13:26:49,861 autoreload File /home/G1nxx/Projects/IGI/353502_BURCHUCK_5/IGI/LR5/Parking/p_env/lib/python3.13/site-packages/django/template/__init__.py first seen with mtime 1746826653.326218
DEBUG 2025-05-11 13:26:49,861 autoreload File /usr/lib/python3.13/sqlite3/__init__.py first seen with mtime 1744184665.0
DEBUG 2025-05-11 13:26:49,861 autoreload File /home/G1nxx/Projects/IGI/353502_BURCHUCK_5/IGI/LR5/Parking/p_env/lib/python3.13/site-packages/django/templatetags/cache.py first seen with mtime 1746826653.328039
DEBUG 2025-05-11 13:26:49,861 autoreload File /usr/lib/python3.13/urllib/response.py first seen with mtime 1744184665.0
DEBUG 2025-05-11 13:26:49,861 autoreload File /usr/lib/python3.13/subprocess.py first seen with mtime 1744184665.0
DEBUG 2025-05-11 13:26:49,861 autoreload File /usr/lib/python3.13/lib-dynload/binascii.cpython-313-x86_64-linux-gnu.so first seen with mtime 1744184665.0
DEBUG 2025-05-11 13:26:49,861 autoreload File /usr/lib/python3.13/email/mime/text.py first seen with mtime 1744184665.0
DEBUG 2025-05-11 13:26:49,861 autoreload File /usr/lib/python3.13/logging/config.py first seen with mtime 1744184665.0
DEBUG 2025-05-11 13:26:49,861 autoreload File /home/G1nxx/Projects/IGI/353502_BURCHUCK_5/IGI/LR5/Parking/p_env/lib/python3.13/site-packages/django/contrib/staticfiles/views.py first seen with mtime 1746826653.3034315
DEBUG 2025-05-11 13:26:49,861 autoreload File /home/G1nxx/Projects/IGI/353502_BURCHUCK_5/IGI/LR5/Parking/p_env/lib/python3.13/site-packages/django/db/models/fields/reverse_related.py first seen with mtime 1746826653.3188896
DEBUG 2025-05-11 13:26:49,861 autoreload File /usr/lib/python3.13/http/client.py first seen with mtime 1744184665.0
DEBUG 2025-05-11 13:26:49,861 autoreload File /home/G1nxx/Projects/IGI/353502_BURCHUCK_5/IGI/LR5/Parking/p_env/lib/python3.13/site-packages/django/utils/datastructures.py first seen with mtime 1746826653.3301406
DEBUG 2025-05-11 13:26:49,861 autoreload File /usr/lib/python3.13/lib-dynload/termios.cpython-313-x86_64-linux-gnu.so first seen with mtime 1744184665.0
DEBUG 2025-05-11 13:26:49,861 autoreload File /usr/lib/python3.13/lib-dynload/_statistics.cpython-313-x86_64-linux-gnu.so first seen with mtime 1744184665.0
DEBUG 2025-05-11 13:26:49,861 autoreload File /home/G1nxx/Projects/IGI/353502_BURCHUCK_5/IGI/LR5/Parking/p_env/lib/python3.13/site-packages/requests/sessions.py first seen with mtime 1746920160.880447
DEBUG 2025-05-11 13:26:49,862 autoreload File /home/G1nxx/Projects/IGI/353502_BURCHUCK_5/IGI/LR5/Parking/p_env/lib/python3.13/site-packages/django/db/models/lookups.py first seen with mtime 1746826653.3168674
DEBUG 2025-05-11 13:26:49,862 autoreload File /usr/lib/python3.13/email/feedparser.py first seen with mtime 1744184665.0
DEBUG 2025-05-11 13:26:49,862 autoreload File /home/G1nxx/Projects/IGI/353502_BURCHUCK_5/IGI/LR5/Parking/p_env/lib/python3.13/site-packages/django/contrib/auth/base_user.py first seen with mtime 1746826653.1870568
DEBUG 2025-05-11 13:26:49,862 autoreload File /usr/lib/python3.13/argparse.py first seen with mtime 1744184665.0
DEBUG 2025-05-11 13:26:49,862 autoreload File /home/G1nxx/Projects/IGI/353502_BURCHUCK_5/IGI/LR5/Parking/p_env/lib/python3.13/site-packages/django/urls/converters.py first seen with mtime 1746826653.3293858
DEBUG 2025-05-11 13:26:49,862 autoreload File /home/G1nxx/Projects/IGI/353502_BURCHUCK_5/IGI/LR5/Parking/p_env/lib/python3.13/site-packages/django/utils/translation/__init__.py first seen with mtime 1746826653.3319964
DEBUG 2025-05-11 13:26:49,862 autoreload File /usr/lib/python3.13/asyncio/coroutines.py first seen with mtime 1744184665.0
DEBUG 2025-05-11 13:26:49,862 autoreload File /usr/lib/python3.13/pathlib/_local.py first seen with mtime 1744184665.0
DEBUG 2025-05-11 13:26:49,862 autoreload File /usr/lib/python3.13/zoneinfo/__init__.py first seen with mtime 1744184665.0
DEBUG 2025-05-11 13:26:49,862 autoreload File /home/G1nxx/Projects/IGI/353502_BURCHUCK_5/IGI/LR5/Parking/p_env/lib/python3.13/site-packages/django/utils/dateparse.py first seen with mtime 1746826653.330261
DEBUG 2025-05-11 13:26:49,862 autoreload File /home/G1nxx/Projects/IGI/353502_BURCHUCK_5/IGI/LR5/Parking/p_env/lib/python3.13/site-packages/idna/package_data.py first seen with mtime 1746920160.8093505
DEBUG 2025-05-11 13:26:49,862 autoreload File /home/G1nxx/Projects/IGI/353502_BURCHUCK_5/IGI/LR5/Parking/p_env/lib/python3.13/site-packages/django/core/cache/backends/base.py first seen with mtime 1746826653.3044004
DEBUG 2025-05-11 13:26:49,862 autoreload File /home/G1nxx/Projects/IGI/353502_BURCHUCK_5/IGI/LR5/Parking/p_env/lib/python3.13/site-packages/django/forms/renderers.py first seen with mtime 1746826653.3216763
DEBUG 2025-05-11 13:26:49,862 autoreload File /home/G1nxx/Projects/IGI/353502_BURCHUCK_5/IGI/LR5/Parking/p_env/lib/python3.13/site-packages/django/contrib/contenttypes/management/__init__.py first seen with mtime 1746826653.2166188
DEBUG 2025-05-11 13:26:49,862 autoreload File /usr/lib/python3.13/encodings/__init__.py first seen with mtime 1744184665.0
DEBUG 2025-05-11 13:26:49,862 autoreload File /usr/lib/python3.13/email/_encoded_words.py first seen with mtime 1744184665.0
DEBUG 2025-05-11 13:26:49,862 autoreload File /usr/lib/python3.13/lib-dynload/fcntl.cpython-313-x86_64-linux-gnu.so first seen with mtime 1744184665.0
DEBUG 2025-05-11 13:26:49,862 autoreload File /home/G1nxx/Projects/IGI/353502_BURCHUCK_5/IGI/LR5/Parking/p_env/lib/python3.13/site-packages/django/template/context.py first seen with mtime 1746826653.3264802
DEBUG 2025-05-11 13:26:49,862 autoreload File /home/G1nxx/Projects/IGI/353502_BURCHUCK_5/IGI/LR5/Parking/p_env/lib/python3.13/site-packages/django/db/transaction.py first seen with mtime 1746826653.3100238
DEBUG 2025-05-11 13:26:49,862 autoreload File /home/G1nxx/Projects/IGI/353502_BURCHUCK_5/IGI/LR5/Parking/p_env/lib/python3.13/site-packages/django/utils/log.py first seen with mtime 1746826653.3312194
DEBUG 2025-05-11 13:26:49,862 autoreload File /home/G1nxx/Projects/IGI/353502_BURCHUCK_5/IGI/LR5/Parking/p_env/lib/python3.13/site-packages/django/utils/module_loading.py first seen with mtime 1746826653.3313236
DEBUG 2025-05-11 13:26:49,862 autoreload File /home/G1nxx/Projects/IGI/353502_BURCHUCK_5/IGI/LR5/Parking/p_env/lib/python3.13/site-packages/charset_normalizer/md.cpython-313-x86_64-linux-gnu.so first seen with mtime 1746920160.8562367
DEBUG 2025-05-11 13:26:49,862 autoreload File /usr/lib/python3.13/_markupbase.py first seen with mtime 1744184665.0
DEBUG 2025-05-11 13:26:49,862 autoreload File /home/G1nxx/Projects/IGI/353502_BURCHUCK_5/IGI/LR5/Parking/p_env/lib/python3.13/site-packages/django/utils/choices.py first seen with mtime 1746826653.3299847
DEBUG 2025-05-11 13:26:49,862 autoreload File /home/G1nxx/Projects/IGI/353502_BURCHUCK_5/IGI/LR5/Parking/p_env/lib/python3.13/site-packages/django/contrib/staticfiles/management/commands/__init__.py first seen with mtime 1746826653.3034823
DEBUG 2025-05-11 13:26:49,862 autoreload File /usr/lib/python3.13/importlib/resources/_common.py first seen with mtime 1744184665.0
DEBUG 2025-05-11 13:26:49,862 autoreload File /usr/lib/python3.13/re/_compiler.py first seen with mtime 1744184665.0
DEBUG 2025-05-11 13:26:49,862 autoreload File /home/G1nxx/Projects/IGI/353502_BURCHUCK_5/IGI/LR5/Parking/p_env/lib/python3.13/site-packages/sqlparse/filters/others.py first seen with mtime 1746826653.0334146
DEBUG 2025-05-11 13:26:49,862 autoreload File /home/G1nxx/Projects/IGI/353502_BURCHUCK_5/IGI/LR5/Parking/p_env/lib/python3.13/site-packages/django/db/utils.py first seen with mtime 1746826653.310087
DEBUG 2025-05-11 13:26:49,862 autoreload File /home/G1nxx/Projects/IGI/353502_BURCHUCK_5/IGI/LR5/Parking/p_env/lib/python3.13/site-packages/urllib3/response.py first seen with mtime 1746920160.7649875
DEBUG 2025-05-11 13:26:49,862 autoreload File /home/G1nxx/Projects/IGI/353502_BURCHUCK_5/IGI/LR5/Parking/p_env/lib/python3.13/site-packages/django/utils/hashable.py first seen with mtime 1746826653.3308635
DEBUG 2025-05-11 13:26:49,862 autoreload File /usr/lib/python3.13/_compression.py first seen with mtime 1744184665.0
DEBUG 2025-05-11 13:26:49,862 autoreload File /usr/lib/python3.13/lib-dynload/_ssl.cpython-313-x86_64-linux-gnu.so first seen with mtime 1744184665.0
DEBUG 2025-05-11 13:26:49,862 autoreload File /home/G1nxx/Projects/IGI/353502_BURCHUCK_5/IGI/LR5/Parking/p_env/lib/python3.13/site-packages/urllib3/util/wait.py first seen with mtime 1746920160.7667353
DEBUG 2025-05-11 13:26:49,862 autoreload File /home/G1nxx/Projects/IGI/353502_BURCHUCK_5/IGI/LR5/Parking/p_env/lib/python3.13/site-packages/charset_normalizer/api.py first seen with mtime 1746920160.8557947
DEBUG 2025-05-11 13:26:49,862 autoreload File /home/G1nxx/Projects/IGI/353502_BURCHUCK_5/IGI/LR5/Parking/p_env/lib/python3.13/site-packages/django/forms/boundfield.py first seen with mtime 1746826653.3210366
DEBUG 2025-05-11 13:26:49,862 autoreload File /usr/lib/python3.13/signal.py first seen with mtime 1744184665.0
DEBUG 2025-05-11 13:26:49,862 autoreload File /home/G1nxx/Projects/IGI/353502_BURCHUCK_5/IGI/LR5/Parking/p_env/lib/python3.13/site-packages/django/utils/crypto.py first seen with mtime 1746826653.3300765
DEBUG 2025-05-11 13:26:49,862 autoreload File /home/G1nxx/Projects/IGI/353502_BURCHUCK_5/IGI/LR5/Parking/p_env/lib/python3.13/site-packages/django/template/library.py first seen with mtime 1746826653.3270187
DEBUG 2025-05-11 13:26:49,862 autoreload File /usr/lib/python3.13/zoneinfo/_tzpath.py first seen with mtime 1744184665.0
DEBUG 2025-05-11 13:26:49,862 autoreload File /home/G1nxx/Projects/IGI/353502_BURCHUCK_5/IGI/LR5/Parking/p_env/lib/python3.13/site-packages/sqlparse/filters/output.py first seen with mtime 1746826653.0334706
DEBUG 2025-05-11 13:26:49,862 autoreload File /home/G1nxx/Projects/IGI/353502_BURCHUCK_5/IGI/LR5/Parking/auto_car/usecase/user.py first seen with mtime 1746964550.6717172
DEBUG 2025-05-11 13:26:49,862 autoreload File /home/G1nxx/Projects/IGI/353502_BURCHUCK_5/IGI/LR5/Parking/p_env/lib/python3.13/site-packages/django/contrib/messages/apps.py first seen with mtime 1746826653.260505
DEBUG 2025-05-11 13:26:49,862 autoreload File /usr/lib/python3.13/importlib/resources/_functional.py first seen with mtime 1744184665.0
DEBUG 2025-05-11 13:26:49,862 autoreload File /home/G1nxx/Projects/IGI/353502_BURCHUCK_5/IGI/LR5/Parking/p_env/lib/python3.13/site-packages/urllib3/http2/probe.py first seen with mtime 1746920160.765839
DEBUG 2025-05-11 13:26:49,862 autoreload File /home/G1nxx/Projects/IGI/353502_BURCHUCK_5/IGI/LR5/Parking/p_env/lib/python3.13/site-packages/django/conf/__init__.py first seen with mtime 1746826653.0895832
DEBUG 2025-05-11 13:26:49,862 autoreload File /home/G1nxx/Projects/IGI/353502_BURCHUCK_5/IGI/LR5/Parking/p_env/lib/python3.13/site-packages/django/views/static.py first seen with mtime 1746826653.3326397
DEBUG 2025-05-11 13:26:49,862 autoreload File /usr/lib/python3.13/socket.py first seen with mtime 1744184665.0
DEBUG 2025-05-11 13:26:49,862 autoreload File /usr/lib/python3.13/string.py first seen with mtime 1744184665.0
DEBUG 2025-05-11 13:26:49,862 autoreload File /usr/lib/python3.13/asyncio/mixins.py first seen with mtime 1744184665.0
DEBUG 2025-05-11 13:26:49,862 autoreload File /home/G1nxx/Projects/IGI/353502_BURCHUCK_5/IGI/LR5/Parking/p_env/lib/python3.13/site-packages/charset_normalizer/md__mypyc.cpython-313-x86_64-linux-gnu.so first seen with mtime 1746920160.857332
DEBUG 2025-05-11 13:26:49,862 autoreload File /home/G1nxx/Projects/IGI/353502_BURCHUCK_5/IGI/LR5/Parking/p_env/lib/python3.13/site-packages/django/contrib/auth/tokens.py first seen with mtime 1746826653.1878755
DEBUG 2025-05-11 13:26:49,862 autoreload File /home/G1nxx/Projects/IGI/353502_BURCHUCK_5/IGI/LR5/Parking/p_env/lib/python3.13/site-packages/urllib3/_version.py first seen with mtime 1746920160.7638314
DEBUG 2025-05-11 13:26:49,862 autoreload File /home/G1nxx/Projects/IGI/353502_BURCHUCK_5/IGI/LR5/Parking/p_env/lib/python3.13/site-packages/django/core/cache/backends/__init__.py first seen with mtime 1746826653.304303
DEBUG 2025-05-11 13:26:49,862 autoreload File /home/G1nxx/Projects/IGI/353502_BURCHUCK_5/IGI/LR5/Parking/p_env/lib/python3.13/site-packages/django/contrib/admin/templatetags/log.py first seen with mtime 1746826653.1724217
DEBUG 2025-05-11 13:26:49,862 autoreload File /home/G1nxx/Projects/IGI/353502_BURCHUCK_5/IGI/LR5/Parking/p_env/lib/python3.13/site-packages/django/template/loaders/__init__.py first seen with mtime 1746826653.3277128
DEBUG 2025-05-11 13:26:49,862 autoreload File /home/G1nxx/Projects/IGI/353502_BURCHUCK_5/IGI/LR5/Parking/p_env/lib/python3.13/site-packages/django/template/loader_tags.py first seen with mtime 1746826653.3271933
DEBUG 2025-05-11 13:26:49,862 autoreload File /home/G1nxx/Projects/IGI/353502_BURCHUCK_5/IGI/LR5/Parking/p_env/lib/python3.13/site-packages/django/forms/models.py first seen with mtime 1746826653.3216057
DEBUG 2025-05-11 13:26:49,862 autoreload File /usr/lib/python3.13/asyncio/staggered.py first seen with mtime 1744184665.0
DEBUG 2025-05-11 13:26:49,862 autoreload File /home/G1nxx/Projects/IGI/353502_BURCHUCK_5/IGI/LR5/Parking/auto_car/models.py first seen with mtime 1746961878.948892
DEBUG 2025-05-11 13:26:49,862 autoreload File /usr/lib/python3.13/urllib/request.py first seen with mtime 1744184665.0
DEBUG 2025-05-11 13:26:49,862 autoreload File /home/G1nxx/Projects/IGI/353502_BURCHUCK_5/IGI/LR5/Parking/p_env/lib/python3.13/site-packages/django/contrib/staticfiles/utils.py first seen with mtime 1746826653.303398
DEBUG 2025-05-11 13:26:49,862 autoreload File /home/G1nxx/Projects/IGI/353502_BURCHUCK_5/IGI/LR5/Parking/p_env/lib/python3.13/site-packages/django/db/models/sql/constants.py first seen with mtime 1746826653.3197453
DEBUG 2025-05-11 13:26:49,863 autoreload File /home/G1nxx/Projects/IGI/353502_BURCHUCK_5/IGI/LR5/Parking/p_env/lib/python3.13/site-packages/django/core/management/commands/__init__.py first seen with mtime 1746826653.3077824
DEBUG 2025-05-11 13:26:49,863 autoreload File /usr/lib/python3.13/hashlib.py first seen with mtime 1744184665.0
DEBUG 2025-05-11 13:26:49,863 autoreload File /usr/lib/python3.13/threading.py first seen with mtime 1744184665.0
DEBUG 2025-05-11 13:26:49,863 autoreload File /home/G1nxx/Projects/IGI/353502_BURCHUCK_5/IGI/LR5/Parking/p_env/lib/python3.13/site-packages/django/contrib/admin/widgets.py first seen with mtime 1746826653.1262357
DEBUG 2025-05-11 13:26:49,863 autoreload File /home/G1nxx/Projects/IGI/353502_BURCHUCK_5/IGI/LR5/Parking/p_env/lib/python3.13/site-packages/django/db/backends/sqlite3/introspection.py first seen with mtime 1746826653.3140767
DEBUG 2025-05-11 13:26:49,863 autoreload File /home/G1nxx/Projects/IGI/353502_BURCHUCK_5/IGI/LR5/Parking/p_env/lib/python3.13/site-packages/django/utils/asyncio.py first seen with mtime 1746826653.3297358
DEBUG 2025-05-11 13:26:49,863 autoreload File /usr/lib/python3.13/wsgiref/__init__.py first seen with mtime 1744184665.0
DEBUG 2025-05-11 13:26:49,863 autoreload File /home/G1nxx/Projects/IGI/353502_BURCHUCK_5/IGI/LR5/Parking/p_env/lib/python3.13/site-packages/django/conf/global_settings.py first seen with mtime 1746826653.0896914
DEBUG 2025-05-11 13:26:49,863 autoreload File /home/G1nxx/Projects/IGI/353502_BURCHUCK_5/IGI/LR5/Parking/p_env/lib/python3.13/site-packages/urllib3/connection.py first seen with mtime 1746920160.7640052
DEBUG 2025-05-11 13:26:49,863 autoreload File /home/G1nxx/Projects/IGI/353502_BURCHUCK_5/IGI/LR5/Parking/p_env/lib/python3.13/site-packages/django/forms/utils.py first seen with mtime 1746826653.3217359
DEBUG 2025-05-11 13:26:49,863 autoreload File /home/G1nxx/Projects/IGI/353502_BURCHUCK_5/IGI/LR5/Parking/p_env/lib/python3.13/site-packages/django/core/files/temp.py first seen with mtime 1746826653.3056848
DEBUG 2025-05-11 13:26:49,863 autoreload File /usr/lib/python3.13/email/charset.py first seen with mtime 1744184665.0
DEBUG 2025-05-11 13:26:49,863 autoreload File /usr/lib/python3.13/html/entities.py first seen with mtime 1744184665.0
DEBUG 2025-05-11 13:26:49,863 autoreload File /home/G1nxx/Projects/IGI/353502_BURCHUCK_5/IGI/LR5/Parking/p_env/lib/python3.13/site-packages/django/core/serializers/__init__.py first seen with mtime 1746826653.3094242
DEBUG 2025-05-11 13:26:49,863 autoreload File /usr/lib/python3.13/email/base64mime.py first seen with mtime 1744184665.0
DEBUG 2025-05-11 13:26:49,863 autoreload File /usr/lib/python3.13/email/__init__.py first seen with mtime 1744184665.0
DEBUG 2025-05-11 13:26:49,863 autoreload File /home/G1nxx/Projects/IGI/353502_BURCHUCK_5/IGI/LR5/Parking/p_env/lib/python3.13/site-packages/django/contrib/sessions/base_session.py first seen with mtime 1746826653.2817888
DEBUG 2025-05-11 13:26:49,863 autoreload File /home/G1nxx/Projects/IGI/353502_BURCHUCK_5/IGI/LR5/Parking/p_env/lib/python3.13/site-packages/django/db/migrations/operations/__init__.py first seen with mtime 1746826653.315442
DEBUG 2025-05-11 13:26:49,863 autoreload File /home/G1nxx/Projects/IGI/353502_BURCHUCK_5/IGI/LR5/Parking/p_env/lib/python3.13/site-packages/asgiref/local.py first seen with mtime 1746826653.057042
DEBUG 2025-05-11 13:26:49,863 autoreload File /home/G1nxx/Projects/IGI/353502_BURCHUCK_5/IGI/LR5/Parking/manage.py first seen with mtime 1746826749.0879724
DEBUG 2025-05-11 13:26:49,863 autoreload File /usr/lib/python3.13/http/__init__.py first seen with mtime 1744184665.0
DEBUG 2025-05-11 13:26:49,863 autoreload File /home/G1nxx/Projects/IGI/353502_BURCHUCK_5/IGI/LR5/Parking/p_env/lib/python3.13/site-packages/django/contrib/admin/views/__init__.py first seen with mtime 1746826653.1724217
DEBUG 2025-05-11 13:26:49,863 autoreload File /home/G1nxx/Projects/IGI/353502_BURCHUCK_5/IGI/LR5/Parking/p_env/lib/python3.13/site-packages/django/template/base.py first seen with mtime 1746826653.3264084
DEBUG 2025-05-11 13:26:49,863 autoreload File /usr/lib/python3.13/asyncio/exceptions.py first seen with mtime 1744184665.0
DEBUG 2025-05-11 13:26:49,863 autoreload File /home/G1nxx/Projects/IGI/353502_BURCHUCK_5/IGI/LR5/Parking/p_env/lib/python3.13/site-packages/requests/__init__.py first seen with mtime 1746920160.8793557
DEBUG 2025-05-11 13:26:49,863 autoreload File /home/G1nxx/Projects/IGI/353502_BURCHUCK_5/IGI/LR5/Parking/p_env/lib/python3.13/site-packages/django/core/management/utils.py first seen with mtime 1746826653.3077824
DEBUG 2025-05-11 13:26:49,863 autoreload File /home/G1nxx/Projects/IGI/353502_BURCHUCK_5/IGI/LR5/Parking/p_env/lib/python3.13/site-packages/django/core/exceptions.py first seen with mtime 1746826653.3038661
DEBUG 2025-05-11 13:26:49,863 autoreload File /usr/lib/python3.13/multiprocessing/process.py first seen with mtime 1744184665.0
DEBUG 2025-05-11 13:26:49,863 autoreload File /home/G1nxx/Projects/IGI/353502_BURCHUCK_5/IGI/LR5/Parking/p_env/lib/python3.13/site-packages/sqlparse/engine/statement_splitter.py first seen with mtime 1746826653.0331893
DEBUG 2025-05-11 13:26:49,863 autoreload File /home/G1nxx/Projects/IGI/353502_BURCHUCK_5/IGI/LR5/Parking/p_env/lib/python3.13/site-packages/django/contrib/auth/hashers.py first seen with mtime 1746826653.1875288
DEBUG 2025-05-11 13:26:49,863 autoreload File /home/G1nxx/Projects/IGI/353502_BURCHUCK_5/IGI/LR5/Parking/p_env/lib/python3.13/site-packages/django/contrib/sessions/__init__.py first seen with mtime 1746826653.2816682
DEBUG 2025-05-11 13:26:49,863 autoreload File /home/G1nxx/Projects/IGI/353502_BURCHUCK_5/IGI/LR5/Parking/p_env/lib/python3.13/site-packages/django/core/files/__init__.py first seen with mtime 1746826653.305473
DEBUG 2025-05-11 13:26:49,863 autoreload File /usr/lib/python3.13/getpass.py first seen with mtime 1744184665.0
DEBUG 2025-05-11 13:26:49,863 autoreload File /home/G1nxx/Projects/IGI/353502_BURCHUCK_5/IGI/LR5/Parking/p_env/lib/python3.13/site-packages/django/core/checks/messages.py first seen with mtime 1746826653.304994
DEBUG 2025-05-11 13:26:49,863 autoreload File /home/G1nxx/Projects/IGI/353502_BURCHUCK_5/IGI/LR5/Parking/p_env/lib/python3.13/site-packages/django/contrib/messages/__init__.py first seen with mtime 1746826653.2604277
DEBUG 2025-05-11 13:26:49,863 autoreload File /usr/lib/python3.13/quopri.py first seen with mtime 1744184665.0
DEBUG 2025-05-11 13:26:49,863 autoreload File /home/G1nxx/Projects/IGI/353502_BURCHUCK_5/IGI/LR5/Parking/p_env/lib/python3.13/site-packages/django/db/models/functions/__init__.py first seen with mtime 1746826653.3190215
DEBUG 2025-05-11 13:26:49,863 autoreload File /usr/lib/python3.13/ast.py first seen with mtime 1744184665.0
DEBUG 2025-05-11 13:26:49,863 autoreload File /home/G1nxx/Projects/IGI/353502_BURCHUCK_5/IGI/LR5/Parking/p_env/lib/python3.13/site-packages/django/contrib/auth/apps.py first seen with mtime 1746826653.1869469
DEBUG 2025-05-11 13:26:49,863 autoreload File /usr/lib/python3.13/lib-dynload/_posixsubprocess.cpython-313-x86_64-linux-gnu.so first seen with mtime 1744184665.0
DEBUG 2025-05-11 13:26:49,863 autoreload File /home/G1nxx/Projects/IGI/353502_BURCHUCK_5/IGI/LR5/Parking/p_env/lib/python3.13/site-packages/django/template/smartif.py first seen with mtime 1746826653.3273437
DEBUG 2025-05-11 13:26:49,863 autoreload File /home/G1nxx/Projects/IGI/353502_BURCHUCK_5/IGI/LR5/Parking/p_env/lib/python3.13/site-packages/django/db/backends/sqlite3/creation.py first seen with mtime 1746826653.3139424
DEBUG 2025-05-11 13:26:49,863 autoreload File /home/G1nxx/Projects/IGI/353502_BURCHUCK_5/IGI/LR5/Parking/p_env/lib/python3.13/site-packages/django/core/__init__.py first seen with mtime 1746826653.3037477
DEBUG 2025-05-11 13:26:49,863 autoreload File /usr/lib/python3.13/asyncio/format_helpers.py first seen with mtime 1744184665.0
DEBUG 2025-05-11 13:26:49,863 autoreload File /usr/lib/python3.13/asyncio/threads.py first seen with mtime 1744184665.0
DEBUG 2025-05-11 13:26:49,863 autoreload File /usr/lib/python3.13/datetime.py first seen with mtime 1744184665.0
DEBUG 2025-05-11 13:26:49,863 autoreload File /home/G1nxx/Projects/IGI/353502_BURCHUCK_5/IGI/LR5/Parking/p_env/lib/python3.13/site-packages/django/contrib/auth/management/__init__.py first seen with mtime 1746826653.2052376
DEBUG 2025-05-11 13:26:49,863 autoreload File /usr/lib/python3.13/multiprocessing/reduction.py first seen with mtime 1744184665.0
DEBUG 2025-05-11 13:26:49,863 autoreload File /home/G1nxx/Projects/IGI/353502_BURCHUCK_5/IGI/LR5/Parking/p_env/lib/python3.13/site-packages/urllib3/util/url.py first seen with mtime 1746920160.766639
DEBUG 2025-05-11 13:26:49,863 autoreload File /home/G1nxx/Projects/IGI/353502_BURCHUCK_5/IGI/LR5/Parking/p_env/lib/python3.13/site-packages/requests/__version__.py first seen with mtime 1746920160.8794246
DEBUG 2025-05-11 13:26:49,863 autoreload File /home/G1nxx/Projects/IGI/353502_BURCHUCK_5/IGI/LR5/Parking/p_env/lib/python3.13/site-packages/django/utils/http.py first seen with mtime 1746826653.3310394
DEBUG 2025-05-11 13:26:49,863 autoreload File /usr/lib/python3.13/operator.py first seen with mtime 1744184665.0
DEBUG 2025-05-11 13:26:49,863 autoreload File /usr/lib/python3.13/json/encoder.py first seen with mtime 1744184665.0
DEBUG 2025-05-11 13:26:49,863 autoreload File /usr/lib/python3.13/queue.py first seen with mtime 1744184665.0
DEBUG 2025-05-11 13:26:49,863 autoreload File /home/G1nxx/Projects/IGI/353502_BURCHUCK_5/IGI/LR5/Parking/p_env/lib/python3.13/site-packages/django/db/models/fields/files.py first seen with mtime 1746826653.3180625
DEBUG 2025-05-11 13:26:49,863 autoreload File /home/G1nxx/Projects/IGI/353502_BURCHUCK_5/IGI/LR5/Parking/p_env/lib/python3.13/site-packages/django/core/files/base.py first seen with mtime 1746826653.3055184
DEBUG 2025-05-11 13:26:49,863 autoreload File /home/G1nxx/Projects/IGI/353502_BURCHUCK_5/IGI/LR5/Parking/p_env/lib/python3.13/site-packages/charset_normalizer/legacy.py first seen with mtime 1746920160.8561516
DEBUG 2025-05-11 13:26:49,863 autoreload File /usr/lib/python3.13/email/errors.py first seen with mtime 1744184665.0
DEBUG 2025-05-11 13:26:49,863 autoreload File /usr/lib/python3.13/email/utils.py first seen with mtime 1744184665.0
DEBUG 2025-05-11 13:26:49,863 autoreload File /home/G1nxx/Projects/IGI/353502_BURCHUCK_5/IGI/LR5/Parking/p_env/lib/python3.13/site-packages/django/contrib/admin/models.py first seen with mtime 1746826653.1252172
DEBUG 2025-05-11 13:26:49,863 autoreload File /home/G1nxx/Projects/IGI/353502_BURCHUCK_5/IGI/LR5/Parking/p_env/lib/python3.13/site-packages/django/http/response.py first seen with mtime 1746826653.3256698
DEBUG 2025-05-11 13:26:49,863 autoreload File /usr/lib/python3.13/html/parser.py first seen with mtime 1744184665.0
DEBUG 2025-05-11 13:26:49,863 autoreload File /home/G1nxx/Projects/IGI/353502_BURCHUCK_5/IGI/LR5/Parking/p_env/lib/python3.13/site-packages/django/contrib/auth/decorators.py first seen with mtime 1746826653.1873164
DEBUG 2025-05-11 13:26:49,864 autoreload File /usr/lib/python3.13/difflib.py first seen with mtime 1744184665.0
DEBUG 2025-05-11 13:26:49,864 autoreload File /home/G1nxx/Projects/IGI/353502_BURCHUCK_5/IGI/LR5/Parking/p_env/lib/python3.13/site-packages/django/contrib/messages/storage/base.py first seen with mtime 1746826653.2608044
DEBUG 2025-05-11 13:26:49,864 autoreload File /home/G1nxx/Projects/IGI/353502_BURCHUCK_5/IGI/LR5/Parking/p_env/lib/python3.13/site-packages/django/db/models/options.py first seen with mtime 1746826653.3170826
DEBUG 2025-05-11 13:26:49,864 autoreload File /home/G1nxx/Projects/IGI/353502_BURCHUCK_5/IGI/LR5/Parking/p_env/lib/python3.13/site-packages/requests/structures.py first seen with mtime 1746920160.8805776
DEBUG 2025-05-11 13:26:49,864 autoreload File /home/G1nxx/Projects/IGI/353502_BURCHUCK_5/IGI/LR5/Parking/p_env/lib/python3.13/site-packages/django/template/engine.py first seen with mtime 1746826653.3268855
DEBUG 2025-05-11 13:26:49,864 autoreload File /usr/lib/python3.13/secrets.py first seen with mtime 1744184665.0
DEBUG 2025-05-11 13:26:49,864 autoreload File /usr/lib/python3.13/asyncio/sslproto.py first seen with mtime 1744184665.0
DEBUG 2025-05-11 13:26:49,864 autoreload File /home/G1nxx/Projects/IGI/353502_BURCHUCK_5/IGI/LR5/Parking/p_env/lib/python3.13/site-packages/django/db/migrations/executor.py first seen with mtime 1746826653.3146408
DEBUG 2025-05-11 13:26:49,864 autoreload File /usr/lib/python3.13/lzma.py first seen with mtime 1744184665.0
DEBUG 2025-05-11 13:26:49,864 autoreload File /home/G1nxx/Projects/IGI/353502_BURCHUCK_5/IGI/LR5/Parking/p_env/lib/python3.13/site-packages/requests/adapters.py first seen with mtime 1746920160.8795934
DEBUG 2025-05-11 13:26:49,864 autoreload File /usr/lib/python3.13/shutil.py first seen with mtime 1744184665.0
DEBUG 2025-05-11 13:26:49,864 autoreload File /usr/lib/python3.13/zipfile/_path/glob.py first seen with mtime 1744184665.0
DEBUG 2025-05-11 13:26:49,864 autoreload File /home/G1nxx/Projects/IGI/353502_BURCHUCK_5/IGI/LR5/Parking/p_env/lib/python3.13/site-packages/charset_normalizer/version.py first seen with mtime 1746920160.8576398
DEBUG 2025-05-11 13:26:49,864 autoreload File /home/G1nxx/Projects/IGI/353502_BURCHUCK_5/IGI/LR5/Parking/p_env/lib/python3.13/site-packages/django/contrib/auth/checks.py first seen with mtime 1746826653.1871114
DEBUG 2025-05-11 13:26:49,864 autoreload File /home/G1nxx/Projects/IGI/353502_BURCHUCK_5/IGI/LR5/Parking/p_env/lib/python3.13/site-packages/urllib3/util/ssl_match_hostname.py first seen with mtime 1746920160.7664096
DEBUG 2025-05-11 13:26:49,864 autoreload File /home/G1nxx/Projects/IGI/353502_BURCHUCK_5/IGI/LR5/Parking/p_env/lib/python3.13/site-packages/django/contrib/admin/apps.py first seen with mtime 1746826653.1247413
DEBUG 2025-05-11 13:26:49,864 autoreload File /home/G1nxx/Projects/IGI/353502_BURCHUCK_5/IGI/LR5/Parking/p_env/lib/python3.13/site-packages/django/contrib/staticfiles/finders.py first seen with mtime 1746826653.3031402
DEBUG 2025-05-11 13:26:49,864 autoreload File /home/G1nxx/Projects/IGI/353502_BURCHUCK_5/IGI/LR5/Parking/p_env/lib/python3.13/site-packages/django/core/mail/__init__.py first seen with mtime 1746826653.3067992
DEBUG 2025-05-11 13:26:49,864 autoreload File /usr/lib/python3.13/gzip.py first seen with mtime 1744184665.0
DEBUG 2025-05-11 13:26:49,864 autoreload File /usr/lib/python3.13/email/headerregistry.py first seen with mtime 1744184665.0
DEBUG 2025-05-11 13:26:49,864 autoreload File /home/G1nxx/Projects/IGI/353502_BURCHUCK_5/IGI/LR5/Parking/p_env/lib/python3.13/site-packages/django/core/paginator.py first seen with mtime 1746826653.3039353
DEBUG 2025-05-11 13:26:49,864 autoreload File /home/G1nxx/Projects/IGI/353502_BURCHUCK_5/IGI/LR5/Parking/p_env/lib/python3.13/site-packages/django/template/loaders/app_directories.py first seen with mtime 1746826653.3277857
DEBUG 2025-05-11 13:26:49,864 autoreload File /usr/lib/python3.13/asyncio/locks.py first seen with mtime 1744184665.0
DEBUG 2025-05-11 13:26:49,864 autoreload File /home/G1nxx/Projects/IGI/353502_BURCHUCK_5/IGI/LR5/Parking/p_env/lib/python3.13/site-packages/django/utils/translation/trans_real.py first seen with mtime 1746826653.332262
DEBUG 2025-05-11 13:26:49,864 autoreload File /usr/lib/python3.13/wsgiref/simple_server.py first seen with mtime 1744184665.0
DEBUG 2025-05-11 13:26:49,864 autoreload File /usr/lib/python3.13/re/__init__.py first seen with mtime 1744184665.0
DEBUG 2025-05-11 13:26:49,864 autoreload File /usr/lib/python3.13/asyncio/constants.py first seen with mtime 1744184665.0
DEBUG 2025-05-11 13:26:49,864 autoreload File /home/G1nxx/Projects/IGI/353502_BURCHUCK_5/IGI/LR5/Parking/p_env/lib/python3.13/site-packages/asgiref/__init__.py first seen with mtime 1746826653.0568168
DEBUG 2025-05-11 13:26:49,864 autoreload File /usr/lib/python3.13/asyncio/base_subprocess.py first seen with mtime 1744184665.0
DEBUG 2025-05-11 13:26:49,864 autoreload File /usr/lib/python3.13/tempfile.py first seen with mtime 1744184665.0
DEBUG 2025-05-11 13:26:49,864 autoreload File /usr/lib/python3.13/email/mime/message.py first seen with mtime 1744184665.0
DEBUG 2025-05-11 13:26:49,864 autoreload File /home/G1nxx/Projects/IGI/353502_BURCHUCK_5/IGI/LR5/Parking/p_env/lib/python3.13/site-packages/sqlparse/formatter.py first seen with mtime 1746826653.0324192
DEBUG 2025-05-11 13:26:49,864 autoreload File /usr/lib/python3.13/lib-dynload/_uuid.cpython-313-x86_64-linux-gnu.so first seen with mtime 1744184665.0
DEBUG 2025-05-11 13:26:49,864 autoreload File /usr/lib/python3.13/tokenize.py first seen with mtime 1744184665.0
DEBUG 2025-05-11 13:26:49,864 autoreload File /usr/lib/python3.13/lib-dynload/_json.cpython-313-x86_64-linux-gnu.so first seen with mtime 1744184665.0
DEBUG 2025-05-11 13:26:49,864 autoreload File /home/G1nxx/Projects/IGI/353502_BURCHUCK_5/IGI/LR5/Parking/p_env/lib/python3.13/site-packages/django/template/defaultfilters.py first seen with mtime 1746826653.3266325
DEBUG 2025-05-11 13:26:49,864 autoreload File /home/G1nxx/Projects/IGI/353502_BURCHUCK_5/IGI/LR5/Parking/p_env/lib/python3.13/site-packages/django/urls/base.py first seen with mtime 1746826653.3293037
DEBUG 2025-05-11 13:26:49,864 autoreload File /home/G1nxx/Projects/IGI/353502_BURCHUCK_5/IGI/LR5/Parking/p_env/lib/python3.13/site-packages/sqlparse/filters/right_margin.py first seen with mtime 1746826653.0335746
DEBUG 2025-05-11 13:26:49,864 autoreload File /usr/lib/python3.13/asyncio/base_events.py first seen with mtime 1744184665.0
DEBUG 2025-05-11 13:26:49,864 autoreload File /home/G1nxx/Projects/IGI/353502_BURCHUCK_5/IGI/LR5/Parking/p_env/lib/python3.13/site-packages/django/core/files/storage/base.py first seen with mtime 1746826653.3059242
DEBUG 2025-05-11 13:26:49,864 autoreload File /home/G1nxx/Projects/IGI/353502_BURCHUCK_5/IGI/LR5/Parking/p_env/lib/python3.13/site-packages/django/contrib/auth/password_validation.py first seen with mtime 1746826653.1877885
DEBUG 2025-05-11 13:26:49,864 autoreload File /home/G1nxx/Projects/IGI/353502_BURCHUCK_5/IGI/LR5/Parking/p_env/lib/python3.13/site-packages/django/core/checks/security/sessions.py first seen with mtime 1746826653.305433
DEBUG 2025-05-11 13:26:49,864 autoreload File /home/G1nxx/Projects/IGI/353502_BURCHUCK_5/IGI/LR5/Parking/p_env/lib/python3.13/site-packages/django/forms/widgets.py first seen with mtime 1746826653.3218899
DEBUG 2025-05-11 13:26:49,864 autoreload File /home/G1nxx/Projects/IGI/353502_BURCHUCK_5/IGI/LR5/Parking/p_env/lib/python3.13/site-packages/django/contrib/sessions/models.py first seen with mtime 1746826653.2819245
DEBUG 2025-05-11 13:26:49,864 autoreload File /home/G1nxx/Projects/IGI/353502_BURCHUCK_5/IGI/LR5/Parking/p_env/lib/python3.13/site-packages/django/dispatch/dispatcher.py first seen with mtime 1746826653.3208299
DEBUG 2025-05-11 13:26:49,864 autoreload File /home/G1nxx/Projects/IGI/353502_BURCHUCK_5/IGI/LR5/Parking/p_env/lib/python3.13/site-packages/sqlparse/filters/tokens.py first seen with mtime 1746826653.0336142
DEBUG 2025-05-11 13:26:49,864 autoreload File /home/G1nxx/Projects/IGI/353502_BURCHUCK_5/IGI/LR5/Parking/p_env/lib/python3.13/site-packages/django/core/checks/urls.py first seen with mtime 1746826653.3052127
DEBUG 2025-05-11 13:26:49,864 autoreload File /home/G1nxx/Projects/IGI/353502_BURCHUCK_5/IGI/LR5/Parking/p_env/lib/python3.13/site-packages/django/urls/resolvers.py first seen with mtime 1746826653.3295238
DEBUG 2025-05-11 13:26:49,864 autoreload File /home/G1nxx/Projects/IGI/353502_BURCHUCK_5/IGI/LR5/Parking/p_env/lib/python3.13/site-packages/django/utils/formats.py first seen with mtime 1746826653.3307388
DEBUG 2025-05-11 13:26:49,864 autoreload File /home/G1nxx/Projects/IGI/353502_BURCHUCK_5/IGI/LR5/Parking/p_env/lib/python3.13/site-packages/django/core/files/storage/handler.py first seen with mtime 1746826653.3060274
DEBUG 2025-05-11 13:26:49,864 autoreload File /home/G1nxx/Projects/IGI/353502_BURCHUCK_5/IGI/LR5/Parking/p_env/lib/python3.13/site-packages/urllib3/util/util.py first seen with mtime 1746920160.766683
DEBUG 2025-05-11 13:26:49,864 autoreload File /home/G1nxx/Projects/IGI/353502_BURCHUCK_5/IGI/LR5/Parking/p_env/lib/python3.13/site-packages/django/utils/timesince.py first seen with mtime 1746826653.331682
DEBUG 2025-05-11 13:26:49,864 autoreload File /home/G1nxx/Projects/IGI/353502_BURCHUCK_5/IGI/LR5/Parking/p_env/lib/python3.13/site-packages/django/http/cookie.py first seen with mtime 1746826653.3252857
DEBUG 2025-05-11 13:26:49,864 autoreload File /home/G1nxx/Projects/IGI/353502_BURCHUCK_5/IGI/LR5/Parking/p_env/lib/python3.13/site-packages/django/db/backends/sqlite3/client.py first seen with mtime 1746826653.3138912
DEBUG 2025-05-11 13:26:49,864 autoreload File /home/G1nxx/Projects/IGI/353502_BURCHUCK_5/IGI/LR5/Parking/p_env/lib/python3.13/site-packages/django/core/serializers/base.py first seen with mtime 1746826653.3094938
DEBUG 2025-05-11 13:26:49,864 autoreload File /home/G1nxx/Projects/IGI/353502_BURCHUCK_5/IGI/LR5/Parking/p_env/lib/python3.13/site-packages/django/core/serializers/python.py first seen with mtime 1746826653.3096516
DEBUG 2025-05-11 13:26:49,864 autoreload File /home/G1nxx/Projects/IGI/353502_BURCHUCK_5/IGI/LR5/Parking/p_env/lib/python3.13/site-packages/django/utils/html.py first seen with mtime 1746826653.3309534
DEBUG 2025-05-11 13:26:49,864 autoreload File /usr/lib/python3.13/ssl.py first seen with mtime 1744184665.0
DEBUG 2025-05-11 13:26:49,864 autoreload File /home/G1nxx/Projects/IGI/353502_BURCHUCK_5/IGI/LR5/Parking/p_env/lib/python3.13/site-packages/django/core/mail/message.py first seen with mtime 1746826653.3069346
DEBUG 2025-05-11 13:26:49,864 autoreload File /home/G1nxx/Projects/IGI/353502_BURCHUCK_5/IGI/LR5/Parking/p_env/lib/python3.13/site-packages/django/utils/autoreload.py first seen with mtime 1746826653.329836
DEBUG 2025-05-11 13:26:49,864 autoreload File /usr/lib/python3.13/bz2.py first seen with mtime 1744184665.0
DEBUG 2025-05-11 13:26:49,865 autoreload File /home/G1nxx/Projects/IGI/353502_BURCHUCK_5/IGI/LR5/Parking/p_env/lib/python3.13/site-packages/django/contrib/staticfiles/__init__.py first seen with mtime 1746826653.30295
DEBUG 2025-05-11 13:26:49,865 autoreload File /home/G1nxx/Projects/IGI/353502_BURCHUCK_5/IGI/LR5/Parking/p_env/lib/python3.13/site-packages/django/urls/utils.py first seen with mtime 1746826653.3295681
DEBUG 2025-05-11 13:26:49,865 autoreload File /home/G1nxx/Projects/IGI/353502_BURCHUCK_5/IGI/LR5/Parking/p_env/lib/python3.13/site-packages/django/views/decorators/__init__.py first seen with mtime 1746826653.3326397
DEBUG 2025-05-11 13:26:49,865 autoreload File /usr/lib/python3.13/statistics.py first seen with mtime 1744184665.0
DEBUG 2025-05-11 13:26:49,865 autoreload File /usr/lib/python3.13/re/_constants.py first seen with mtime 1744184665.0
DEBUG 2025-05-11 13:26:49,865 autoreload File /home/G1nxx/Projects/IGI/353502_BURCHUCK_5/IGI/LR5/Parking/p_env/lib/python3.13/site-packages/sqlparse/utils.py first seen with mtime 1746826653.0328271
DEBUG 2025-05-11 13:26:49,865 autoreload File /home/G1nxx/Projects/IGI/353502_BURCHUCK_5/IGI/LR5/Parking/p_env/lib/python3.13/site-packages/django/core/handlers/exception.py first seen with mtime 1746826653.3066769
DEBUG 2025-05-11 13:26:49,865 autoreload File /home/G1nxx/Projects/IGI/353502_BURCHUCK_5/IGI/LR5/Parking/p_env/lib/python3.13/site-packages/django/http/multipartparser.py first seen with mtime 1746826653.3254087
DEBUG 2025-05-11 13:26:49,865 autoreload File /home/G1nxx/Projects/IGI/353502_BURCHUCK_5/IGI/LR5/Parking/p_env/lib/python3.13/site-packages/django/contrib/admin/actions.py first seen with mtime 1746826653.1247075
DEBUG 2025-05-11 13:26:49,865 autoreload File /home/G1nxx/Projects/IGI/353502_BURCHUCK_5/IGI/LR5/Parking/p_env/lib/python3.13/site-packages/urllib3/util/__init__.py first seen with mtime 1746920160.7658975
DEBUG 2025-05-11 13:26:49,865 autoreload File /home/G1nxx/Projects/IGI/353502_BURCHUCK_5/IGI/LR5/Parking/p_env/lib/python3.13/site-packages/django/core/files/storage/memory.py first seen with mtime 1746826653.3060863
DEBUG 2025-05-11 13:26:49,865 autoreload File /home/G1nxx/Projects/IGI/353502_BURCHUCK_5/IGI/LR5/Parking/p_env/lib/python3.13/site-packages/django/contrib/admin/templatetags/admin_urls.py first seen with mtime 1746826653.1723402
DEBUG 2025-05-11 13:26:49,865 autoreload File /home/G1nxx/Projects/IGI/353502_BURCHUCK_5/IGI/LR5/Parking/auto_car/__init__.py first seen with mtime 1746827189.2084978
DEBUG 2025-05-11 13:26:49,865 autoreload File /usr/lib/python3.13/asyncio/runners.py first seen with mtime 1744184665.0
DEBUG 2025-05-11 13:26:49,865 autoreload File /home/G1nxx/Projects/IGI/353502_BURCHUCK_5/IGI/LR5/Parking/p_env/lib/python3.13/site-packages/requests/packages.py first seen with mtime 1746920160.880305
DEBUG 2025-05-11 13:26:49,865 autoreload File /home/G1nxx/Projects/IGI/353502_BURCHUCK_5/IGI/LR5/Parking/p_env/lib/python3.13/site-packages/django/utils/tree.py first seen with mtime 1746826653.3317878
DEBUG 2025-05-11 13:26:49,865 autoreload File /usr/lib/python3.13/mimetypes.py first seen with mtime 1744184665.0
DEBUG 2025-05-11 13:26:49,865 autoreload File /usr/lib/python3.13/dataclasses.py first seen with mtime 1744184665.0
DEBUG 2025-05-11 13:26:49,865 autoreload File /home/G1nxx/Projects/IGI/353502_BURCHUCK_5/IGI/LR5/Parking/auto_car/admin.py first seen with mtime 1746962137.953224
DEBUG 2025-05-11 13:26:49,865 autoreload File /home/G1nxx/Projects/IGI/353502_BURCHUCK_5/IGI/LR5/Parking/p_env/lib/python3.13/site-packages/django/urls/conf.py first seen with mtime 1746826653.329349
DEBUG 2025-05-11 13:26:49,865 autoreload File /usr/lib/python3.13/functools.py first seen with mtime 1744184665.0
DEBUG 2025-05-11 13:26:49,865 autoreload File /home/G1nxx/Projects/IGI/353502_BURCHUCK_5/IGI/LR5/Parking/p_env/lib/python3.13/site-packages/django/db/backends/sqlite3/operations.py first seen with mtime 1746826653.3141556
DEBUG 2025-05-11 13:26:49,865 autoreload File /usr/lib/python3.13/http/cookiejar.py first seen with mtime 1744184665.0
DEBUG 2025-05-11 13:26:49,865 autoreload File /home/G1nxx/Projects/IGI/353502_BURCHUCK_5/IGI/LR5/Parking/p_env/lib/python3.13/site-packages/urllib3/contrib/__init__.py first seen with mtime 1746920160.7649875
DEBUG 2025-05-11 13:26:49,865 autoreload File /usr/lib/python3.13/asyncio/streams.py first seen with mtime 1744184665.0
DEBUG 2025-05-11 13:26:49,865 autoreload File /usr/lib/python3.13/importlib/__init__.py first seen with mtime 1744184665.0
DEBUG 2025-05-11 13:26:49,865 autoreload File /home/G1nxx/Projects/IGI/353502_BURCHUCK_5/IGI/LR5/Parking/p_env/lib/python3.13/site-packages/django/db/models/utils.py first seen with mtime 1746826653.3175788
DEBUG 2025-05-11 13:26:49,865 autoreload File /home/G1nxx/Projects/IGI/353502_BURCHUCK_5/IGI/LR5/Parking/p_env/lib/python3.13/site-packages/charset_normalizer/__init__.py first seen with mtime 1746920160.8556092
DEBUG 2025-05-11 13:26:49,865 autoreload File /usr/lib/python3.13/asyncio/trsock.py first seen with mtime 1744184665.0
DEBUG 2025-05-11 13:26:49,865 autoreload File /usr/lib/python3.13/lib-dynload/_lzma.cpython-313-x86_64-linux-gnu.so first seen with mtime 1744184665.0
DEBUG 2025-05-11 13:26:49,865 autoreload File /home/G1nxx/Projects/IGI/353502_BURCHUCK_5/IGI/LR5/Parking/p_env/lib/python3.13/site-packages/django/core/checks/registry.py first seen with mtime 1746826653.3051026
DEBUG 2025-05-11 13:26:49,865 autoreload File /usr/lib/python3.13/contextvars.py first seen with mtime 1744184665.0
DEBUG 2025-05-11 13:26:49,865 autoreload File /home/G1nxx/Projects/IGI/353502_BURCHUCK_5/IGI/LR5/Parking/p_env/lib/python3.13/site-packages/django/db/backends/sqlite3/base.py first seen with mtime 1746826653.313846
DEBUG 2025-05-11 13:26:49,865 autoreload File /usr/lib/python3.13/locale.py first seen with mtime 1744184665.0
DEBUG 2025-05-11 13:26:49,865 autoreload File /usr/lib/python3.13/importlib/metadata/_functools.py first seen with mtime 1744184665.0
DEBUG 2025-05-11 13:26:49,865 autoreload File /home/G1nxx/Projects/IGI/353502_BURCHUCK_5/IGI/LR5/Parking/p_env/lib/python3.13/site-packages/django/utils/__init__.py first seen with mtime 1746826653.3295681
DEBUG 2025-05-11 13:26:49,865 autoreload File /home/G1nxx/Projects/IGI/353502_BURCHUCK_5/IGI/LR5/Parking/p_env/lib/python3.13/site-packages/django/utils/decorators.py first seen with mtime 1746826653.3304129
DEBUG 2025-05-11 13:26:49,865 autoreload File /usr/lib/python3.13/linecache.py first seen with mtime 1744184665.0
DEBUG 2025-05-11 13:26:49,865 autoreload File /home/G1nxx/Projects/IGI/353502_BURCHUCK_5/IGI/LR5/Parking/p_env/lib/python3.13/site-packages/django/db/models/fields/json.py first seen with mtime 1746826653.3182523
DEBUG 2025-05-11 13:26:49,865 autoreload File /home/G1nxx/Projects/IGI/353502_BURCHUCK_5/IGI/LR5/Parking/p_env/lib/python3.13/site-packages/django/core/checks/commands.py first seen with mtime 1746826653.3048685
DEBUG 2025-05-11 13:26:49,865 autoreload File /usr/lib/python3.13/asyncio/log.py first seen with mtime 1744184665.0
DEBUG 2025-05-11 13:26:49,865 autoreload File /home/G1nxx/Projects/IGI/353502_BURCHUCK_5/IGI/LR5/Parking/p_env/lib/python3.13/site-packages/django/template/response.py first seen with mtime 1746826653.3272793
DEBUG 2025-05-11 13:26:49,865 autoreload File /usr/lib/python3.13/html/__init__.py first seen with mtime 1744184665.0
DEBUG 2025-05-11 13:26:49,865 autoreload File /home/G1nxx/Projects/IGI/353502_BURCHUCK_5/IGI/LR5/Parking/p_env/lib/python3.13/site-packages/django/templatetags/static.py first seen with mtime 1746826653.3282087
DEBUG 2025-05-11 13:26:49,865 autoreload File /home/G1nxx/Projects/IGI/353502_BURCHUCK_5/IGI/LR5/Parking/p_env/lib/python3.13/site-packages/urllib3/util/proxy.py first seen with mtime 1746920160.766007
DEBUG 2025-05-11 13:26:49,865 autoreload File /usr/lib/python3.13/token.py first seen with mtime 1744184665.0
DEBUG 2025-05-11 13:26:49,865 autoreload File /usr/lib/python3.13/inspect.py first seen with mtime 1744184665.0
DEBUG 2025-05-11 13:26:49,865 autoreload File /home/G1nxx/Projects/IGI/353502_BURCHUCK_5/IGI/LR5/Parking/auto_car/apps.py first seen with mtime 1746830469.6049938
DEBUG 2025-05-11 13:26:49,865 autoreload File /home/G1nxx/Projects/IGI/353502_BURCHUCK_5/IGI/LR5/Parking/p_env/lib/python3.13/site-packages/django/db/migrations/__init__.py first seen with mtime 1746826653.3142955
DEBUG 2025-05-11 13:26:49,865 autoreload File /home/G1nxx/Projects/IGI/353502_BURCHUCK_5/IGI/LR5/Parking/p_env/lib/python3.13/site-packages/django/contrib/contenttypes/checks.py first seen with mtime 1746826653.2061598
DEBUG 2025-05-11 13:26:49,865 autoreload File /home/G1nxx/Projects/IGI/353502_BURCHUCK_5/IGI/LR5/Parking/p_env/lib/python3.13/site-packages/django/views/generic/list.py first seen with mtime 1746826653.3333702
DEBUG 2025-05-11 13:26:49,865 autoreload File /home/G1nxx/Projects/IGI/353502_BURCHUCK_5/IGI/LR5/Parking/p_env/lib/python3.13/site-packages/django/core/files/uploadhandler.py first seen with mtime 1746826653.3057806
DEBUG 2025-05-11 13:26:49,865 autoreload File /usr/lib/python3.13/zipfile/__init__.py first seen with mtime 1744184665.0
DEBUG 2025-05-11 13:26:49,865 autoreload File /usr/lib/python3.13/concurrent/__init__.py first seen with mtime 1744184665.0
DEBUG 2025-05-11 13:26:49,865 autoreload File /home/G1nxx/Projects/IGI/353502_BURCHUCK_5/IGI/LR5/Parking/p_env/lib/python3.13/site-packages/sqlparse/filters/__init__.py first seen with mtime 1746826653.0332453
DEBUG 2025-05-11 13:26:49,865 autoreload File /usr/lib/python3.13/importlib/abc.py first seen with mtime 1744184665.0
DEBUG 2025-05-11 13:26:49,865 autoreload File /home/G1nxx/Projects/IGI/353502_BURCHUCK_5/IGI/LR5/Parking/p_env/lib/python3.13/site-packages/django/views/generic/base.py first seen with mtime 1746826653.3330998
DEBUG 2025-05-11 13:26:49,865 autoreload File /usr/lib/python3.13/_weakrefset.py first seen with mtime 1744184665.0
DEBUG 2025-05-11 13:26:49,865 autoreload File /usr/lib/python3.13/keyword.py first seen with mtime 1744184665.0
DEBUG 2025-05-11 13:26:49,865 autoreload File /home/G1nxx/Projects/IGI/353502_BURCHUCK_5/IGI/LR5/Parking/p_env/lib/python3.13/site-packages/django/core/files/images.py first seen with mtime 1746826653.3055599
DEBUG 2025-05-11 13:26:49,865 autoreload File /home/G1nxx/Projects/IGI/353502_BURCHUCK_5/IGI/LR5/Parking/p_env/lib/python3.13/site-packages/django/db/models/sql/where.py first seen with mtime 1746826653.3206756
DEBUG 2025-05-11 13:26:49,865 autoreload File /home/G1nxx/Projects/IGI/353502_BURCHUCK_5/IGI/LR5/Parking/p_env/lib/python3.13/site-packages/django/views/generic/__init__.py first seen with mtime 1746826653.3330426
DEBUG 2025-05-11 13:26:49,865 autoreload File /usr/lib/python3.13/_colorize.py first seen with mtime 1744184665.0
DEBUG 2025-05-11 13:26:49,866 autoreload File /usr/lib/python3.13/asyncio/taskgroups.py first seen with mtime 1744184665.0
DEBUG 2025-05-11 13:26:49,866 autoreload File /home/G1nxx/Projects/IGI/353502_BURCHUCK_5/IGI/LR5/Parking/p_env/lib/python3.13/site-packages/django/db/models/fields/tuple_lookups.py first seen with mtime 1746826653.3189614
DEBUG 2025-05-11 13:26:49,866 autoreload File /home/G1nxx/Projects/IGI/353502_BURCHUCK_5/IGI/LR5/Parking/p_env/lib/python3.13/site-packages/django/core/checks/compatibility/django_4_0.py first seen with mtime 1746826653.3052757
DEBUG 2025-05-11 13:26:49,866 autoreload File /home/G1nxx/Projects/IGI/353502_BURCHUCK_5/IGI/LR5/Parking/p_env/lib/python3.13/site-packages/django/contrib/admin/checks.py first seen with mtime 1746826653.1248693
DEBUG 2025-05-11 13:26:49,866 autoreload File /usr/lib/python3.13/email/contentmanager.py first seen with mtime 1744184665.0
DEBUG 2025-05-11 13:26:49,866 autoreload File /usr/lib/python3.13/email/generator.py first seen with mtime 1744184665.0
DEBUG 2025-05-11 13:26:49,866 autoreload File /home/G1nxx/Projects/IGI/353502_BURCHUCK_5/IGI/LR5/Parking/p_env/lib/python3.13/site-packages/django/template/exceptions.py first seen with mtime 1746826653.3269377
DEBUG 2025-05-11 13:26:49,866 autoreload File /usr/lib/python3.13/json/scanner.py first seen with mtime 1744184665.0
DEBUG 2025-05-11 13:26:49,866 autoreload File /home/G1nxx/Projects/IGI/353502_BURCHUCK_5/IGI/LR5/Parking/p_env/lib/python3.13/site-packages/django/contrib/admin/options.py first seen with mtime 1746826653.1254895
DEBUG 2025-05-11 13:26:49,866 autoreload File /home/G1nxx/Projects/IGI/353502_BURCHUCK_5/IGI/LR5/Parking/p_env/lib/python3.13/site-packages/django/db/models/constants.py first seen with mtime 1746826653.316218
DEBUG 2025-05-11 13:26:49,866 autoreload File /home/G1nxx/Projects/IGI/353502_BURCHUCK_5/IGI/LR5/Parking/p_env/lib/python3.13/site-packages/urllib3/exceptions.py first seen with mtime 1746920160.7645001
DEBUG 2025-05-11 13:26:49,866 autoreload File /usr/lib/python3.13/asyncio/events.py first seen with mtime 1744184665.0
DEBUG 2025-05-11 13:26:49,866 autoreload File /home/G1nxx/Projects/IGI/353502_BURCHUCK_5/IGI/LR5/Parking/p_env/lib/python3.13/site-packages/django/core/checks/__init__.py first seen with mtime 1746826653.3047554
DEBUG 2025-05-11 13:26:49,866 autoreload File /home/G1nxx/Projects/IGI/353502_BURCHUCK_5/IGI/LR5/Parking/p_env/lib/python3.13/site-packages/django/db/models/functions/json.py first seen with mtime 1746826653.3191886
DEBUG 2025-05-11 13:26:49,866 autoreload File /usr/lib/python3.13/asyncio/protocols.py first seen with mtime 1744184665.0
DEBUG 2025-05-11 13:26:49,866 autoreload File /usr/lib/python3.13/lib-dynload/_blake2.cpython-313-x86_64-linux-gnu.so first seen with mtime 1744184665.0
DEBUG 2025-05-11 13:26:49,866 autoreload File /home/G1nxx/Projects/IGI/353502_BURCHUCK_5/IGI/LR5/Parking/p_env/lib/python3.13/site-packages/django/db/migrations/recorder.py first seen with mtime 1746826653.3150463
DEBUG 2025-05-11 13:26:49,866 autoreload File /home/G1nxx/Projects/IGI/353502_BURCHUCK_5/IGI/LR5/Parking/p_env/lib/python3.13/site-packages/django/utils/deprecation.py first seen with mtime 1746826653.3304746
DEBUG 2025-05-11 13:26:49,866 autoreload File /usr/lib/python3.13/lib-dynload/select.cpython-313-x86_64-linux-gnu.so first seen with mtime 1744184665.0
DEBUG 2025-05-11 13:26:49,866 autoreload File /home/G1nxx/Projects/IGI/353502_BURCHUCK_5/IGI/LR5/Parking/p_env/lib/python3.13/site-packages/urllib3/util/timeout.py first seen with mtime 1746920160.7665477
DEBUG 2025-05-11 13:26:49,866 autoreload File /usr/lib/python3.13/zipfile/_path/__init__.py first seen with mtime 1744184665.0
DEBUG 2025-05-11 13:26:49,866 autoreload File /home/G1nxx/Projects/IGI/353502_BURCHUCK_5/IGI/LR5/Parking/p_env/lib/python3.13/site-packages/django/core/files/storage/__init__.py first seen with mtime 1746826653.3058674
DEBUG 2025-05-11 13:26:49,866 autoreload File /home/G1nxx/Projects/IGI/353502_BURCHUCK_5/IGI/LR5/Parking/p_env/lib/python3.13/site-packages/django/db/backends/ddl_references.py first seen with mtime 1746826653.310169
DEBUG 2025-05-11 13:26:49,866 autoreload File /home/G1nxx/Projects/IGI/353502_BURCHUCK_5/IGI/LR5/Parking/p_env/lib/python3.13/site-packages/requests/certs.py first seen with mtime 1746920160.8797848
DEBUG 2025-05-11 13:26:49,866 autoreload File /usr/lib/python3.13/email/quoprimime.py first seen with mtime 1744184665.0
DEBUG 2025-05-11 13:26:49,866 autoreload File /home/G1nxx/Projects/IGI/353502_BURCHUCK_5/IGI/LR5/Parking/p_env/lib/python3.13/site-packages/django/core/validators.py first seen with mtime 1746826653.3041286
DEBUG 2025-05-11 13:26:49,866 autoreload File /usr/lib/python3.13/encodings/aliases.py first seen with mtime 1744184665.0
DEBUG 2025-05-11 13:26:49,866 autoreload File /home/G1nxx/Projects/IGI/353502_BURCHUCK_5/IGI/LR5/Parking/p_env/lib/python3.13/site-packages/django/utils/termcolors.py first seen with mtime 1746826653.3315442
DEBUG 2025-05-11 13:26:49,866 autoreload File /home/G1nxx/Projects/IGI/353502_BURCHUCK_5/IGI/LR5/Parking/p_env/lib/python3.13/site-packages/django/views/__init__.py first seen with mtime 1746826653.332318
DEBUG 2025-05-11 13:26:49,866 autoreload File /home/G1nxx/Projects/IGI/353502_BURCHUCK_5/IGI/LR5/Parking/p_env/lib/python3.13/site-packages/requests/cookies.py first seen with mtime 1746920160.8799248
DEBUG 2025-05-11 13:26:49,866 autoreload File /home/G1nxx/Projects/IGI/353502_BURCHUCK_5/IGI/LR5/Parking/p_env/lib/python3.13/site-packages/django/db/models/fields/related_descriptors.py first seen with mtime 1746826653.3187487
DEBUG 2025-05-11 13:26:49,866 autoreload File /usr/lib/python3.13/wsgiref/util.py first seen with mtime 1744184665.0
DEBUG 2025-05-11 13:26:49,866 autoreload File /home/G1nxx/Projects/IGI/353502_BURCHUCK_5/IGI/LR5/Parking/p_env/lib/python3.13/site-packages/charset_normalizer/cd.py first seen with mtime 1746920160.8558922
DEBUG 2025-05-11 13:26:49,866 autoreload File /home/G1nxx/Projects/IGI/353502_BURCHUCK_5/IGI/LR5/Parking/auto_car/urls.py first seen with mtime 1746968369.5612266
DEBUG 2025-05-11 13:26:49,866 autoreload File /home/G1nxx/Projects/IGI/353502_BURCHUCK_5/IGI/LR5/Parking/p_env/lib/python3.13/site-packages/django/db/models/query_utils.py first seen with mtime 1746826653.3174965
DEBUG 2025-05-11 13:26:49,866 autoreload File /home/G1nxx/Projects/IGI/353502_BURCHUCK_5/IGI/LR5/Parking/p_env/lib/python3.13/site-packages/django/apps/__init__.py first seen with mtime 1746826653.0893476
DEBUG 2025-05-11 13:26:49,866 autoreload File /usr/lib/python3.13/types.py first seen with mtime 1744184665.0
DEBUG 2025-05-11 13:26:49,866 autoreload File /usr/lib/python3.13/lib-dynload/_pickle.cpython-313-x86_64-linux-gnu.so first seen with mtime 1744184665.0
DEBUG 2025-05-11 13:26:49,866 autoreload File /usr/lib/python3.13/lib-dynload/grp.cpython-313-x86_64-linux-gnu.so first seen with mtime 1744184665.0
DEBUG 2025-05-11 13:26:49,866 autoreload File /home/G1nxx/Projects/IGI/353502_BURCHUCK_5/IGI/LR5/Parking/p_env/lib/python3.13/site-packages/sqlparse/engine/filter_stack.py first seen with mtime 1746826653.03305
DEBUG 2025-05-11 13:26:49,866 autoreload File /home/G1nxx/Projects/IGI/353502_BURCHUCK_5/IGI/LR5/Parking/p_env/lib/python3.13/site-packages/django/db/models/sql/datastructures.py first seen with mtime 1746826653.3198013
DEBUG 2025-05-11 13:26:49,866 autoreload File /home/G1nxx/Projects/IGI/353502_BURCHUCK_5/IGI/LR5/Parking/p_env/lib/python3.13/site-packages/sqlparse/engine/grouping.py first seen with mtime 1746826653.0331268
DEBUG 2025-05-11 13:26:49,866 autoreload File /home/G1nxx/Projects/IGI/353502_BURCHUCK_5/IGI/LR5/Parking/p_env/lib/python3.13/site-packages/django/core/management/commands/runserver.py first seen with mtime 1746826653.308851
DEBUG 2025-05-11 13:26:49,866 autoreload File /home/G1nxx/Projects/IGI/353502_BURCHUCK_5/IGI/LR5/Parking/p_env/lib/python3.13/site-packages/django/core/signing.py first seen with mtime 1746826653.304042
DEBUG 2025-05-11 13:26:49,866 autoreload File /home/G1nxx/Projects/IGI/353502_BURCHUCK_5/IGI/LR5/Parking/p_env/lib/python3.13/site-packages/urllib3/_request_methods.py first seen with mtime 1746920160.7637756
DEBUG 2025-05-11 13:26:49,866 autoreload File /usr/lib/python3.13/importlib/resources/_adapters.py first seen with mtime 1744184665.0
DEBUG 2025-05-11 13:26:49,866 autoreload File /usr/lib/python3.13/decimal.py first seen with mtime 1744184665.0
DEBUG 2025-05-11 13:26:49,866 autoreload File /usr/lib/python3.13/zoneinfo/_common.py first seen with mtime 1744184665.0
DEBUG 2025-05-11 13:26:49,866 autoreload File /home/G1nxx/Projects/IGI/353502_BURCHUCK_5/IGI/LR5/Parking/p_env/lib/python3.13/site-packages/django/contrib/messages/api.py first seen with mtime 1746826653.2604709
DEBUG 2025-05-11 13:26:49,866 autoreload File /usr/lib/python3.13/asyncio/timeouts.py first seen with mtime 1744184665.0
DEBUG 2025-05-11 13:26:49,866 autoreload File /usr/lib/python3.13/urllib/error.py first seen with mtime 1744184665.0
DEBUG 2025-05-11 13:26:49,866 autoreload File /home/G1nxx/Projects/IGI/353502_BURCHUCK_5/IGI/LR5/Parking/p_env/lib/python3.13/site-packages/django/contrib/contenttypes/admin.py first seen with mtime 1746826653.2060776
DEBUG 2025-05-11 13:26:49,866 autoreload File /home/G1nxx/Projects/IGI/353502_BURCHUCK_5/IGI/LR5/Parking/p_env/lib/python3.13/site-packages/django/core/cache/utils.py first seen with mtime 1746826653.304303
DEBUG 2025-05-11 13:26:49,866 autoreload File /usr/lib/python3.13/wsgiref/headers.py first seen with mtime 1744184665.0
DEBUG 2025-05-11 13:26:49,866 autoreload File /home/G1nxx/Projects/IGI/353502_BURCHUCK_5/IGI/LR5/Parking/p_env/lib/python3.13/site-packages/django/template/loaders/base.py first seen with mtime 1746826653.3278308
DEBUG 2025-05-11 13:26:49,866 autoreload File /home/G1nxx/Projects/IGI/353502_BURCHUCK_5/IGI/LR5/Parking/p_env/lib/python3.13/site-packages/django/contrib/staticfiles/management/commands/runserver.py first seen with mtime 1746826653.3036323
DEBUG 2025-05-11 13:26:49,866 autoreload File /home/G1nxx/Projects/IGI/353502_BURCHUCK_5/IGI/LR5/Parking/p_env/lib/python3.13/site-packages/idna/idnadata.py first seen with mtime 1746920160.809224
DEBUG 2025-05-11 13:26:49,866 autoreload File /usr/lib/python3.13/lib-dynload/_bisect.cpython-313-x86_64-linux-gnu.so first seen with mtime 1744184665.0
DEBUG 2025-05-11 13:26:49,866 autoreload File /usr/lib/python3.13/lib-dynload/_queue.cpython-313-x86_64-linux-gnu.so first seen with mtime 1744184665.0
DEBUG 2025-05-11 13:26:49,866 autoreload File /home/G1nxx/Projects/IGI/353502_BURCHUCK_5/IGI/LR5/Parking/p_env/lib/python3.13/site-packages/django/template/loaders/cached.py first seen with mtime 1746826653.3278866
DEBUG 2025-05-11 13:26:49,866 autoreload File /usr/lib/python3.13/email/policy.py first seen with mtime 1744184665.0
DEBUG 2025-05-11 13:26:49,866 autoreload File /home/G1nxx/Projects/IGI/353502_BURCHUCK_5/IGI/LR5/Parking/p_env/lib/python3.13/site-packages/certifi/core.py first seen with mtime 1746920160.8757262
DEBUG 2025-05-11 13:26:49,866 autoreload File /home/G1nxx/Projects/IGI/353502_BURCHUCK_5/IGI/LR5/Parking/auto_car/repository/user.py first seen with mtime 1746963742.913468
DEBUG 2025-05-11 13:26:49,867 autoreload File /home/G1nxx/Projects/IGI/353502_BURCHUCK_5/IGI/LR5/Parking/p_env/lib/python3.13/site-packages/sqlparse/cli.py first seen with mtime 1746826653.0322986
DEBUG 2025-05-11 13:26:49,867 autoreload File /home/G1nxx/Projects/IGI/353502_BURCHUCK_5/IGI/LR5/Parking/p_env/lib/python3.13/site-packages/django/middleware/csrf.py first seen with mtime 1746826653.325997
DEBUG 2025-05-11 13:26:49,867 autoreload File /usr/lib/python3.13/urllib/parse.py first seen with mtime 1744184665.0
DEBUG 2025-05-11 13:26:49,867 autoreload File /home/G1nxx/Projects/IGI/353502_BURCHUCK_5/IGI/LR5/Parking/p_env/lib/python3.13/site-packages/django/core/checks/database.py first seen with mtime 1746826653.3049142
DEBUG 2025-05-11 13:26:49,867 autoreload File /usr/lib/python3.13/asyncio/base_futures.py first seen with mtime 1744184665.0
DEBUG 2025-05-11 13:26:49,867 autoreload File /usr/lib/python3.13/importlib/metadata/_meta.py first seen with mtime 1744184665.0
DEBUG 2025-05-11 13:26:49,867 autoreload File /home/G1nxx/Projects/IGI/353502_BURCHUCK_5/IGI/LR5/Parking/p_env/lib/python3.13/site-packages/requests/hooks.py first seen with mtime 1746920160.8800972
DEBUG 2025-05-11 13:26:49,867 autoreload File /home/G1nxx/Projects/IGI/353502_BURCHUCK_5/IGI/LR5/Parking/p_env/lib/python3.13/site-packages/sqlparse/sql.py first seen with mtime 1746826653.0327187
DEBUG 2025-05-11 13:26:49,867 autoreload File /home/G1nxx/Projects/IGI/353502_BURCHUCK_5/IGI/LR5/Parking/p_env/lib/python3.13/site-packages/django/views/decorators/cache.py first seen with mtime 1746826653.3327122
DEBUG 2025-05-11 13:26:49,867 autoreload File /home/G1nxx/Projects/IGI/353502_BURCHUCK_5/IGI/LR5/Parking/p_env/lib/python3.13/site-packages/django/contrib/admin/helpers.py first seen with mtime 1746826653.1251607
DEBUG 2025-05-11 13:26:49,867 autoreload File /home/G1nxx/Projects/IGI/353502_BURCHUCK_5/IGI/LR5/Parking/p_env/lib/python3.13/site-packages/django/contrib/admin/templatetags/base.py first seen with mtime 1746826653.17238
DEBUG 2025-05-11 13:26:49,867 autoreload File /usr/lib/python3.13/numbers.py first seen with mtime 1744184665.0
DEBUG 2025-05-11 13:26:49,867 autoreload File /home/G1nxx/Projects/IGI/353502_BURCHUCK_5/IGI/LR5/Parking/p_env/lib/python3.13/site-packages/django/contrib/contenttypes/__init__.py first seen with mtime 1746826653.2059999
DEBUG 2025-05-11 13:26:49,867 autoreload File /usr/lib/python3.13/asyncio/selector_events.py first seen with mtime 1744184665.0
DEBUG 2025-05-11 13:26:49,867 autoreload File /usr/lib/python3.13/lib-dynload/_bz2.cpython-313-x86_64-linux-gnu.so first seen with mtime 1744184665.0
DEBUG 2025-05-11 13:26:49,867 autoreload File /usr/lib/python3.13/lib-dynload/_multibytecodec.cpython-313-x86_64-linux-gnu.so first seen with mtime 1744184665.0
DEBUG 2025-05-11 13:26:49,867 autoreload File /home/G1nxx/Projects/IGI/353502_BURCHUCK_5/IGI/LR5/Parking/p_env/lib/python3.13/site-packages/django/template/loaders/filesystem.py first seen with mtime 1746826653.3279264
DEBUG 2025-05-11 13:26:49,867 autoreload File /home/G1nxx/Projects/IGI/353502_BURCHUCK_5/IGI/LR5/Parking/p_env/lib/python3.13/site-packages/charset_normalizer/constant.py first seen with mtime 1746920160.8560767
DEBUG 2025-05-11 13:26:49,867 autoreload File /home/G1nxx/Projects/IGI/353502_BURCHUCK_5/IGI/LR5/Parking/p_env/lib/python3.13/site-packages/django/template/loader.py first seen with mtime 1746826653.327098
DEBUG 2025-05-11 13:26:49,867 autoreload File /usr/lib/python3.13/lib-dynload/_decimal.cpython-313-x86_64-linux-gnu.so first seen with mtime 1744184665.0
DEBUG 2025-05-11 13:26:49,867 autoreload File /home/G1nxx/Projects/IGI/353502_BURCHUCK_5/IGI/LR5/Parking/p_env/lib/python3.13/site-packages/django/urls/__init__.py first seen with mtime 1746826653.3292499
DEBUG 2025-05-11 13:26:49,867 autoreload File /home/G1nxx/Projects/IGI/353502_BURCHUCK_5/IGI/LR5/Parking/p_env/lib/python3.13/site-packages/sqlparse/tokens.py first seen with mtime 1746826653.0327735
DEBUG 2025-05-11 13:26:49,867 autoreload File /usr/lib/python3.13/lib-dynload/unicodedata.cpython-313-x86_64-linux-gnu.so first seen with mtime 1744184665.0
DEBUG 2025-05-11 13:26:49,867 autoreload File /home/G1nxx/Projects/IGI/353502_BURCHUCK_5/IGI/LR5/Parking/p_env/lib/python3.13/site-packages/django/contrib/contenttypes/forms.py first seen with mtime 1746826653.20633
DEBUG 2025-05-11 13:26:49,867 autoreload File /home/G1nxx/Projects/IGI/353502_BURCHUCK_5/IGI/LR5/Parking/p_env/lib/python3.13/site-packages/django/contrib/contenttypes/apps.py first seen with mtime 1746826653.2061198
DEBUG 2025-05-11 13:26:49,867 autoreload File /home/G1nxx/Projects/IGI/353502_BURCHUCK_5/IGI/LR5/Parking/p_env/lib/python3.13/site-packages/django/views/generic/dates.py first seen with mtime 1746826653.3331988
DEBUG 2025-05-11 13:26:49,867 autoreload File /home/G1nxx/Projects/IGI/353502_BURCHUCK_5/IGI/LR5/Parking/p_env/lib/python3.13/site-packages/django/contrib/sites/__init__.py first seen with mtime 1746826653.2930367
DEBUG 2025-05-11 13:26:49,867 autoreload File /home/G1nxx/Projects/IGI/353502_BURCHUCK_5/IGI/LR5/Parking/p_env/lib/python3.13/site-packages/django/core/files/uploadedfile.py first seen with mtime 1746826653.305728
DEBUG 2025-05-11 13:26:49,867 autoreload File /home/G1nxx/Projects/IGI/353502_BURCHUCK_5/IGI/LR5/Parking/p_env/lib/python3.13/site-packages/django/db/backends/base/introspection.py first seen with mtime 1746826653.310693
DEBUG 2025-05-11 13:26:49,867 autoreload File /home/G1nxx/Projects/IGI/353502_BURCHUCK_5/IGI/LR5/Parking/p_env/lib/python3.13/site-packages/urllib3/__init__.py first seen with mtime 1746920160.7634416
DEBUG 2025-05-11 13:26:49,867 autoreload File /home/G1nxx/Projects/IGI/353502_BURCHUCK_5/IGI/LR5/Parking/p_env/lib/python3.13/site-packages/django/core/management/commands/migrate.py first seen with mtime 1746826653.3087316
DEBUG 2025-05-11 13:26:49,867 autoreload File /home/G1nxx/Projects/IGI/353502_BURCHUCK_5/IGI/LR5/Parking/p_env/lib/python3.13/site-packages/django/contrib/sessions/apps.py first seen with mtime 1746826653.2817504
DEBUG 2025-05-11 13:26:49,867 autoreload File /home/G1nxx/Projects/IGI/353502_BURCHUCK_5/IGI/LR5/Parking/p_env/lib/python3.13/site-packages/django/db/backends/base/operations.py first seen with mtime 1746826653.3108099
DEBUG 2025-05-11 13:26:49,868 autoreload File /usr/lib/python3.13/asyncio/transports.py first seen with mtime 1744184665.0
DEBUG 2025-05-11 13:26:49,868 autoreload File /usr/lib/python3.13/logging/__init__.py first seen with mtime 1744184665.0
DEBUG 2025-05-11 13:26:49,868 autoreload File /home/G1nxx/Projects/IGI/353502_BURCHUCK_5/IGI/LR5/Parking/p_env/lib/python3.13/site-packages/django/core/serializers/json.py first seen with mtime 1746826653.3095415
DEBUG 2025-05-11 13:26:49,868 autoreload File /home/G1nxx/Projects/IGI/353502_BURCHUCK_5/IGI/LR5/Parking/p_env/lib/python3.13/site-packages/requests/models.py first seen with mtime 1746920160.8802497
DEBUG 2025-05-11 13:26:49,868 autoreload File /home/G1nxx/Projects/IGI/353502_BURCHUCK_5/IGI/LR5/Parking/p_env/lib/python3.13/site-packages/django/contrib/staticfiles/management/__init__.py first seen with mtime 1746826653.3034315
DEBUG 2025-05-11 13:26:49,868 autoreload File /usr/lib/python3.13/importlib/metadata/_collections.py first seen with mtime 1744184665.0
DEBUG 2025-05-11 13:26:49,868 autoreload File /home/G1nxx/Projects/IGI/353502_BURCHUCK_5/IGI/LR5/Parking/p_env/lib/python3.13/site-packages/requests/status_codes.py first seen with mtime 1746920160.8805187
DEBUG 2025-05-11 13:26:49,868 autoreload File /usr/lib/python3.13/pprint.py first seen with mtime 1744184665.0
DEBUG 2025-05-11 13:26:49,868 autoreload File /usr/lib/python3.13/__future__.py first seen with mtime 1744184665.0
DEBUG 2025-05-11 13:26:49,868 autoreload File /home/G1nxx/Projects/IGI/353502_BURCHUCK_5/IGI/LR5/Parking/p_env/lib/python3.13/site-packages/django/db/models/fields/mixins.py first seen with mtime 1746826653.3183117
DEBUG 2025-05-11 13:26:49,868 autoreload File /home/G1nxx/Projects/IGI/353502_BURCHUCK_5/IGI/LR5/Parking/parking/urls.py first seen with mtime 1746831901.1977456
DEBUG 2025-05-11 13:26:49,868 autoreload File /usr/lib/python3.13/asyncio/queues.py first seen with mtime 1744184665.0
DEBUG 2025-05-11 13:26:49,868 autoreload File /usr/lib/python3.13/gettext.py first seen with mtime 1744184665.0
DEBUG 2025-05-11 13:26:49,868 autoreload File /usr/lib/python3.13/pathlib/_abc.py first seen with mtime 1744184665.0
DEBUG 2025-05-11 13:26:49,868 autoreload File /usr/lib/python3.13/email/_parseaddr.py first seen with mtime 1744184665.0
DEBUG 2025-05-11 13:26:49,868 autoreload File /home/G1nxx/Projects/IGI/353502_BURCHUCK_5/IGI/LR5/Parking/p_env/lib/python3.13/site-packages/django/conf/locale/__init__.py first seen with mtime 1746826653.089985
DEBUG 2025-05-11 13:26:49,868 autoreload File /usr/lib/python3.13/lib-dynload/zlib.cpython-313-x86_64-linux-gnu.so first seen with mtime 1744184665.0
DEBUG 2025-05-11 13:26:49,868 autoreload File /home/G1nxx/Projects/IGI/353502_BURCHUCK_5/IGI/LR5/Parking/p_env/lib/python3.13/site-packages/django/db/migrations/operations/special.py first seen with mtime 1746826653.3157394
DEBUG 2025-05-11 13:26:49,868 autoreload File /usr/lib/python3.13/multiprocessing/__init__.py first seen with mtime 1744184665.0
DEBUG 2025-05-11 13:26:49,868 autoreload File /home/G1nxx/Projects/IGI/353502_BURCHUCK_5/IGI/LR5/Parking/p_env/lib/python3.13/site-packages/django/db/models/signals.py first seen with mtime 1746826653.3175392
DEBUG 2025-05-11 13:26:49,868 autoreload File /usr/lib/python3.13/textwrap.py first seen with mtime 1744184665.0
DEBUG 2025-05-11 13:26:49,868 autoreload File /usr/lib/python3.13/multiprocessing/context.py first seen with mtime 1744184665.0
DEBUG 2025-05-11 13:26:49,868 autoreload File /home/G1nxx/Projects/IGI/353502_BURCHUCK_5/IGI/LR5/Parking/p_env/lib/python3.13/site-packages/django/db/backends/base/creation.py first seen with mtime 1746826653.3105457
DEBUG 2025-05-11 13:26:49,868 autoreload File /home/G1nxx/Projects/IGI/353502_BURCHUCK_5/IGI/LR5/Parking/p_env/lib/python3.13/site-packages/django/views/i18n.py first seen with mtime 1746826653.3325884
DEBUG 2025-05-11 13:26:49,868 autoreload File /home/G1nxx/Projects/IGI/353502_BURCHUCK_5/IGI/LR5/Parking/p_env/lib/python3.13/site-packages/django/core/handlers/wsgi.py first seen with mtime 1746826653.3067372
DEBUG 2025-05-11 13:26:49,868 autoreload File /home/G1nxx/Projects/IGI/353502_BURCHUCK_5/IGI/LR5/Parking/p_env/lib/python3.13/site-packages/django/middleware/__init__.py first seen with mtime 1746826653.3256698
DEBUG 2025-05-11 13:26:49,868 autoreload File /home/G1nxx/Projects/IGI/353502_BURCHUCK_5/IGI/LR5/Parking/p_env/lib/python3.13/site-packages/django/core/checks/compatibility/__init__.py first seen with mtime 1746826653.3052127
DEBUG 2025-05-11 13:26:49,868 autoreload File /home/G1nxx/Projects/IGI/353502_BURCHUCK_5/IGI/LR5/Parking/p_env/lib/python3.13/site-packages/django/template/backends/base.py first seen with mtime 1746826653.3275187
DEBUG 2025-05-11 13:26:49,868 autoreload File /usr/lib/python3.13/fnmatch.py first seen with mtime 1744184665.0
DEBUG 2025-05-11 13:26:49,868 autoreload File /home/G1nxx/Projects/IGI/353502_BURCHUCK_5/IGI/LR5/Parking/p_env/lib/python3.13/site-packages/django/contrib/sites/shortcuts.py first seen with mtime 1746826653.2934282
DEBUG 2025-05-11 13:26:49,868 autoreload File /home/G1nxx/Projects/IGI/353502_BURCHUCK_5/IGI/LR5/Parking/p_env/lib/python3.13/site-packages/django/core/checks/files.py first seen with mtime 1746826653.3049529
DEBUG 2025-05-11 13:26:49,868 autoreload File /home/G1nxx/Projects/IGI/353502_BURCHUCK_5/IGI/LR5/Parking/p_env/lib/python3.13/site-packages/idna/__init__.py first seen with mtime 1746920160.8088124
DEBUG 2025-05-11 13:26:49,868 autoreload File /home/G1nxx/Projects/IGI/353502_BURCHUCK_5/IGI/LR5/Parking/p_env/lib/python3.13/site-packages/django/utils/deconstruct.py first seen with mtime 1746826653.3303533
DEBUG 2025-05-11 13:26:49,868 autoreload File /usr/lib/python3.13/concurrent/futures/_base.py first seen with mtime 1744184665.0
DEBUG 2025-05-11 13:26:49,868 autoreload File /home/G1nxx/Projects/IGI/353502_BURCHUCK_5/IGI/LR5/Parking/p_env/lib/python3.13/site-packages/django/__init__.py first seen with mtime 1746826653.0891743
DEBUG 2025-05-11 13:26:49,868 autoreload File /home/G1nxx/Projects/IGI/353502_BURCHUCK_5/IGI/LR5/Parking/p_env/lib/python3.13/site-packages/django/contrib/contenttypes/views.py first seen with mtime 1746826653.206468
DEBUG 2025-05-11 13:26:49,868 autoreload File /home/G1nxx/Projects/IGI/353502_BURCHUCK_5/IGI/LR5/Parking/p_env/lib/python3.13/site-packages/django/core/checks/templates.py first seen with mtime 1746826653.3051345
DEBUG 2025-05-11 13:26:49,868 autoreload File /usr/lib/python3.13/lib-dynload/_datetime.cpython-313-x86_64-linux-gnu.so first seen with mtime 1744184665.0
DEBUG 2025-05-11 13:26:49,868 autoreload File /usr/lib/python3.13/http/cookies.py first seen with mtime 1744184665.0
DEBUG 2025-05-11 13:26:49,868 autoreload File /usr/lib/python3.13/json/decoder.py first seen with mtime 1744184665.0
DEBUG 2025-05-11 13:26:49,868 autoreload File /home/G1nxx/Projects/IGI/353502_BURCHUCK_5/IGI/LR5/Parking/p_env/lib/python3.13/site-packages/django/utils/_os.py first seen with mtime 1746826653.32964
DEBUG 2025-05-11 13:26:49,868 autoreload File /usr/lib/python3.13/encodings/idna.py first seen with mtime 1744184665.0
DEBUG 2025-05-11 13:26:49,868 autoreload File /home/G1nxx/Projects/IGI/353502_BURCHUCK_5/IGI/LR5/Parking/p_env/lib/python3.13/site-packages/django/db/models/__init__.py first seen with mtime 1746826653.3158054
DEBUG 2025-05-11 13:26:49,868 autoreload File /usr/lib/python3.13/email/mime/multipart.py first seen with mtime 1744184665.0
DEBUG 2025-05-11 13:26:49,868 autoreload File /home/G1nxx/Projects/IGI/353502_BURCHUCK_5/IGI/LR5/Parking/p_env/lib/python3.13/site-packages/django/utils/numberformat.py first seen with mtime 1746826653.33137
DEBUG 2025-05-11 13:26:49,868 autoreload File /usr/lib/python3.13/asyncio/base_tasks.py first seen with mtime 1744184665.0
DEBUG 2025-05-11 13:26:49,868 autoreload File /usr/lib/python3.13/lib-dynload/_hashlib.cpython-313-x86_64-linux-gnu.so first seen with mtime 1744184665.0
DEBUG 2025-05-11 13:26:49,868 autoreload File /usr/lib/python3.13/json/__init__.py first seen with mtime 1744184665.0
DEBUG 2025-05-11 13:26:49,868 autoreload File /home/G1nxx/Projects/IGI/353502_BURCHUCK_5/IGI/LR5/Parking/p_env/lib/python3.13/site-packages/django/db/models/functions/window.py first seen with mtime 1746826653.3193748
DEBUG 2025-05-11 13:26:49,868 autoreload File /usr/lib/python3.13/pickle.py first seen with mtime 1744184665.0
DEBUG 2025-05-11 13:26:49,868 autoreload File /usr/lib/python3.13/pathlib/__init__.py first seen with mtime 1744184665.0
DEBUG 2025-05-11 13:26:49,868 autoreload File /usr/lib/python3.13/selectors.py first seen with mtime 1744184665.0
DEBUG 2025-05-11 13:26:49,868 autoreload File /home/G1nxx/Projects/IGI/353502_BURCHUCK_5/IGI/LR5/Parking/p_env/lib/python3.13/site-packages/django/contrib/admin/templatetags/admin_modify.py first seen with mtime 1746826653.17229
DEBUG 2025-05-11 13:26:49,868 autoreload File /home/G1nxx/Projects/IGI/353502_BURCHUCK_5/IGI/LR5/Parking/p_env/lib/python3.13/site-packages/django/db/models/constraints.py first seen with mtime 1746826653.3163097
DEBUG 2025-05-11 13:26:49,868 autoreload File /home/G1nxx/Projects/IGI/353502_BURCHUCK_5/IGI/LR5/Parking/p_env/lib/python3.13/site-packages/django/views/debug.py first seen with mtime 1746826653.3324695
DEBUG 2025-05-11 13:26:49,868 autoreload File /home/G1nxx/Projects/IGI/353502_BURCHUCK_5/IGI/LR5/Parking/p_env/lib/python3.13/site-packages/django/template/backends/__init__.py first seen with mtime 1746826653.3273988
DEBUG 2025-05-11 13:26:49,868 autoreload File /home/G1nxx/Projects/IGI/353502_BURCHUCK_5/IGI/LR5/Parking/p_env/lib/python3.13/site-packages/django/contrib/auth/forms.py first seen with mtime 1746826653.187433
DEBUG 2025-05-11 13:26:49,868 autoreload File /home/G1nxx/Projects/IGI/353502_BURCHUCK_5/IGI/LR5/Parking/p_env/lib/python3.13/site-packages/django/contrib/admin/templatetags/admin_list.py first seen with mtime 1746826653.1721747
DEBUG 2025-05-11 13:26:49,868 autoreload File /usr/lib/python3.13/calendar.py first seen with mtime 1744184665.0
DEBUG 2025-05-11 13:26:49,868 autoreload File /usr/lib/python3.13/base64.py first seen with mtime 1744184665.0
DEBUG 2025-05-11 13:26:49,868 autoreload File /home/G1nxx/Projects/IGI/353502_BURCHUCK_5/IGI/LR5/Parking/p_env/lib/python3.13/site-packages/django/core/checks/caches.py first seen with mtime 1746826653.304829
DEBUG 2025-05-11 13:26:49,868 autoreload File /home/G1nxx/Projects/IGI/353502_BURCHUCK_5/IGI/LR5/Parking/p_env/lib/python3.13/site-packages/django/db/models/functions/text.py first seen with mtime 1746826653.3193343
DEBUG 2025-05-11 13:26:49,868 autoreload File /home/G1nxx/Projects/IGI/353502_BURCHUCK_5/IGI/LR5/Parking/p_env/lib/python3.13/site-packages/django/utils/connection.py first seen with mtime 1746826653.330031
DEBUG 2025-05-11 13:26:49,868 autoreload File /home/G1nxx/Projects/IGI/353502_BURCHUCK_5/IGI/LR5/Parking/p_env/lib/python3.13/site-packages/sqlparse/lexer.py first seen with mtime 1746826653.0326123
DEBUG 2025-05-11 13:26:49,869 autoreload File /home/G1nxx/Projects/IGI/353502_BURCHUCK_5/IGI/LR5/Parking/p_env/lib/python3.13/site-packages/django/core/cache/__init__.py first seen with mtime 1746826653.304261
DEBUG 2025-05-11 13:26:49,869 autoreload File /home/G1nxx/Projects/IGI/353502_BURCHUCK_5/IGI/LR5/Parking/p_env/lib/python3.13/site-packages/django/core/management/commands/makemigrations.py first seen with mtime 1746826653.3086448
DEBUG 2025-05-11 13:26:49,869 autoreload File /home/G1nxx/Projects/IGI/353502_BURCHUCK_5/IGI/LR5/Parking/p_env/lib/python3.13/site-packages/django/middleware/cache.py first seen with mtime 1746826653.3257813
DEBUG 2025-05-11 13:26:49,869 autoreload File /home/G1nxx/Projects/IGI/353502_BURCHUCK_5/IGI/LR5/Parking/p_env/lib/python3.13/site-packages/django/db/migrations/graph.py first seen with mtime 1746826653.314717
DEBUG 2025-05-11 13:26:49,869 autoreload File /home/G1nxx/Projects/IGI/353502_BURCHUCK_5/IGI/LR5/Parking/p_env/lib/python3.13/site-packages/django/db/migrations/writer.py first seen with mtime 1746826653.3153868
DEBUG 2025-05-11 13:26:49,869 autoreload File /usr/lib/python3.13/email/iterators.py first seen with mtime 1744184665.0
DEBUG 2025-05-11 13:26:49,869 autoreload File /home/G1nxx/Projects/IGI/353502_BURCHUCK_5/IGI/LR5/Parking/p_env/lib/python3.13/site-packages/django/utils/inspect.py first seen with mtime 1746826653.3310874
DEBUG 2025-05-11 13:26:49,869 autoreload File /usr/lib/python3.13/email/encoders.py first seen with mtime 1744184665.0
DEBUG 2025-05-11 13:26:49,869 autoreload File /home/G1nxx/Projects/IGI/353502_BURCHUCK_5/IGI/LR5/Parking/p_env/lib/python3.13/site-packages/django/core/files/utils.py first seen with mtime 1746826653.3058193
DEBUG 2025-05-11 13:26:49,869 autoreload File /home/G1nxx/Projects/IGI/353502_BURCHUCK_5/IGI/LR5/Parking/p_env/lib/python3.13/site-packages/django/utils/version.py first seen with mtime 1746826653.3318374
DEBUG 2025-05-11 13:26:49,869 autoreload File /usr/lib/python3.13/email/parser.py first seen with mtime 1744184665.0
DEBUG 2025-05-11 13:26:49,869 autoreload File /home/G1nxx/Projects/IGI/353502_BURCHUCK_5/IGI/LR5/Parking/p_env/lib/python3.13/site-packages/django/db/migrations/loader.py first seen with mtime 1746826653.3148017
DEBUG 2025-05-11 13:26:49,869 autoreload File /usr/lib/python3.13/contextlib.py first seen with mtime 1744184665.0
DEBUG 2025-05-11 13:26:49,869 autoreload File /home/G1nxx/Projects/IGI/353502_BURCHUCK_5/IGI/LR5/Parking/p_env/lib/python3.13/site-packages/django/apps/config.py first seen with mtime 1746826653.0894167
DEBUG 2025-05-11 13:26:49,869 autoreload File /usr/lib/python3.13/ipaddress.py first seen with mtime 1744184665.0
DEBUG 2025-05-11 13:26:49,869 autoreload File /home/G1nxx/Projects/IGI/353502_BURCHUCK_5/IGI/LR5/Parking/p_env/lib/python3.13/site-packages/django/contrib/admin/sites.py first seen with mtime 1746826653.1256108
DEBUG 2025-05-11 13:26:49,869 autoreload File /home/G1nxx/Projects/IGI/353502_BURCHUCK_5/IGI/LR5/Parking/p_env/lib/python3.13/site-packages/django/contrib/admin/views/autocomplete.py first seen with mtime 1746826653.1725013
DEBUG 2025-05-11 13:26:49,869 autoreload File /home/G1nxx/Projects/IGI/353502_BURCHUCK_5/IGI/LR5/Parking/p_env/lib/python3.13/site-packages/django/db/models/fields/proxy.py first seen with mtime 1746826653.3183475
DEBUG 2025-05-11 13:26:49,869 autoreload File /usr/lib/python3.13/weakref.py first seen with mtime 1744184665.0
DEBUG 2025-05-11 13:26:49,869 autoreload File /home/G1nxx/Projects/IGI/353502_BURCHUCK_5/IGI/LR5/Parking/p_env/lib/python3.13/site-packages/django/templatetags/i18n.py first seen with mtime 1746826653.3281217
DEBUG 2025-05-11 13:26:49,869 autoreload File /home/G1nxx/Projects/IGI/353502_BURCHUCK_5/IGI/LR5/Parking/p_env/lib/python3.13/site-packages/django/dispatch/__init__.py first seen with mtime 1746826653.3207493
DEBUG 2025-05-11 13:26:49,869 autoreload File /home/G1nxx/Projects/IGI/353502_BURCHUCK_5/IGI/LR5/Parking/p_env/lib/python3.13/site-packages/django/core/checks/model_checks.py first seen with mtime 1746826653.3050547
DEBUG 2025-05-11 13:26:49,869 autoreload File /usr/lib/python3.13/dis.py first seen with mtime 1744184665.0
DEBUG 2025-05-11 13:26:49,869 autoreload File /home/G1nxx/Projects/IGI/353502_BURCHUCK_5/IGI/LR5/Parking/p_env/lib/python3.13/site-packages/django/core/servers/__init__.py first seen with mtime 1746826653.3097808
DEBUG 2025-05-11 13:26:49,869 autoreload File /home/G1nxx/Projects/IGI/353502_BURCHUCK_5/IGI/LR5/Parking/p_env/lib/python3.13/site-packages/django/utils/lorem_ipsum.py first seen with mtime 1746826653.3312738
DEBUG 2025-05-11 13:26:49,869 autoreload File /usr/lib/python3.13/asyncio/subprocess.py first seen with mtime 1744184665.0
DEBUG 2025-05-11 13:26:49,869 autoreload File /home/G1nxx/Projects/IGI/353502_BURCHUCK_5/IGI/LR5/Parking/p_env/lib/python3.13/site-packages/django/contrib/sites/requests.py first seen with mtime 1746826653.2933924
DEBUG 2025-05-11 13:26:49,869 autoreload File /home/G1nxx/Projects/IGI/353502_BURCHUCK_5/IGI/LR5/Parking/p_env/lib/python3.13/site-packages/django/core/management/sql.py first seen with mtime 1746826653.3076465
DEBUG 2025-05-11 13:26:49,869 autoreload File /home/G1nxx/Projects/IGI/353502_BURCHUCK_5/IGI/LR5/Parking/p_env/lib/python3.13/site-packages/requests/exceptions.py first seen with mtime 1746920160.87999
DEBUG 2025-05-11 13:26:49,869 autoreload File /usr/lib/python3.13/lib-dynload/array.cpython-313-x86_64-linux-gnu.so first seen with mtime 1744184665.0
DEBUG 2025-05-11 13:26:49,869 autoreload File /home/G1nxx/Projects/IGI/353502_BURCHUCK_5/IGI/LR5/Parking/p_env/lib/python3.13/site-packages/django/core/files/move.py first seen with mtime 1746826653.3056424
DEBUG 2025-05-11 13:26:49,869 autoreload File /usr/lib/python3.13/pkgutil.py first seen with mtime 1744184665.0
DEBUG 2025-05-11 13:26:49,869 autoreload File /home/G1nxx/Projects/IGI/353502_BURCHUCK_5/IGI/LR5/Parking/p_env/lib/python3.13/site-packages/django/views/csrf.py first seen with mtime 1746826653.332366
DEBUG 2025-05-11 13:26:49,869 autoreload File /usr/lib/python3.13/heapq.py first seen with mtime 1744184665.0
DEBUG 2025-05-11 13:26:49,869 autoreload File /home/G1nxx/Projects/IGI/353502_BURCHUCK_5/IGI/LR5/Parking/p_env/lib/python3.13/site-packages/django/db/models/indexes.py first seen with mtime 1746826653.3167593
DEBUG 2025-05-11 13:26:49,869 autoreload File /usr/lib/python3.13/importlib/resources/__init__.py first seen with mtime 1744184665.0
DEBUG 2025-05-11 13:26:49,869 autoreload File /usr/lib/python3.13/struct.py first seen with mtime 1744184665.0
DEBUG 2025-05-11 13:26:49,869 autoreload File /home/G1nxx/Projects/IGI/353502_BURCHUCK_5/IGI/LR5/Parking/p_env/lib/python3.13/site-packages/django/db/migrations/utils.py first seen with mtime 1746826653.3153183
DEBUG 2025-05-11 13:26:49,869 autoreload File /usr/lib/python3.13/stringprep.py first seen with mtime 1744184665.0
DEBUG 2025-05-11 13:26:49,869 autoreload File /home/G1nxx/Projects/IGI/353502_BURCHUCK_5/IGI/LR5/Parking/p_env/lib/python3.13/site-packages/django/db/models/fields/generated.py first seen with mtime 1746826653.3181474
DEBUG 2025-05-11 13:26:49,869 autoreload File /home/G1nxx/Projects/IGI/353502_BURCHUCK_5/IGI/LR5/Parking/p_env/lib/python3.13/site-packages/django/core/files/locks.py first seen with mtime 1746826653.3056016
DEBUG 2025-05-11 13:26:49,869 autoreload File /usr/lib/python3.13/lib-dynload/_zoneinfo.cpython-313-x86_64-linux-gnu.so first seen with mtime 1744184665.0
DEBUG 2025-05-11 13:26:49,869 autoreload File /home/G1nxx/Projects/IGI/353502_BURCHUCK_5/IGI/LR5/Parking/p_env/lib/python3.13/site-packages/django/utils/ipv6.py first seen with mtime 1746826653.3311272
DEBUG 2025-05-11 13:26:49,869 autoreload File /home/G1nxx/Projects/IGI/353502_BURCHUCK_5/IGI/LR5/Parking/p_env/lib/python3.13/site-packages/django/utils/duration.py first seen with mtime 1746826653.3305204
DEBUG 2025-05-11 13:26:49,869 autoreload File /home/G1nxx/Projects/IGI/353502_BURCHUCK_5/IGI/LR5/Parking/p_env/lib/python3.13/site-packages/django/core/files/storage/filesystem.py first seen with mtime 1746826653.3059876
DEBUG 2025-05-11 13:26:49,869 autoreload File /usr/lib/python3.13/uuid.py first seen with mtime 1744184665.0
DEBUG 2025-05-11 13:26:49,869 autoreload File /home/G1nxx/Projects/IGI/353502_BURCHUCK_5/IGI/LR5/Parking/parking/__init__.py first seen with mtime 1746826749.0879724
DEBUG 2025-05-11 13:26:49,869 autoreload File /home/G1nxx/Projects/IGI/353502_BURCHUCK_5/IGI/LR5/Parking/p_env/lib/python3.13/site-packages/django/core/handlers/base.py first seen with mtime 1746826653.3066213
DEBUG 2025-05-11 13:26:49,869 autoreload File /home/G1nxx/Projects/IGI/353502_BURCHUCK_5/IGI/LR5/Parking/p_env/lib/python3.13/site-packages/django/core/checks/security/csrf.py first seen with mtime 1746826653.3053977
DEBUG 2025-05-11 13:26:49,869 autoreload File /home/G1nxx/Projects/IGI/353502_BURCHUCK_5/IGI/LR5/Parking/p_env/lib/python3.13/site-packages/certifi/__init__.py first seen with mtime 1746920160.8744001
DEBUG 2025-05-11 13:26:49,869 autoreload File /home/G1nxx/Projects/IGI/353502_BURCHUCK_5/IGI/LR5/Parking/p_env/lib/python3.13/site-packages/django/apps/registry.py first seen with mtime 1746826653.0895042
DEBUG 2025-05-11 13:26:49,869 autoreload File /usr/lib/python3.13/enum.py first seen with mtime 1744184665.0
DEBUG 2025-05-11 13:26:49,869 autoreload File /home/G1nxx/Projects/IGI/353502_BURCHUCK_5/IGI/LR5/Parking/p_env/lib/python3.13/site-packages/django/db/backends/sqlite3/features.py first seen with mtime 1746826653.3139977
DEBUG 2025-05-11 13:26:49,869 autoreload File /home/G1nxx/Projects/IGI/353502_BURCHUCK_5/IGI/LR5/Parking/p_env/lib/python3.13/site-packages/django/db/migrations/state.py first seen with mtime 1746826653.3152628
DEBUG 2025-05-11 13:26:49,869 autoreload File /home/G1nxx/Projects/IGI/353502_BURCHUCK_5/IGI/LR5/Parking/p_env/lib/python3.13/site-packages/django/db/backends/base/schema.py first seen with mtime 1746826653.3111453
DEBUG 2025-05-11 13:26:49,869 autoreload File /usr/lib/python3.13/lib-dynload/_socket.cpython-313-x86_64-linux-gnu.so first seen with mtime 1744184665.0
DEBUG 2025-05-11 13:26:49,869 autoreload File /usr/lib/python3.13/asyncio/unix_events.py first seen with mtime 1744184665.0
DEBUG 2025-05-11 13:26:49,869 autoreload File /home/G1nxx/Projects/IGI/353502_BURCHUCK_5/IGI/LR5/Parking/p_env/lib/python3.13/site-packages/django/contrib/contenttypes/fields.py first seen with mtime 1746826653.206272
DEBUG 2025-05-11 13:26:49,869 autoreload File /home/G1nxx/Projects/IGI/353502_BURCHUCK_5/IGI/LR5/Parking/p_env/lib/python3.13/site-packages/django/core/servers/basehttp.py first seen with mtime 1746826653.3098867
DEBUG 2025-05-11 13:26:49,869 autoreload File /home/G1nxx/Projects/IGI/353502_BURCHUCK_5/IGI/LR5/Parking/p_env/lib/python3.13/site-packages/urllib3/util/retry.py first seen with mtime 1746920160.7662375
DEBUG 2025-05-11 13:26:49,869 autoreload File /home/G1nxx/Projects/IGI/353502_BURCHUCK_5/IGI/LR5/Parking/p_env/lib/python3.13/site-packages/requests/compat.py first seen with mtime 1746920160.8798301
DEBUG 2025-05-11 13:26:49,869 autoreload File /home/G1nxx/Projects/IGI/353502_BURCHUCK_5/IGI/LR5/Parking/p_env/lib/python3.13/site-packages/django/contrib/staticfiles/handlers.py first seen with mtime 1746826653.3031926
DEBUG 2025-05-11 13:26:49,870 autoreload File /home/G1nxx/Projects/IGI/353502_BURCHUCK_5/IGI/LR5/Parking/p_env/lib/python3.13/site-packages/django/core/files/storage/mixins.py first seen with mtime 1746826653.3061273
DEBUG 2025-05-11 13:26:49,870 autoreload File /home/G1nxx/Projects/IGI/353502_BURCHUCK_5/IGI/LR5/Parking/p_env/lib/python3.13/site-packages/django/template/backends/django.py first seen with mtime 1746826653.327581
DEBUG 2025-05-11 13:26:49,870 autoreload File /home/G1nxx/Projects/IGI/353502_BURCHUCK_5/IGI/LR5/Parking/p_env/lib/python3.13/site-packages/django/contrib/staticfiles/apps.py first seen with mtime 1746826653.3030365
DEBUG 2025-05-11 13:26:49,870 autoreload File /home/G1nxx/Projects/IGI/353502_BURCHUCK_5/IGI/LR5/Parking/p_env/lib/python3.13/site-packages/urllib3/poolmanager.py first seen with mtime 1746920160.7647512
DEBUG 2025-05-11 13:26:49,870 autoreload File /usr/lib/python3.13/http/server.py first seen with mtime 1744184665.0
DEBUG 2025-05-11 13:26:49,870 autoreload File /home/G1nxx/Projects/IGI/353502_BURCHUCK_5/IGI/LR5/Parking/p_env/lib/python3.13/site-packages/django/core/wsgi.py first seen with mtime 1746826653.3041742
DEBUG 2025-05-11 13:26:49,870 autoreload File /usr/lib/python3.13/email/_policybase.py first seen with mtime 1744184665.0
DEBUG 2025-05-11 13:26:49,870 autoreload File /usr/lib/python3.13/re/_casefix.py first seen with mtime 1744184665.0
DEBUG 2025-05-11 13:26:49,870 autoreload File /home/G1nxx/Projects/IGI/353502_BURCHUCK_5/IGI/LR5/Parking/p_env/lib/python3.13/site-packages/django/views/decorators/common.py first seen with mtime 1746826653.3327851
DEBUG 2025-05-11 13:26:49,870 autoreload File /home/G1nxx/Projects/IGI/353502_BURCHUCK_5/IGI/LR5/Parking/p_env/lib/python3.13/site-packages/django/template/defaulttags.py first seen with mtime 1746826653.326814
DEBUG 2025-05-11 13:26:49,870 autoreload File /home/G1nxx/Projects/IGI/353502_BURCHUCK_5/IGI/LR5/Parking/p_env/lib/python3.13/site-packages/django/templatetags/__init__.py first seen with mtime 1746826653.3279665
DEBUG 2025-05-11 13:26:49,870 autoreload File /home/G1nxx/Projects/IGI/353502_BURCHUCK_5/IGI/LR5/Parking/p_env/lib/python3.13/site-packages/django/core/checks/security/__init__.py first seen with mtime 1746826653.3052757
DEBUG 2025-05-11 13:26:49,870 autoreload File /home/G1nxx/Projects/IGI/353502_BURCHUCK_5/IGI/LR5/Parking/p_env/lib/python3.13/site-packages/django/db/models/aggregates.py first seen with mtime 1746826653.3158705
DEBUG 2025-05-11 13:26:49,870 autoreload File /usr/lib/python3.13/asyncio/tasks.py first seen with mtime 1744184665.0
DEBUG 2025-05-11 13:26:49,870 autoreload File /home/G1nxx/Projects/IGI/353502_BURCHUCK_5/IGI/LR5/Parking/p_env/lib/python3.13/site-packages/django/db/migrations/migration.py first seen with mtime 1746826653.3148713
DEBUG 2025-05-11 13:26:49,870 autoreload File /home/G1nxx/Projects/IGI/353502_BURCHUCK_5/IGI/LR5/Parking/p_env/lib/python3.13/site-packages/django/utils/dates.py first seen with mtime 1746826653.3303082
DEBUG 2025-05-11 13:26:49,870 autoreload File /home/G1nxx/Projects/IGI/353502_BURCHUCK_5/IGI/LR5/Parking/p_env/lib/python3.13/site-packages/django/utils/cache.py first seen with mtime 1746826653.3299284
DEBUG 2025-05-11 13:26:49,870 autoreload File /home/G1nxx/Projects/IGI/353502_BURCHUCK_5/IGI/LR5/Parking/p_env/lib/python3.13/site-packages/django/views/generic/detail.py first seen with mtime 1746826653.333258
DEBUG 2025-05-11 13:26:49,870 autoreload File /usr/lib/python3.13/email/message.py first seen with mtime 1744184665.0
DEBUG 2025-05-11 13:26:49,870 autoreload File /home/G1nxx/Projects/IGI/353502_BURCHUCK_5/IGI/LR5/Parking/p_env/lib/python3.13/site-packages/django/core/handlers/asgi.py first seen with mtime 1746826653.3064916
DEBUG 2025-05-11 13:26:49,870 autoreload File /home/G1nxx/Projects/IGI/353502_BURCHUCK_5/IGI/LR5/Parking/p_env/lib/python3.13/site-packages/django/contrib/admin/utils.py first seen with mtime 1746826653.126093
DEBUG 2025-05-11 13:26:49,870 autoreload File /home/G1nxx/Projects/IGI/353502_BURCHUCK_5/IGI/LR5/Parking/p_env/lib/python3.13/site-packages/django/db/migrations/exceptions.py first seen with mtime 1746826653.314559
DEBUG 2025-05-11 13:26:49,870 autoreload File /home/G1nxx/Projects/IGI/353502_BURCHUCK_5/IGI/LR5/Parking/p_env/lib/python3.13/site-packages/django/core/checks/async_checks.py first seen with mtime 1746826653.3047895
DEBUG 2025-05-11 13:26:49,870 autoreload File /home/G1nxx/Projects/IGI/353502_BURCHUCK_5/IGI/LR5/Parking/p_env/lib/python3.13/site-packages/django/utils/text.py first seen with mtime 1746826653.3316257
DEBUG 2025-05-11 13:26:49,870 autoreload File /home/G1nxx/Projects/IGI/353502_BURCHUCK_5/IGI/LR5/Parking/p_env/lib/python3.13/site-packages/urllib3/fields.py first seen with mtime 1746920160.764582
DEBUG 2025-05-11 13:26:49,870 autoreload File /home/G1nxx/Projects/IGI/353502_BURCHUCK_5/IGI/LR5/Parking/p_env/lib/python3.13/site-packages/urllib3/util/ssltransport.py first seen with mtime 1746920160.7664745
DEBUG 2025-05-11 13:26:49,870 autoreload File /home/G1nxx/Projects/IGI/353502_BURCHUCK_5/IGI/LR5/Parking/p_env/lib/python3.13/site-packages/django/db/models/functions/datetime.py first seen with mtime 1746826653.319139
DEBUG 2025-05-11 13:26:49,870 autoreload File /home/G1nxx/Projects/IGI/353502_BURCHUCK_5/IGI/LR5/Parking/p_env/lib/python3.13/site-packages/django/templatetags/l10n.py first seen with mtime 1746826653.328163
DEBUG 2025-05-11 13:26:49,870 autoreload File /home/G1nxx/Projects/IGI/353502_BURCHUCK_5/IGI/LR5/Parking/p_env/lib/python3.13/site-packages/django/contrib/admin/views/main.py first seen with mtime 1746826653.172641
DEBUG 2025-05-11 13:26:49,870 autoreload File /home/G1nxx/Projects/IGI/353502_BURCHUCK_5/IGI/LR5/Parking/p_env/lib/python3.13/site-packages/django/db/backends/sqlite3/_functions.py first seen with mtime 1746826653.313752
DEBUG 2025-05-11 13:26:49,870 autoreload File /usr/lib/python3.13/sysconfig/__init__.py first seen with mtime 1744184665.0
DEBUG 2025-05-11 13:26:49,870 autoreload File /usr/lib/python3.13/concurrent/futures/thread.py first seen with mtime 1744184665.0
DEBUG 2025-05-11 13:26:49,870 autoreload File /home/G1nxx/Projects/IGI/353502_BURCHUCK_5/IGI/LR5/Parking/p_env/lib/python3.13/site-packages/django/template/autoreload.py first seen with mtime 1746826653.3262572
DEBUG 2025-05-11 13:26:49,870 autoreload File /home/G1nxx/Projects/IGI/353502_BURCHUCK_5/IGI/LR5/Parking/p_env/lib/python3.13/site-packages/django/urls/exceptions.py first seen with mtime 1746826653.329418
DEBUG 2025-05-11 13:26:49,870 autoreload File /home/G1nxx/Projects/IGI/353502_BURCHUCK_5/IGI/LR5/Parking/p_env/lib/python3.13/site-packages/django/contrib/admin/filters.py first seen with mtime 1746826653.1250489
DEBUG 2025-05-11 13:26:49,870 autoreload File /home/G1nxx/Projects/IGI/353502_BURCHUCK_5/IGI/LR5/Parking/p_env/lib/python3.13/site-packages/django/views/generic/edit.py first seen with mtime 1746826653.3333137
DEBUG 2025-05-11 13:26:49,870 autoreload File /home/G1nxx/Projects/IGI/353502_BURCHUCK_5/IGI/LR5/Parking/p_env/lib/python3.13/site-packages/django/db/backends/base/features.py first seen with mtime 1746826653.3106334
DEBUG 2025-05-11 13:26:49,870 autoreload File /home/G1nxx/Projects/IGI/353502_BURCHUCK_5/IGI/LR5/Parking/p_env/lib/python3.13/site-packages/django/db/models/expressions.py first seen with mtime 1746826653.3166711
DEBUG 2025-05-11 13:26:49,870 autoreload File /usr/lib/python3.13/logging/handlers.py first seen with mtime 1744184665.0
DEBUG 2025-05-11 13:26:49,870 autoreload File /usr/lib/python3.13/urllib/__init__.py first seen with mtime 1744184665.0
DEBUG 2025-05-11 13:26:49,870 autoreload File /usr/lib/python3.13/lib-dynload/_heapq.cpython-313-x86_64-linux-gnu.so first seen with mtime 1744184665.0
DEBUG 2025-05-11 13:26:49,870 autoreload File /home/G1nxx/Projects/IGI/353502_BURCHUCK_5/IGI/LR5/Parking/p_env/lib/python3.13/site-packages/django/db/__init__.py first seen with mtime 1746826653.3099532
DEBUG 2025-05-11 13:26:49,870 autoreload File /usr/lib/python3.13/email/mime/__init__.py first seen with mtime 1744184665.0
DEBUG 2025-05-11 13:26:49,870 autoreload File /usr/lib/python3.13/importlib/metadata/__init__.py first seen with mtime 1744184665.0
DEBUG 2025-05-11 13:26:49,870 autoreload File /home/G1nxx/Projects/IGI/353502_BURCHUCK_5/IGI/LR5/Parking/p_env/lib/python3.13/site-packages/django/core/management/__init__.py first seen with mtime 1746826653.307408
DEBUG 2025-05-11 13:26:49,870 autoreload File /usr/lib/python3.13/socketserver.py first seen with mtime 1744184665.0
DEBUG 2025-05-11 13:26:49,870 autoreload File /home/G1nxx/Projects/IGI/353502_BURCHUCK_5/IGI/LR5/Parking/p_env/lib/python3.13/site-packages/django/utils/translation/reloader.py first seen with mtime 1746826653.3320572
DEBUG 2025-05-11 13:26:49,870 autoreload File /home/G1nxx/Projects/IGI/353502_BURCHUCK_5/IGI/LR5/Parking/p_env/lib/python3.13/site-packages/django/contrib/messages/constants.py first seen with mtime 1746826653.2605374
DEBUG 2025-05-11 13:26:49,870 autoreload File /home/G1nxx/Projects/IGI/353502_BURCHUCK_5/IGI/LR5/Parking/p_env/lib/python3.13/site-packages/django/contrib/auth/__init__.py first seen with mtime 1746826653.186819
DEBUG 2025-05-11 13:26:49,870 autoreload File /home/G1nxx/Projects/IGI/353502_BURCHUCK_5/IGI/LR5/Parking/p_env/lib/python3.13/site-packages/django/contrib/messages/storage/__init__.py first seen with mtime 1746826653.2607493
DEBUG 2025-05-11 13:26:49,870 autoreload File /usr/lib/python3.13/lib-dynload/_random.cpython-313-x86_64-linux-gnu.so first seen with mtime 1744184665.0
DEBUG 2025-05-11 13:26:49,870 autoreload File /home/G1nxx/Projects/IGI/353502_BURCHUCK_5/IGI/LR5/Parking/p_env/lib/python3.13/site-packages/django/utils/safestring.py first seen with mtime 1746826653.3314886
DEBUG 2025-05-11 13:26:49,870 autoreload File /home/G1nxx/Projects/IGI/353502_BURCHUCK_5/IGI/LR5/Parking/p_env/lib/python3.13/site-packages/django/contrib/auth/admin.py first seen with mtime 1746826653.186901
DEBUG 2025-05-11 13:26:49,870 autoreload File /home/G1nxx/Projects/IGI/353502_BURCHUCK_5/IGI/LR5/Parking/p_env/lib/python3.13/site-packages/sqlparse/__init__.py first seen with mtime 1746826653.0321329
DEBUG 2025-05-11 13:26:49,870 autoreload File /home/G1nxx/Projects/IGI/353502_BURCHUCK_5/IGI/LR5/Parking/p_env/lib/python3.13/site-packages/django/db/backends/signals.py first seen with mtime 1746826653.3102064
DEBUG 2025-05-11 13:26:49,870 autoreload File /home/G1nxx/Projects/IGI/353502_BURCHUCK_5/IGI/LR5/Parking/p_env/lib/python3.13/site-packages/django/db/models/base.py first seen with mtime 1746826653.316161
DEBUG 2025-05-11 13:26:49,870 autoreload File /home/G1nxx/Projects/IGI/353502_BURCHUCK_5/IGI/LR5/Parking/auto_car/views.py first seen with mtime 1746968535.4294195
DEBUG 2025-05-11 13:26:49,870 autoreload File /usr/lib/python3.13/sqlite3/dbapi2.py first seen with mtime 1744184665.0
DEBUG 2025-05-11 13:26:49,870 autoreload File /usr/lib/python3.13/platform.py first seen with mtime 1744184665.0
DEBUG 2025-05-11 13:26:49,870 autoreload File /home/G1nxx/Projects/IGI/353502_BURCHUCK_5/IGI/LR5/Parking/p_env/lib/python3.13/site-packages/sqlparse/filters/aligned_indent.py first seen with mtime 1746826653.0333014
DEBUG 2025-05-11 13:26:49,870 autoreload File /home/G1nxx/Projects/IGI/353502_BURCHUCK_5/IGI/LR5/Parking/p_env/lib/python3.13/site-packages/sqlparse/filters/reindent.py first seen with mtime 1746826653.033532
DEBUG 2025-05-11 13:26:49,870 autoreload File /home/G1nxx/Projects/IGI/353502_BURCHUCK_5/IGI/LR5/Parking/p_env/lib/python3.13/site-packages/django/core/signals.py first seen with mtime 1746826653.3039749
DEBUG 2025-05-11 13:26:49,871 autoreload File /home/G1nxx/Projects/IGI/353502_BURCHUCK_5/IGI/LR5/Parking/p_env/lib/python3.13/site-packages/django/contrib/messages/utils.py first seen with mtime 1746826653.260671
DEBUG 2025-05-11 13:26:49,871 autoreload File /usr/lib/python3.13/copy.py first seen with mtime 1744184665.0
DEBUG 2025-05-11 13:26:49,871 autoreload File /home/G1nxx/Projects/IGI/353502_BURCHUCK_5/IGI/LR5/Parking/p_env/lib/python3.13/site-packages/urllib3/util/response.py first seen with mtime 1746920160.7661412
DEBUG 2025-05-11 13:26:49,871 autoreload File /home/G1nxx/Projects/IGI/353502_BURCHUCK_5/IGI/LR5/Parking/p_env/lib/python3.13/site-packages/django/contrib/admin/__init__.py first seen with mtime 1746826653.1246653
DEBUG 2025-05-11 13:26:49,871 autoreload File /home/G1nxx/Projects/IGI/353502_BURCHUCK_5/IGI/LR5/Parking/p_env/lib/python3.13/site-packages/django/db/models/functions/comparison.py first seen with mtime 1746826653.3190732
DEBUG 2025-05-11 13:26:49,871 autoreload File /home/G1nxx/Projects/IGI/353502_BURCHUCK_5/IGI/LR5/Parking/p_env/lib/python3.13/site-packages/urllib3/http2/__init__.py first seen with mtime 1746920160.7656977
DEBUG 2025-05-11 13:26:49,871 autoreload File /usr/lib/python3.13/importlib/resources/readers.py first seen with mtime 1744184665.0
DEBUG 2025-05-11 13:26:49,871 autoreload File /home/G1nxx/Projects/IGI/353502_BURCHUCK_5/IGI/LR5/Parking/p_env/lib/python3.13/site-packages/django/db/backends/__init__.py first seen with mtime 1746826653.310087
DEBUG 2025-05-11 13:26:49,871 autoreload File /usr/lib/python3.13/collections/__init__.py first seen with mtime 1744184665.0
DEBUG 2025-05-11 13:26:49,871 autoreload File /home/G1nxx/Projects/IGI/353502_BURCHUCK_5/IGI/LR5/Parking/p_env/lib/python3.13/site-packages/django/db/models/sql/query.py first seen with mtime 1746826653.32043
DEBUG 2025-05-11 13:26:49,871 autoreload File /usr/lib/python3.13/fractions.py first seen with mtime 1744184665.0
DEBUG 2025-05-11 13:26:49,871 autoreload File /home/G1nxx/Projects/IGI/353502_BURCHUCK_5/IGI/LR5/Parking/p_env/lib/python3.13/site-packages/django/core/checks/translation.py first seen with mtime 1746826653.3051698
DEBUG 2025-05-11 13:26:49,871 autoreload File /home/G1nxx/Projects/IGI/353502_BURCHUCK_5/IGI/LR5/Parking/p_env/lib/python3.13/site-packages/django/db/models/sql/__init__.py first seen with mtime 1746826653.3194244
DEBUG 2025-05-11 13:26:49,871 autoreload File /home/G1nxx/Projects/IGI/353502_BURCHUCK_5/IGI/LR5/Parking/p_env/lib/python3.13/site-packages/django/forms/forms.py first seen with mtime 1746826653.321297
DEBUG 2025-05-11 13:26:49,871 autoreload File /home/G1nxx/Projects/IGI/353502_BURCHUCK_5/IGI/LR5/Parking/p_env/lib/python3.13/site-packages/asgiref/sync.py first seen with mtime 1746826653.0572398
DEBUG 2025-05-11 13:26:49,871 autoreload File /usr/lib/python3.13/bisect.py first seen with mtime 1744184665.0
DEBUG 2025-05-11 13:26:49,871 autoreload File /home/G1nxx/Projects/IGI/353502_BURCHUCK_5/IGI/LR5/Parking/p_env/lib/python3.13/site-packages/django/core/management/color.py first seen with mtime 1746826653.3076072
DEBUG 2025-05-11 13:26:49,871 autoreload File /home/G1nxx/Projects/IGI/353502_BURCHUCK_5/IGI/LR5/Parking/p_env/lib/python3.13/site-packages/django/db/models/functions/math.py first seen with mtime 1746826653.3192356
DEBUG 2025-05-11 13:26:49,871 autoreload File /home/G1nxx/Projects/IGI/353502_BURCHUCK_5/IGI/LR5/Parking/p_env/lib/python3.13/site-packages/django/db/backends/base/validation.py first seen with mtime 1746826653.3112187
DEBUG 2025-05-11 13:26:49,871 autoreload File /home/G1nxx/Projects/IGI/353502_BURCHUCK_5/IGI/LR5/Parking/p_env/lib/python3.13/site-packages/requests/_internal_utils.py first seen with mtime 1746920160.8794744
DEBUG 2025-05-11 13:26:49,871 autoreload File /home/G1nxx/Projects/IGI/353502_BURCHUCK_5/IGI/LR5/Parking/p_env/lib/python3.13/site-packages/django/core/checks/security/base.py first seen with mtime 1746826653.3053536
DEBUG 2025-05-11 13:26:49,871 autoreload File /usr/lib/python3.13/encodings/utf_8.py first seen with mtime 1744184665.0
DEBUG 2025-05-11 13:26:49,871 autoreload File /home/G1nxx/Projects/IGI/353502_BURCHUCK_5/IGI/LR5/Parking/p_env/lib/python3.13/site-packages/django/db/migrations/operations/fields.py first seen with mtime 1746826653.3155606
DEBUG 2025-05-11 13:26:49,871 autoreload File /usr/lib/python3.13/asyncio/futures.py first seen with mtime 1744184665.0
DEBUG 2025-05-11 13:26:49,871 autoreload File /home/G1nxx/Projects/IGI/353502_BURCHUCK_5/IGI/LR5/Parking/p_env/lib/python3.13/site-packages/django/core/cache/backends/filebased.py first seen with mtime 1746826653.3045526
DEBUG 2025-05-11 13:26:49,871 autoreload File /home/G1nxx/Projects/IGI/353502_BURCHUCK_5/IGI/LR5/Parking/p_env/lib/python3.13/site-packages/django/db/migrations/operations/models.py first seen with mtime 1746826653.3156774
DEBUG 2025-05-11 13:26:49,871 autoreload File /home/G1nxx/Projects/IGI/353502_BURCHUCK_5/IGI/LR5/Parking/p_env/lib/python3.13/site-packages/django/core/management/base.py first seen with mtime 1746826653.3075337
DEBUG 2025-05-11 13:26:49,871 autoreload File /usr/lib/python3.13/importlib/resources/_itertools.py first seen with mtime 1744184665.0
DEBUG 2025-05-11 13:26:49,871 autoreload File /home/G1nxx/Projects/IGI/353502_BURCHUCK_5/IGI/LR5/Parking/p_env/lib/python3.13/site-packages/urllib3/filepost.py first seen with mtime 1746920160.76464
DEBUG 2025-05-11 13:26:49,871 autoreload File /home/G1nxx/Projects/IGI/353502_BURCHUCK_5/IGI/LR5/Parking/p_env/lib/python3.13/site-packages/django/templatetags/tz.py first seen with mtime 1746826653.3282592
DEBUG 2025-05-11 13:26:49,871 autoreload File /home/G1nxx/Projects/IGI/353502_BURCHUCK_5/IGI/LR5/Parking/p_env/lib/python3.13/site-packages/django/db/models/sql/subqueries.py first seen with mtime 1746826653.3205812
DEBUG 2025-05-11 13:26:49,871 autoreload File /usr/lib/python3.13/lib-dynload/_sqlite3.cpython-313-x86_64-linux-gnu.so first seen with mtime 1744184665.0
DEBUG 2025-05-11 13:26:49,871 autoreload File /home/G1nxx/Projects/IGI/353502_BURCHUCK_5/IGI/LR5/Parking/p_env/lib/python3.13/site-packages/django/db/migrations/autodetector.py first seen with mtime 1746826653.3144972
DEBUG 2025-05-11 13:26:49,871 autoreload File /home/G1nxx/Projects/IGI/353502_BURCHUCK_5/IGI/LR5/Parking/p_env/lib/python3.13/site-packages/django/db/models/query.py first seen with mtime 1746826653.3173895
DEBUG 2025-05-11 13:26:49,871 autoreload File /usr/lib/python3.13/_sysconfigdata__linux_x86_64-linux-gnu.py first seen with mtime 1744184665.0
DEBUG 2025-05-11 13:26:49,871 autoreload File /home/G1nxx/Projects/IGI/353502_BURCHUCK_5/IGI/LR5/Parking/p_env/lib/python3.13/site-packages/django/template/utils.py first seen with mtime 1746826653.3273988
DEBUG 2025-05-11 13:26:49,871 autoreload File /usr/lib/python3.13/graphlib.py first seen with mtime 1744184665.0
DEBUG 2025-05-11 13:26:49,871 autoreload File /usr/lib/python3.13/glob.py first seen with mtime 1744184665.0
DEBUG 2025-05-11 13:26:49,871 autoreload File /usr/lib/python3.13/email/header.py first seen with mtime 1744184665.0
DEBUG 2025-05-11 13:26:49,871 autoreload File /usr/lib/python3.13/email/mime/base.py first seen with mtime 1744184665.0
DEBUG 2025-05-11 13:26:49,871 autoreload File /home/G1nxx/Projects/IGI/353502_BURCHUCK_5/IGI/LR5/Parking/p_env/lib/python3.13/site-packages/django/contrib/auth/validators.py first seen with mtime 1746826653.1879573
DEBUG 2025-05-11 13:26:49,871 autoreload File /home/G1nxx/Projects/IGI/353502_BURCHUCK_5/IGI/LR5/Parking/p_env/lib/python3.13/site-packages/django/db/backends/base/client.py first seen with mtime 1746826653.3104675
DEBUG 2025-05-11 13:26:49,871 autoreload File /home/G1nxx/Projects/IGI/353502_BURCHUCK_5/IGI/LR5/Parking/p_env/lib/python3.13/site-packages/django/db/models/fields/related_lookups.py first seen with mtime 1746826653.3188128
DEBUG 2025-05-11 13:26:49,871 autoreload File /home/G1nxx/Projects/IGI/353502_BURCHUCK_5/IGI/LR5/Parking/p_env/lib/python3.13/site-packages/urllib3/util/request.py first seen with mtime 1746920160.7660851
DEBUG 2025-05-11 13:26:49,871 autoreload File /home/G1nxx/Projects/IGI/353502_BURCHUCK_5/IGI/LR5/Parking/p_env/lib/python3.13/site-packages/requests/utils.py first seen with mtime 1746920160.8807678
DEBUG 2025-05-11 13:26:49,871 autoreload File /home/G1nxx/Projects/IGI/353502_BURCHUCK_5/IGI/LR5/Parking/p_env/lib/python3.13/site-packages/django/contrib/__init__.py first seen with mtime 1746826653.1245933
DEBUG 2025-05-11 13:26:49,871 autoreload File /usr/lib/python3.13/email/mime/nonmultipart.py first seen with mtime 1744184665.0
DEBUG 2025-05-11 13:26:49,871 autoreload File /home/G1nxx/Projects/IGI/353502_BURCHUCK_5/IGI/LR5/Parking/p_env/lib/python3.13/site-packages/django/contrib/admin/decorators.py first seen with mtime 1746826653.1249259
DEBUG 2025-05-11 13:26:49,871 autoreload File /usr/lib/python3.13/lib-dynload/_contextvars.cpython-313-x86_64-linux-gnu.so first seen with mtime 1744184665.0
DEBUG 2025-05-11 13:26:49,871 autoreload File /home/G1nxx/Projects/IGI/353502_BURCHUCK_5/IGI/LR5/Parking/p_env/lib/python3.13/site-packages/urllib3/connectionpool.py first seen with mtime 1746920160.764401
DEBUG 2025-05-11 13:26:49,871 autoreload File /usr/lib/python3.13/importlib/_abc.py first seen with mtime 1744184665.0
DEBUG 2025-05-11 13:26:49,871 autoreload File /usr/lib/python3.13/wsgiref/handlers.py first seen with mtime 1744184665.0
DEBUG 2025-05-11 13:26:49,871 autoreload File /home/G1nxx/Projects/IGI/353502_BURCHUCK_5/IGI/LR5/Parking/p_env/lib/python3.13/site-packages/idna/core.py first seen with mtime 1746920160.8090105
DEBUG 2025-05-11 13:26:49,871 autoreload File /home/G1nxx/Projects/IGI/353502_BURCHUCK_5/IGI/LR5/Parking/p_env/lib/python3.13/site-packages/requests/api.py first seen with mtime 1746920160.8796608
DEBUG 2025-05-11 13:26:49,871 autoreload File /home/G1nxx/Projects/IGI/353502_BURCHUCK_5/IGI/LR5/Parking/p_env/lib/python3.13/site-packages/charset_normalizer/utils.py first seen with mtime 1746920160.857556
DEBUG 2025-05-11 13:26:49,871 autoreload File /home/G1nxx/Projects/IGI/353502_BURCHUCK_5/IGI/LR5/Parking/p_env/lib/python3.13/site-packages/charset_normalizer/models.py first seen with mtime 1746920160.8575015
DEBUG 2025-05-11 13:26:49,871 autoreload File /home/G1nxx/Projects/IGI/353502_BURCHUCK_5/IGI/LR5/Parking/p_env/lib/python3.13/site-packages/urllib3/util/ssl_.py first seen with mtime 1746920160.766345
DEBUG 2025-05-11 13:26:49,871 autoreload File /home/G1nxx/Projects/IGI/353502_BURCHUCK_5/IGI/LR5/Parking/p_env/lib/python3.13/site-packages/django/contrib/auth/signals.py first seen with mtime 1746826653.187825
DEBUG 2025-05-11 13:26:49,871 autoreload File /home/G1nxx/Projects/IGI/353502_BURCHUCK_5/IGI/LR5/Parking/p_env/lib/python3.13/site-packages/urllib3/_collections.py first seen with mtime 1746920160.76368
DEBUG 2025-05-11 13:26:49,871 autoreload File /home/G1nxx/Projects/IGI/353502_BURCHUCK_5/IGI/LR5/Parking/p_env/lib/python3.13/site-packages/django/utils/functional.py first seen with mtime 1746826653.3308167
DEBUG 2025-05-11 13:26:49,871 autoreload File /home/G1nxx/Projects/IGI/353502_BURCHUCK_5/IGI/LR5/Parking/p_env/lib/python3.13/site-packages/django/db/migrations/serializer.py first seen with mtime 1746826653.315115
DEBUG 2025-05-11 13:26:49,871 autoreload File /home/G1nxx/Projects/IGI/353502_BURCHUCK_5/IGI/LR5/Parking/p_env/lib/python3.13/site-packages/asgiref/current_thread_executor.py first seen with mtime 1746826653.056976
DEBUG 2025-05-11 13:26:49,871 autoreload File /home/G1nxx/Projects/IGI/353502_BURCHUCK_5/IGI/LR5/Parking/p_env/lib/python3.13/site-packages/django/db/backends/sqlite3/schema.py first seen with mtime 1746826653.3142412
DEBUG 2025-05-11 13:26:49,871 autoreload File /home/G1nxx/Projects/IGI/353502_BURCHUCK_5/IGI/LR5/Parking/p_env/lib/python3.13/site-packages/django/db/migrations/optimizer.py first seen with mtime 1746826653.3149261
DEBUG 2025-05-11 13:26:49,872 autoreload File /home/G1nxx/Projects/IGI/353502_BURCHUCK_5/IGI/LR5/Parking/p_env/lib/python3.13/site-packages/django/contrib/contenttypes/models.py first seen with mtime 1746826653.2063835
DEBUG 2025-05-11 13:26:49,872 autoreload File /home/G1nxx/Projects/IGI/353502_BURCHUCK_5/IGI/LR5/Parking/p_env/lib/python3.13/site-packages/sqlparse/engine/__init__.py first seen with mtime 1746826653.0329952
DEBUG 2025-05-11 13:26:49,872 autoreload File /home/G1nxx/Projects/IGI/353502_BURCHUCK_5/IGI/LR5/Parking/p_env/lib/python3.13/site-packages/django/contrib/staticfiles/checks.py first seen with mtime 1746826653.3030708
DEBUG 2025-05-11 13:26:49,872 autoreload File /home/G1nxx/Projects/IGI/353502_BURCHUCK_5/IGI/LR5/Parking/p_env/lib/python3.13/site-packages/django/forms/fields.py first seen with mtime 1746826653.321197
DEBUG 2025-05-11 13:26:49,872 autoreload File /usr/lib/python3.13/concurrent/futures/__init__.py first seen with mtime 1744184665.0
DEBUG 2025-05-11 13:26:49,872 autoreload File /usr/lib/python3.13/typing.py first seen with mtime 1744184665.0
DEBUG 2025-05-11 13:26:49,872 autoreload File /usr/lib/python3.13/opcode.py first seen with mtime 1744184665.0
DEBUG 2025-05-11 13:26:49,872 autoreload File /home/G1nxx/Projects/IGI/353502_BURCHUCK_5/IGI/LR5/Parking/p_env/lib/python3.13/site-packages/django/core/handlers/__init__.py first seen with mtime 1746826653.3061273
DEBUG 2025-05-11 13:26:49,872 autoreload File /usr/lib/python3.13/_compat_pickle.py first seen with mtime 1744184665.0
DEBUG 2025-05-11 13:26:49,872 autoreload File /home/G1nxx/Projects/IGI/353502_BURCHUCK_5/IGI/LR5/Parking/p_env/lib/python3.13/site-packages/django/contrib/admin/templatetags/__init__.py first seen with mtime 1746826653.1720507
DEBUG 2025-05-11 13:26:49,872 autoreload File /home/G1nxx/Projects/IGI/353502_BURCHUCK_5/IGI/LR5/Parking/p_env/lib/python3.13/site-packages/django/db/models/fields/__init__.py first seen with mtime 1746826653.3178442
DEBUG 2025-05-11 13:26:49,872 autoreload File /home/G1nxx/Projects/IGI/353502_BURCHUCK_5/IGI/LR5/Parking/p_env/lib/python3.13/site-packages/requests/auth.py first seen with mtime 1746920160.8797383
DEBUG 2025-05-11 13:26:49,872 autoreload File /usr/lib/python3.13/asyncio/__init__.py first seen with mtime 1744184665.0
DEBUG 2025-05-11 13:26:49,872 autoreload File /home/G1nxx/Projects/IGI/353502_BURCHUCK_5/IGI/LR5/Parking/p_env/lib/python3.13/site-packages/urllib3/_base_connection.py first seen with mtime 1746920160.7635589
DEBUG 2025-05-11 13:26:49,872 autoreload File /home/G1nxx/Projects/IGI/353502_BURCHUCK_5/IGI/LR5/Parking/p_env/lib/python3.13/site-packages/django/http/__init__.py first seen with mtime 1746826653.3252423
DEBUG 2025-05-11 13:26:49,872 autoreload File /home/G1nxx/Projects/IGI/353502_BURCHUCK_5/IGI/LR5/Parking/p_env/lib/python3.13/site-packages/django/http/request.py first seen with mtime 1746826653.3255408
DEBUG 2025-05-11 13:26:49,872 autoreload File /home/G1nxx/Projects/IGI/353502_BURCHUCK_5/IGI/LR5/Parking/p_env/lib/python3.13/site-packages/django/db/backends/base/__init__.py first seen with mtime 1746826653.310271
DEBUG 2025-05-11 13:26:49,872 autoreload File /home/G1nxx/Projects/IGI/353502_BURCHUCK_5/IGI/LR5/Parking/p_env/lib/python3.13/site-packages/django/forms/formsets.py first seen with mtime 1746826653.3214025
DEBUG 2025-05-11 13:26:49,872 autoreload File /home/G1nxx/Projects/IGI/353502_BURCHUCK_5/IGI/LR5/Parking/p_env/lib/python3.13/site-packages/django/views/decorators/csrf.py first seen with mtime 1746826653.3328242
DEBUG 2025-05-11 13:26:49,872 autoreload File /home/G1nxx/Projects/IGI/353502_BURCHUCK_5/IGI/LR5/Parking/p_env/lib/python3.13/site-packages/urllib3/util/connection.py first seen with mtime 1746920160.7659516
DEBUG 2025-05-11 13:26:49,872 autoreload File /usr/lib/python3.13/importlib/resources/abc.py first seen with mtime 1744184665.0
DEBUG 2025-05-11 13:26:49,872 autoreload File /home/G1nxx/Projects/IGI/353502_BURCHUCK_5/IGI/LR5/Parking/p_env/lib/python3.13/site-packages/django/db/models/functions/mixins.py first seen with mtime 1746826653.3192773
DEBUG 2025-05-11 13:26:49,872 autoreload File /home/G1nxx/Projects/IGI/353502_BURCHUCK_5/IGI/LR5/Parking/p_env/lib/python3.13/site-packages/django/views/decorators/debug.py first seen with mtime 1746826653.3328729
DEBUG 2025-05-11 13:26:49,872 autoreload File /home/G1nxx/Projects/IGI/353502_BURCHUCK_5/IGI/LR5/Parking/p_env/lib/python3.13/site-packages/django/contrib/auth/models.py first seen with mtime 1746965773.8104188
DEBUG 2025-05-11 13:26:49,872 autoreload File /usr/lib/python3.13/warnings.py first seen with mtime 1744184665.0
DEBUG 2025-05-11 13:26:49,872 autoreload File /home/G1nxx/Projects/IGI/353502_BURCHUCK_5/IGI/LR5/Parking/p_env/lib/python3.13/site-packages/django/db/backends/utils.py first seen with mtime 1746826653.310271
DEBUG 2025-05-11 13:26:49,872 autoreload File /home/G1nxx/Projects/IGI/353502_BURCHUCK_5/IGI/LR5/Parking/p_env/lib/python3.13/site-packages/django/utils/encoding.py first seen with mtime 1746826653.3305852
DEBUG 2025-05-11 13:26:49,872 autoreload File /home/G1nxx/Projects/IGI/353502_BURCHUCK_5/IGI/LR5/Parking/p_env/lib/python3.13/site-packages/sqlparse/keywords.py first seen with mtime 1746826653.0325384
DEBUG 2025-05-11 13:26:49,872 autoreload File /usr/lib/python3.13/importlib/readers.py first seen with mtime 1744184665.0
DEBUG 2025-05-11 13:26:49,872 autoreload File /usr/lib/python3.13/_opcode_metadata.py first seen with mtime 1744184665.0
DEBUG 2025-05-11 13:26:49,872 autoreload File /usr/lib/python3.13/email/_header_value_parser.py first seen with mtime 1744184665.0
DEBUG 2025-05-11 13:26:49,872 autoreload File /home/G1nxx/Projects/IGI/353502_BURCHUCK_5/IGI/LR5/Parking/p_env/lib/python3.13/site-packages/django/db/models/enums.py first seen with mtime 1746826653.3164563
DEBUG 2025-05-11 13:26:49,872 autoreload File /home/G1nxx/Projects/IGI/353502_BURCHUCK_5/IGI/LR5/Parking/p_env/lib/python3.13/site-packages/django/db/backends/base/base.py first seen with mtime 1746826653.3104177
DEBUG 2025-05-11 13:26:49,872 autoreload File /home/G1nxx/Projects/IGI/353502_BURCHUCK_5/IGI/LR5/Parking/parking/settings.py first seen with mtime 1746970009.4090283
DEBUG 2025-05-11 13:26:49,872 autoreload File /usr/lib/python3.13/random.py first seen with mtime 1744184665.0
DEBUG 2025-05-11 13:26:49,872 autoreload File /usr/lib/python3.13/reprlib.py first seen with mtime 1744184665.0
DEBUG 2025-05-11 13:26:49,872 autoreload File /home/G1nxx/Projects/IGI/353502_BURCHUCK_5/IGI/LR5/Parking/p_env/lib/python3.13/site-packages/idna/intranges.py first seen with mtime 1746920160.8093088
DEBUG 2025-05-11 13:26:49,872 autoreload File /home/G1nxx/Projects/IGI/353502_BURCHUCK_5/IGI/LR5/Parking/p_env/lib/python3.13/site-packages/django/db/models/manager.py first seen with mtime 1746826653.3169432
DEBUG 2025-05-11 13:26:49,872 autoreload File /usr/lib/python3.13/hmac.py first seen with mtime 1744184665.0
DEBUG 2025-05-11 13:26:49,872 autoreload File /home/G1nxx/Projects/IGI/353502_BURCHUCK_5/IGI/LR5/Parking/p_env/lib/python3.13/site-packages/django/forms/__init__.py first seen with mtime 1746826653.3209655
DEBUG 2025-05-11 13:26:49,872 autoreload File /usr/lib/python3.13/lib-dynload/math.cpython-313-x86_64-linux-gnu.so first seen with mtime 1744184665.0
DEBUG 2025-05-11 13:26:49,872 autoreload File /usr/lib/python3.13/lib-dynload/_opcode.cpython-313-x86_64-linux-gnu.so first seen with mtime 1744184665.0
DEBUG 2025-05-11 13:26:49,872 autoreload File /home/G1nxx/Projects/IGI/353502_BURCHUCK_5/IGI/LR5/Parking/p_env/lib/python3.13/site-packages/django/db/models/deletion.py first seen with mtime 1746826653.316404
DEBUG 2025-05-11 13:26:49,872 autoreload File /home/G1nxx/Projects/IGI/353502_BURCHUCK_5/IGI/LR5/Parking/p_env/lib/python3.13/site-packages/django/db/models/fields/related.py first seen with mtime 1746826653.3185573
DEBUG 2025-05-11 13:26:49,872 autoreload File /usr/lib/python3.13/traceback.py first seen with mtime 1744184665.0
DEBUG 2025-05-11 13:26:49,872 autoreload File /home/G1nxx/Projects/IGI/353502_BURCHUCK_5/IGI/LR5/Parking/p_env/lib/python3.13/site-packages/django/core/mail/utils.py first seen with mtime 1746826653.3069994
DEBUG 2025-05-11 13:26:49,872 autoreload File /home/G1nxx/Projects/IGI/353502_BURCHUCK_5/IGI/LR5/Parking/p_env/lib/python3.13/site-packages/django/db/backends/sqlite3/__init__.py first seen with mtime 1746826653.3135905
DEBUG 2025-05-11 13:26:49,872 autoreload File /home/G1nxx/Projects/IGI/353502_BURCHUCK_5/IGI/LR5/Parking/p_env/lib/python3.13/site-packages/django/db/models/fields/composite.py first seen with mtime 1746826653.3179328
DEBUG 2025-05-11 13:26:49,872 autoreload File /home/G1nxx/Projects/IGI/353502_BURCHUCK_5/IGI/LR5/Parking/p_env/lib/python3.13/site-packages/django/utils/regex_helper.py first seen with mtime 1746826653.331442
DEBUG 2025-05-11 13:26:49,872 autoreload File /home/G1nxx/Projects/IGI/353502_BURCHUCK_5/IGI/LR5/Parking/p_env/lib/python3.13/site-packages/django/db/migrations/operations/base.py first seen with mtime 1746826653.3154976
DEBUG 2025-05-11 13:26:49,872 autoreload File /home/G1nxx/Projects/IGI/353502_BURCHUCK_5/IGI/LR5/Parking/auto_car/templates/auto_car first seen with mtime 1746836255.856178
DEBUG 2025-05-11 13:26:49,872 autoreload File /home/G1nxx/Projects/IGI/353502_BURCHUCK_5/IGI/LR5/Parking/auto_car/templates/auto_car/auth first seen with mtime 1746921669.867405
DEBUG 2025-05-11 13:26:49,872 autoreload File /home/G1nxx/Projects/IGI/353502_BURCHUCK_5/IGI/LR5/Parking/auto_car/templates/auto_car/client_dashboard.html first seen with mtime 1746834893.1647482
DEBUG 2025-05-11 13:26:49,873 autoreload File /home/G1nxx/Projects/IGI/353502_BURCHUCK_5/IGI/LR5/Parking/auto_car/templates/auto_car/index.html first seen with mtime 1746965714.9434178
DEBUG 2025-05-11 13:26:49,873 autoreload File /home/G1nxx/Projects/IGI/353502_BURCHUCK_5/IGI/LR5/Parking/auto_car/templates/auto_car/base.html first seen with mtime 1746968259.0738733
DEBUG 2025-05-11 13:26:49,873 autoreload File /home/G1nxx/Projects/IGI/353502_BURCHUCK_5/IGI/LR5/Parking/auto_car/templates/auto_car/employee_dashboard.html first seen with mtime 1746968313.7873082
DEBUG 2025-05-11 13:26:49,873 autoreload File /home/G1nxx/Projects/IGI/353502_BURCHUCK_5/IGI/LR5/Parking/auto_car/templates/auto_car/auth/login.html first seen with mtime 1746966517.4056296
DEBUG 2025-05-11 13:26:49,873 autoreload File /home/G1nxx/Projects/IGI/353502_BURCHUCK_5/IGI/LR5/Parking/auto_car/templates/auto_car/auth/signup.html first seen with mtime 1746966434.102718
DEBUG 2025-05-11 13:26:50,893 autoreload File /home/G1nxx/Projects/IGI/353502_BURCHUCK_5/IGI/LR5/Parking/p_env/lib/python3.13/site-packages/django/contrib/sessions/backends/db.py first seen with mtime 1746826653.282239
DEBUG 2025-05-11 13:26:50,893 autoreload File /home/G1nxx/Projects/IGI/353502_BURCHUCK_5/IGI/LR5/Parking/p_env/lib/python3.13/site-packages/django/contrib/admin/migrations/0002_logentry_remove_auto_add.py first seen with mtime 1746826653.1605508
DEBUG 2025-05-11 13:26:50,893 autoreload File /home/G1nxx/Projects/IGI/353502_BURCHUCK_5/IGI/LR5/Parking/p_env/lib/python3.13/site-packages/django/contrib/messages/middleware.py first seen with mtime 1746826653.260604
DEBUG 2025-05-11 13:26:50,893 autoreload File /home/G1nxx/Projects/IGI/353502_BURCHUCK_5/IGI/LR5/Parking/p_env/lib/python3.13/site-packages/django/contrib/auth/migrations/0002_alter_permission_name_max_length.py first seen with mtime 1746826653.205487
DEBUG 2025-05-11 13:26:50,893 autoreload File /home/G1nxx/Projects/IGI/353502_BURCHUCK_5/IGI/LR5/Parking/p_env/lib/python3.13/site-packages/django/contrib/admin/migrations/__init__.py first seen with mtime 1746826653.1605885
DEBUG 2025-05-11 13:26:50,893 autoreload File /home/G1nxx/Projects/IGI/353502_BURCHUCK_5/IGI/LR5/Parking/p_env/lib/python3.13/site-packages/django/contrib/auth/migrations/__init__.py first seen with mtime 1746826653.205869
DEBUG 2025-05-11 13:26:50,893 autoreload File /home/G1nxx/Projects/IGI/353502_BURCHUCK_5/IGI/LR5/Parking/p_env/lib/python3.13/site-packages/django/contrib/sessions/migrations/0001_initial.py first seen with mtime 1746826653.2926276
DEBUG 2025-05-11 13:26:50,893 autoreload File /home/G1nxx/Projects/IGI/353502_BURCHUCK_5/IGI/LR5/Parking/p_env/lib/python3.13/site-packages/django/contrib/auth/migrations/0001_initial.py first seen with mtime 1746826653.205446
DEBUG 2025-05-11 13:26:50,893 autoreload File /home/G1nxx/Projects/IGI/353502_BURCHUCK_5/IGI/LR5/Parking/p_env/lib/python3.13/site-packages/django/contrib/sessions/migrations/__init__.py first seen with mtime 1746826653.2926276
DEBUG 2025-05-11 13:26:50,893 autoreload File /home/G1nxx/Projects/IGI/353502_BURCHUCK_5/IGI/LR5/Parking/p_env/lib/python3.13/site-packages/django/contrib/auth/migrations/0009_alter_user_last_name_max_length.py first seen with mtime 1746826653.2057526
DEBUG 2025-05-11 13:26:50,893 autoreload File /home/G1nxx/Projects/IGI/353502_BURCHUCK_5/IGI/LR5/Parking/p_env/lib/python3.13/site-packages/django/middleware/clickjacking.py first seen with mtime 1746826653.3258302
DEBUG 2025-05-11 13:26:50,894 autoreload File /home/G1nxx/Projects/IGI/353502_BURCHUCK_5/IGI/LR5/Parking/p_env/lib/python3.13/site-packages/django/middleware/security.py first seen with mtime 1746826653.3261669
DEBUG 2025-05-11 13:26:50,894 autoreload File /home/G1nxx/Projects/IGI/353502_BURCHUCK_5/IGI/LR5/Parking/p_env/lib/python3.13/site-packages/django/db/models/sql/compiler.py first seen with mtime 1746826653.3196874
DEBUG 2025-05-11 13:26:50,894 autoreload File /home/G1nxx/Projects/IGI/353502_BURCHUCK_5/IGI/LR5/Parking/p_env/lib/python3.13/site-packages/django/contrib/contenttypes/migrations/__init__.py first seen with mtime 1746826653.2168138
DEBUG 2025-05-11 13:26:50,894 autoreload File /home/G1nxx/Projects/IGI/353502_BURCHUCK_5/IGI/LR5/Parking/p_env/lib/python3.13/site-packages/django/contrib/auth/backends.py first seen with mtime 1746826653.1870062
DEBUG 2025-05-11 13:26:50,894 autoreload File /home/G1nxx/Projects/IGI/353502_BURCHUCK_5/IGI/LR5/Parking/p_env/lib/python3.13/site-packages/django/contrib/auth/middleware.py first seen with mtime 1746826653.187593
DEBUG 2025-05-11 13:26:50,894 autoreload File /home/G1nxx/Projects/IGI/353502_BURCHUCK_5/IGI/LR5/Parking/p_env/lib/python3.13/site-packages/django/contrib/auth/views.py first seen with mtime 1746826653.1880229
DEBUG 2025-05-11 13:26:50,894 autoreload File /home/G1nxx/Projects/IGI/353502_BURCHUCK_5/IGI/LR5/Parking/p_env/lib/python3.13/site-packages/django/contrib/sessions/exceptions.py first seen with mtime 1746826653.2818263
DEBUG 2025-05-11 13:26:50,894 autoreload File /home/G1nxx/Projects/IGI/353502_BURCHUCK_5/IGI/LR5/Parking/p_env/lib/python3.13/site-packages/django/contrib/contenttypes/migrations/0002_remove_content_type_name.py first seen with mtime 1746826653.2168138
DEBUG 2025-05-11 13:26:50,894 autoreload File /home/G1nxx/Projects/IGI/353502_BURCHUCK_5/IGI/LR5/Parking/p_env/lib/python3.13/site-packages/django/contrib/sessions/backends/__init__.py first seen with mtime 1746826653.2819839
DEBUG 2025-05-11 13:26:50,894 autoreload File /home/G1nxx/Projects/IGI/353502_BURCHUCK_5/IGI/LR5/Parking/parking/wsgi.py first seen with mtime 1746826749.0883133
DEBUG 2025-05-11 13:26:50,894 autoreload File /home/G1nxx/Projects/IGI/353502_BURCHUCK_5/IGI/LR5/Parking/p_env/lib/python3.13/site-packages/django/contrib/admin/migrations/0003_logentry_add_action_flag_choices.py first seen with mtime 1746826653.1605885
DEBUG 2025-05-11 13:26:50,894 autoreload File /home/G1nxx/Projects/IGI/353502_BURCHUCK_5/IGI/LR5/Parking/p_env/lib/python3.13/site-packages/django/middleware/common.py first seen with mtime 1746826653.3259006
DEBUG 2025-05-11 13:26:50,894 autoreload File /home/G1nxx/Projects/IGI/353502_BURCHUCK_5/IGI/LR5/Parking/auto_car/migrations/__init__.py first seen with mtime 1746830712.9141982
DEBUG 2025-05-11 13:26:50,894 autoreload File /home/G1nxx/Projects/IGI/353502_BURCHUCK_5/IGI/LR5/Parking/p_env/lib/python3.13/site-packages/django/contrib/auth/migrations/0010_alter_group_name_max_length.py first seen with mtime 1746826653.2057855
DEBUG 2025-05-11 13:26:50,894 autoreload File /home/G1nxx/Projects/IGI/353502_BURCHUCK_5/IGI/LR5/Parking/p_env/lib/python3.13/site-packages/django/contrib/sessions/backends/base.py first seen with mtime 1746826653.282094
DEBUG 2025-05-11 13:26:50,894 autoreload File /home/G1nxx/Projects/IGI/353502_BURCHUCK_5/IGI/LR5/Parking/p_env/lib/python3.13/site-packages/django/contrib/auth/migrations/0005_alter_user_last_login_null.py first seen with mtime 1746826653.2056096
DEBUG 2025-05-11 13:26:50,894 autoreload File /home/G1nxx/Projects/IGI/353502_BURCHUCK_5/IGI/LR5/Parking/p_env/lib/python3.13/site-packages/django/contrib/auth/migrations/0003_alter_user_email_max_length.py first seen with mtime 1746826653.2055278
DEBUG 2025-05-11 13:26:50,894 autoreload File /home/G1nxx/Projects/IGI/353502_BURCHUCK_5/IGI/LR5/Parking/p_env/lib/python3.13/site-packages/django/conf/urls/__init__.py first seen with mtime 1746826653.1245227
DEBUG 2025-05-11 13:26:50,894 autoreload File /home/G1nxx/Projects/IGI/353502_BURCHUCK_5/IGI/LR5/Parking/p_env/lib/python3.13/site-packages/django/contrib/auth/migrations/0007_alter_validators_add_error_messages.py first seen with mtime 1746826653.205682
DEBUG 2025-05-11 13:26:50,894 autoreload File /home/G1nxx/Projects/IGI/353502_BURCHUCK_5/IGI/LR5/Parking/p_env/lib/python3.13/site-packages/django/contrib/auth/migrations/0008_alter_user_username_max_length.py first seen with mtime 1746826653.205719
DEBUG 2025-05-11 13:26:50,894 autoreload File /home/G1nxx/Projects/IGI/353502_BURCHUCK_5/IGI/LR5/Parking/p_env/lib/python3.13/site-packages/django/views/defaults.py first seen with mtime 1746826653.3325226
DEBUG 2025-05-11 13:26:50,895 autoreload File /home/G1nxx/Projects/IGI/353502_BURCHUCK_5/IGI/LR5/Parking/p_env/lib/python3.13/site-packages/django/contrib/contenttypes/migrations/0001_initial.py first seen with mtime 1746826653.2167718
DEBUG 2025-05-11 13:26:50,895 autoreload File /home/G1nxx/Projects/IGI/353502_BURCHUCK_5/IGI/LR5/Parking/p_env/lib/python3.13/site-packages/django/contrib/auth/migrations/0004_alter_user_username_opts.py first seen with mtime 1746826653.2055745
DEBUG 2025-05-11 13:26:50,895 autoreload File /home/G1nxx/Projects/IGI/353502_BURCHUCK_5/IGI/LR5/Parking/p_env/lib/python3.13/site-packages/django/contrib/sessions/middleware.py first seen with mtime 1746826653.281872
DEBUG 2025-05-11 13:26:50,895 autoreload File /home/G1nxx/Projects/IGI/353502_BURCHUCK_5/IGI/LR5/Parking/p_env/lib/python3.13/site-packages/django/core/cache/backends/locmem.py first seen with mtime 1746826653.3045974
DEBUG 2025-05-11 13:26:50,895 autoreload File /home/G1nxx/Projects/IGI/353502_BURCHUCK_5/IGI/LR5/Parking/p_env/lib/python3.13/site-packages/django/contrib/auth/migrations/0012_alter_user_first_name_max_length.py first seen with mtime 1746826653.205869
DEBUG 2025-05-11 13:26:50,895 autoreload File /home/G1nxx/Projects/IGI/353502_BURCHUCK_5/IGI/LR5/Parking/p_env/lib/python3.13/site-packages/django/contrib/admin/migrations/0001_initial.py first seen with mtime 1746826653.1605134
DEBUG 2025-05-11 13:26:50,895 autoreload File /home/G1nxx/Projects/IGI/353502_BURCHUCK_5/IGI/LR5/Parking/auto_car/migrations/0001_initial.py first seen with mtime 1746830712.9164038
DEBUG 2025-05-11 13:26:50,895 autoreload File /home/G1nxx/Projects/IGI/353502_BURCHUCK_5/IGI/LR5/Parking/auto_car/migrations/0002_user_alter_car_owners_delete_client.py first seen with mtime 1746835989.7562473
DEBUG 2025-05-11 13:26:50,895 autoreload File /home/G1nxx/Projects/IGI/353502_BURCHUCK_5/IGI/LR5/Parking/auto_car/migrations/0003_companyinfo_coupon_faq_news_vacancyinfo_and_more.py first seen with mtime 1746915679.4472933
DEBUG 2025-05-11 13:26:50,895 autoreload File /home/G1nxx/Projects/IGI/353502_BURCHUCK_5/IGI/LR5/Parking/p_env/lib/python3.13/site-packages/django/contrib/auth/migrations/0006_require_contenttypes_0002.py first seen with mtime 1746826653.2056434
DEBUG 2025-05-11 13:26:50,895 autoreload File /home/G1nxx/Projects/IGI/353502_BURCHUCK_5/IGI/LR5/Parking/p_env/lib/python3.13/site-packages/django/contrib/auth/migrations/0011_update_proxy_permissions.py first seen with mtime 1746826653.2058299
DEBUG 2025-05-11 13:26:50,895 autoreload File /home/G1nxx/Projects/IGI/353502_BURCHUCK_5/IGI/LR5/Parking/auto_car/migrations/0004_serviceuser_alter_car_owners_alter_review_customer_and_more.py first seen with mtime 1746962188.636561
DEBUG 2025-05-11 13:26:54,904 autoreload File /home/G1nxx/Projects/IGI/353502_BURCHUCK_5/IGI/LR5/Parking/parking/settings.py previous mtime: 1746970009.4090283, current mtime: 1746970014.2170494
DEBUG 2025-05-11 13:26:54,904 autoreload /home/G1nxx/Projects/IGI/353502_BURCHUCK_5/IGI/LR5/Parking/parking/settings.py notified as changed. Signal results: [(<function template_changed at 0x75dc73b70c20>, None), (<function translation_file_changed at 0x75dc73342160>, None)].
INFO 2025-05-11 13:26:54,904 autoreload /home/G1nxx/Projects/IGI/353502_BURCHUCK_5/IGI/LR5/Parking/parking/settings.py changed, reloading.
INFO 2025-05-11 13:26:57,420 autoreload Watching for file changes with StatReloader
INFO 2025-05-11 13:48:43,049 autoreload Watching for file changes with StatReloader
ERROR 2025-05-11 13:48:48,752 log Internal Server Error: /employee/
Traceback (most recent call last):
  File "/home/G1nxx/Projects/IGI/353502_BURCHUCK_5/IGI/LR5/Parking/p_env/lib/python3.13/site-packages/django/core/handlers/exception.py", line 55, in inner
    response = get_response(request)
  File "/home/G1nxx/Projects/IGI/353502_BURCHUCK_5/IGI/LR5/Parking/p_env/lib/python3.13/site-packages/django/core/handlers/base.py", line 197, in _get_response
    response = wrapped_callback(request, *callback_args, **callback_kwargs)
  File "/home/G1nxx/Projects/IGI/353502_BURCHUCK_5/IGI/LR5/Parking/p_env/lib/python3.13/site-packages/django/contrib/auth/decorators.py", line 59, in _view_wrapper
    return view_func(request, *args, **kwargs)
  File "/home/G1nxx/Projects/IGI/353502_BURCHUCK_5/IGI/LR5/Parking/auto_car/views.py", line 101, in employee_dashboard
    return render(request, 'auto_car/employee_dashboard.html', context)
  File "/home/G1nxx/Projects/IGI/353502_BURCHUCK_5/IGI/LR5/Parking/p_env/lib/python3.13/site-packages/django/shortcuts.py", line 25, in render
    content = loader.render_to_string(template_name, context, request, using=using)
  File "/home/G1nxx/Projects/IGI/353502_BURCHUCK_5/IGI/LR5/Parking/p_env/lib/python3.13/site-packages/django/template/loader.py", line 62, in render_to_string
    return template.render(context, request)
           ~~~~~~~~~~~~~~~^^^^^^^^^^^^^^^^^^
  File "/home/G1nxx/Projects/IGI/353502_BURCHUCK_5/IGI/LR5/Parking/p_env/lib/python3.13/site-packages/django/template/backends/django.py", line 107, in render
    return self.template.render(context)
           ~~~~~~~~~~~~~~~~~~~~^^^^^^^^^
  File "/home/G1nxx/Projects/IGI/353502_BURCHUCK_5/IGI/LR5/Parking/p_env/lib/python3.13/site-packages/django/template/base.py", line 171, in render
    return self._render(context)
           ~~~~~~~~~~~~^^^^^^^^^
  File "/home/G1nxx/Projects/IGI/353502_BURCHUCK_5/IGI/LR5/Parking/p_env/lib/python3.13/site-packages/django/template/base.py", line 163, in _render
    return self.nodelist.render(context)
           ~~~~~~~~~~~~~~~~~~~~^^^^^^^^^
  File "/home/G1nxx/Projects/IGI/353502_BURCHUCK_5/IGI/LR5/Parking/p_env/lib/python3.13/site-packages/django/template/base.py", line 1016, in render
    return SafeString("".join([node.render_annotated(context) for node in self]))
                               ~~~~~~~~~~~~~~~~~~~~~^^^^^^^^^
  File "/home/G1nxx/Projects/IGI/353502_BURCHUCK_5/IGI/LR5/Parking/p_env/lib/python3.13/site-packages/django/template/base.py", line 977, in render_annotated
    return self.render(context)
           ~~~~~~~~~~~^^^^^^^^^
  File "/home/G1nxx/Projects/IGI/353502_BURCHUCK_5/IGI/LR5/Parking/p_env/lib/python3.13/site-packages/django/template/loader_tags.py", line 159, in render
    return compiled_parent._render(context)
           ~~~~~~~~~~~~~~~~~~~~~~~^^^^^^^^^
  File "/home/G1nxx/Projects/IGI/353502_BURCHUCK_5/IGI/LR5/Parking/p_env/lib/python3.13/site-packages/django/template/base.py", line 163, in _render
    return self.nodelist.render(context)
           ~~~~~~~~~~~~~~~~~~~~^^^^^^^^^
  File "/home/G1nxx/Projects/IGI/353502_BURCHUCK_5/IGI/LR5/Parking/p_env/lib/python3.13/site-packages/django/template/base.py", line 1016, in render
    return SafeString("".join([node.render_annotated(context) for node in self]))
                               ~~~~~~~~~~~~~~~~~~~~~^^^^^^^^^
  File "/home/G1nxx/Projects/IGI/353502_BURCHUCK_5/IGI/LR5/Parking/p_env/lib/python3.13/site-packages/django/template/base.py", line 977, in render_annotated
    return self.render(context)
           ~~~~~~~~~~~^^^^^^^^^
  File "/home/G1nxx/Projects/IGI/353502_BURCHUCK_5/IGI/LR5/Parking/p_env/lib/python3.13/site-packages/django/template/defaulttags.py", line 480, in render
    url = reverse(view_name, args=args, kwargs=kwargs, current_app=current_app)
  File "/home/G1nxx/Projects/IGI/353502_BURCHUCK_5/IGI/LR5/Parking/p_env/lib/python3.13/site-packages/django/urls/base.py", line 98, in reverse
    resolved_url = resolver._reverse_with_prefix(view, prefix, *args, **kwargs)
  File "/home/G1nxx/Projects/IGI/353502_BURCHUCK_5/IGI/LR5/Parking/p_env/lib/python3.13/site-packages/django/urls/resolvers.py", line 831, in _reverse_with_prefix
    raise NoReverseMatch(msg)
django.urls.exceptions.NoReverseMatch: Reverse for 'about' not found. 'about' is not a valid view function or pattern name.
ERROR 2025-05-11 13:48:48,754 basehttp "GET /employee/ HTTP/1.1" 500 155674
ERROR 2025-05-11 13:48:55,391 log Internal Server Error: /login/
Traceback (most recent call last):
  File "/home/G1nxx/Projects/IGI/353502_BURCHUCK_5/IGI/LR5/Parking/p_env/lib/python3.13/site-packages/django/core/handlers/exception.py", line 55, in inner
    response = get_response(request)
  File "/home/G1nxx/Projects/IGI/353502_BURCHUCK_5/IGI/LR5/Parking/p_env/lib/python3.13/site-packages/django/core/handlers/base.py", line 197, in _get_response
    response = wrapped_callback(request, *callback_args, **callback_kwargs)
  File "/home/G1nxx/Projects/IGI/353502_BURCHUCK_5/IGI/LR5/Parking/auto_car/views.py", line 38, in login
    return render(request, 'auto_car/auth/login.html', {"fact": fact})
  File "/home/G1nxx/Projects/IGI/353502_BURCHUCK_5/IGI/LR5/Parking/p_env/lib/python3.13/site-packages/django/shortcuts.py", line 25, in render
    content = loader.render_to_string(template_name, context, request, using=using)
  File "/home/G1nxx/Projects/IGI/353502_BURCHUCK_5/IGI/LR5/Parking/p_env/lib/python3.13/site-packages/django/template/loader.py", line 62, in render_to_string
    return template.render(context, request)
           ~~~~~~~~~~~~~~~^^^^^^^^^^^^^^^^^^
  File "/home/G1nxx/Projects/IGI/353502_BURCHUCK_5/IGI/LR5/Parking/p_env/lib/python3.13/site-packages/django/template/backends/django.py", line 107, in render
    return self.template.render(context)
           ~~~~~~~~~~~~~~~~~~~~^^^^^^^^^
  File "/home/G1nxx/Projects/IGI/353502_BURCHUCK_5/IGI/LR5/Parking/p_env/lib/python3.13/site-packages/django/template/base.py", line 171, in render
    return self._render(context)
           ~~~~~~~~~~~~^^^^^^^^^
  File "/home/G1nxx/Projects/IGI/353502_BURCHUCK_5/IGI/LR5/Parking/p_env/lib/python3.13/site-packages/django/template/base.py", line 163, in _render
    return self.nodelist.render(context)
           ~~~~~~~~~~~~~~~~~~~~^^^^^^^^^
  File "/home/G1nxx/Projects/IGI/353502_BURCHUCK_5/IGI/LR5/Parking/p_env/lib/python3.13/site-packages/django/template/base.py", line 1016, in render
    return SafeString("".join([node.render_annotated(context) for node in self]))
                               ~~~~~~~~~~~~~~~~~~~~~^^^^^^^^^
  File "/home/G1nxx/Projects/IGI/353502_BURCHUCK_5/IGI/LR5/Parking/p_env/lib/python3.13/site-packages/django/template/base.py", line 977, in render_annotated
    return self.render(context)
           ~~~~~~~~~~~^^^^^^^^^
  File "/home/G1nxx/Projects/IGI/353502_BURCHUCK_5/IGI/LR5/Parking/p_env/lib/python3.13/site-packages/django/template/loader_tags.py", line 159, in render
    return compiled_parent._render(context)
           ~~~~~~~~~~~~~~~~~~~~~~~^^^^^^^^^
  File "/home/G1nxx/Projects/IGI/353502_BURCHUCK_5/IGI/LR5/Parking/p_env/lib/python3.13/site-packages/django/template/base.py", line 163, in _render
    return self.nodelist.render(context)
           ~~~~~~~~~~~~~~~~~~~~^^^^^^^^^
  File "/home/G1nxx/Projects/IGI/353502_BURCHUCK_5/IGI/LR5/Parking/p_env/lib/python3.13/site-packages/django/template/base.py", line 1016, in render
    return SafeString("".join([node.render_annotated(context) for node in self]))
                               ~~~~~~~~~~~~~~~~~~~~~^^^^^^^^^
  File "/home/G1nxx/Projects/IGI/353502_BURCHUCK_5/IGI/LR5/Parking/p_env/lib/python3.13/site-packages/django/template/base.py", line 977, in render_annotated
    return self.render(context)
           ~~~~~~~~~~~^^^^^^^^^
  File "/home/G1nxx/Projects/IGI/353502_BURCHUCK_5/IGI/LR5/Parking/p_env/lib/python3.13/site-packages/django/template/defaulttags.py", line 480, in render
    url = reverse(view_name, args=args, kwargs=kwargs, current_app=current_app)
  File "/home/G1nxx/Projects/IGI/353502_BURCHUCK_5/IGI/LR5/Parking/p_env/lib/python3.13/site-packages/django/urls/base.py", line 98, in reverse
    resolved_url = resolver._reverse_with_prefix(view, prefix, *args, **kwargs)
  File "/home/G1nxx/Projects/IGI/353502_BURCHUCK_5/IGI/LR5/Parking/p_env/lib/python3.13/site-packages/django/urls/resolvers.py", line 831, in _reverse_with_prefix
    raise NoReverseMatch(msg)
django.urls.exceptions.NoReverseMatch: Reverse for 'about' not found. 'about' is not a valid view function or pattern name.
ERROR 2025-05-11 13:48:55,392 basehttp "GET /login/ HTTP/1.1" 500 153531
ERROR 2025-05-11 13:48:58,269 log Internal Server Error: /
Traceback (most recent call last):
  File "/home/G1nxx/Projects/IGI/353502_BURCHUCK_5/IGI/LR5/Parking/p_env/lib/python3.13/site-packages/django/core/handlers/exception.py", line 55, in inner
    response = get_response(request)
  File "/home/G1nxx/Projects/IGI/353502_BURCHUCK_5/IGI/LR5/Parking/p_env/lib/python3.13/site-packages/django/core/handlers/base.py", line 197, in _get_response
    response = wrapped_callback(request, *callback_args, **callback_kwargs)
  File "/home/G1nxx/Projects/IGI/353502_BURCHUCK_5/IGI/LR5/Parking/auto_car/views.py", line 15, in index
    return render(request, 'auto_car/index.html')
  File "/home/G1nxx/Projects/IGI/353502_BURCHUCK_5/IGI/LR5/Parking/p_env/lib/python3.13/site-packages/django/shortcuts.py", line 25, in render
    content = loader.render_to_string(template_name, context, request, using=using)
  File "/home/G1nxx/Projects/IGI/353502_BURCHUCK_5/IGI/LR5/Parking/p_env/lib/python3.13/site-packages/django/template/loader.py", line 62, in render_to_string
    return template.render(context, request)
           ~~~~~~~~~~~~~~~^^^^^^^^^^^^^^^^^^
  File "/home/G1nxx/Projects/IGI/353502_BURCHUCK_5/IGI/LR5/Parking/p_env/lib/python3.13/site-packages/django/template/backends/django.py", line 107, in render
    return self.template.render(context)
           ~~~~~~~~~~~~~~~~~~~~^^^^^^^^^
  File "/home/G1nxx/Projects/IGI/353502_BURCHUCK_5/IGI/LR5/Parking/p_env/lib/python3.13/site-packages/django/template/base.py", line 171, in render
    return self._render(context)
           ~~~~~~~~~~~~^^^^^^^^^
  File "/home/G1nxx/Projects/IGI/353502_BURCHUCK_5/IGI/LR5/Parking/p_env/lib/python3.13/site-packages/django/template/base.py", line 163, in _render
    return self.nodelist.render(context)
           ~~~~~~~~~~~~~~~~~~~~^^^^^^^^^
  File "/home/G1nxx/Projects/IGI/353502_BURCHUCK_5/IGI/LR5/Parking/p_env/lib/python3.13/site-packages/django/template/base.py", line 1016, in render
    return SafeString("".join([node.render_annotated(context) for node in self]))
                               ~~~~~~~~~~~~~~~~~~~~~^^^^^^^^^
  File "/home/G1nxx/Projects/IGI/353502_BURCHUCK_5/IGI/LR5/Parking/p_env/lib/python3.13/site-packages/django/template/base.py", line 977, in render_annotated
    return self.render(context)
           ~~~~~~~~~~~^^^^^^^^^
  File "/home/G1nxx/Projects/IGI/353502_BURCHUCK_5/IGI/LR5/Parking/p_env/lib/python3.13/site-packages/django/template/loader_tags.py", line 159, in render
    return compiled_parent._render(context)
           ~~~~~~~~~~~~~~~~~~~~~~~^^^^^^^^^
  File "/home/G1nxx/Projects/IGI/353502_BURCHUCK_5/IGI/LR5/Parking/p_env/lib/python3.13/site-packages/django/template/base.py", line 163, in _render
    return self.nodelist.render(context)
           ~~~~~~~~~~~~~~~~~~~~^^^^^^^^^
  File "/home/G1nxx/Projects/IGI/353502_BURCHUCK_5/IGI/LR5/Parking/p_env/lib/python3.13/site-packages/django/template/base.py", line 1016, in render
    return SafeString("".join([node.render_annotated(context) for node in self]))
                               ~~~~~~~~~~~~~~~~~~~~~^^^^^^^^^
  File "/home/G1nxx/Projects/IGI/353502_BURCHUCK_5/IGI/LR5/Parking/p_env/lib/python3.13/site-packages/django/template/base.py", line 977, in render_annotated
    return self.render(context)
           ~~~~~~~~~~~^^^^^^^^^
  File "/home/G1nxx/Projects/IGI/353502_BURCHUCK_5/IGI/LR5/Parking/p_env/lib/python3.13/site-packages/django/template/defaulttags.py", line 480, in render
    url = reverse(view_name, args=args, kwargs=kwargs, current_app=current_app)
  File "/home/G1nxx/Projects/IGI/353502_BURCHUCK_5/IGI/LR5/Parking/p_env/lib/python3.13/site-packages/django/urls/base.py", line 98, in reverse
    resolved_url = resolver._reverse_with_prefix(view, prefix, *args, **kwargs)
  File "/home/G1nxx/Projects/IGI/353502_BURCHUCK_5/IGI/LR5/Parking/p_env/lib/python3.13/site-packages/django/urls/resolvers.py", line 831, in _reverse_with_prefix
    raise NoReverseMatch(msg)
django.urls.exceptions.NoReverseMatch: Reverse for 'about' not found. 'about' is not a valid view function or pattern name.
ERROR 2025-05-11 13:48:58,271 basehttp "GET / HTTP/1.1" 500 150917
INFO 2025-05-11 13:51:07,510 autoreload /home/G1nxx/Projects/IGI/353502_BURCHUCK_5/IGI/LR5/Parking/auto_car/urls.py changed, reloading.
INFO 2025-05-11 13:51:07,713 autoreload Watching for file changes with StatReloader
INFO 2025-05-11 13:51:51,812 autoreload /home/G1nxx/Projects/IGI/353502_BURCHUCK_5/IGI/LR5/Parking/auto_car/urls.py changed, reloading.
INFO 2025-05-11 13:51:51,981 autoreload Watching for file changes with StatReloader
INFO 2025-05-11 13:51:57,011 autoreload /home/G1nxx/Projects/IGI/353502_BURCHUCK_5/IGI/LR5/Parking/auto_car/urls.py changed, reloading.
INFO 2025-05-11 13:51:57,207 autoreload Watching for file changes with StatReloader
INFO 2025-05-11 13:51:59,235 autoreload /home/G1nxx/Projects/IGI/353502_BURCHUCK_5/IGI/LR5/Parking/auto_car/urls.py changed, reloading.
INFO 2025-05-11 13:51:59,415 autoreload Watching for file changes with StatReloader
INFO 2025-05-11 13:52:04,446 autoreload /home/G1nxx/Projects/IGI/353502_BURCHUCK_5/IGI/LR5/Parking/auto_car/urls.py changed, reloading.
INFO 2025-05-11 13:52:04,625 autoreload Watching for file changes with StatReloader
INFO 2025-05-11 13:52:11,660 autoreload /home/G1nxx/Projects/IGI/353502_BURCHUCK_5/IGI/LR5/Parking/auto_car/urls.py changed, reloading.
INFO 2025-05-11 13:52:11,839 autoreload Watching for file changes with StatReloader
INFO 2025-05-11 13:52:16,872 autoreload /home/G1nxx/Projects/IGI/353502_BURCHUCK_5/IGI/LR5/Parking/auto_car/urls.py changed, reloading.
INFO 2025-05-11 13:52:17,057 autoreload Watching for file changes with StatReloader
INFO 2025-05-11 13:53:30,415 autoreload Watching for file changes with StatReloader
INFO 2025-05-11 13:56:31,848 autoreload Watching for file changes with StatReloader
INFO 2025-05-11 13:56:38,948 autoreload /home/G1nxx/Projects/IGI/353502_BURCHUCK_5/IGI/LR5/Parking/auto_car/urls.py changed, reloading.
INFO 2025-05-11 13:56:39,147 autoreload Watching for file changes with StatReloader
INFO 2025-05-11 13:56:42,241 autoreload /home/G1nxx/Projects/IGI/353502_BURCHUCK_5/IGI/LR5/Parking/auto_car/urls.py changed, reloading.
INFO 2025-05-11 13:56:42,439 autoreload Watching for file changes with StatReloader
INFO 2025-05-11 13:56:49,922 basehttp "GET / HTTP/1.1" 200 2186
INFO 2025-05-11 13:57:47,280 basehttp "GET / HTTP/1.1" 200 2201
INFO 2025-05-11 13:58:08,297 basehttp "GET / HTTP/1.1" 200 2223
ERROR 2025-05-11 13:58:11,926 log Internal Server Error: /privacy/
Traceback (most recent call last):
  File "/home/G1nxx/Projects/IGI/353502_BURCHUCK_5/IGI/LR5/Parking/p_env/lib/python3.13/site-packages/django/core/handlers/exception.py", line 55, in inner
    response = get_response(request)
  File "/home/G1nxx/Projects/IGI/353502_BURCHUCK_5/IGI/LR5/Parking/p_env/lib/python3.13/site-packages/django/core/handlers/base.py", line 204, in _get_response
    self.check_response(response, callback)
    ~~~~~~~~~~~~~~~~~~~^^^^^^^^^^^^^^^^^^^^
  File "/home/G1nxx/Projects/IGI/353502_BURCHUCK_5/IGI/LR5/Parking/p_env/lib/python3.13/site-packages/django/core/handlers/base.py", line 332, in check_response
    raise ValueError(
    ...<2 lines>...
    )
ValueError: The view auto_car.views.privacy didn't return an HttpResponse object. It returned None instead.
ERROR 2025-05-11 13:58:11,927 basehttp "GET /privacy/ HTTP/1.1" 500 78654
ERROR 2025-05-11 13:58:13,570 log Internal Server Error: /privacy/
Traceback (most recent call last):
  File "/home/G1nxx/Projects/IGI/353502_BURCHUCK_5/IGI/LR5/Parking/p_env/lib/python3.13/site-packages/django/core/handlers/exception.py", line 55, in inner
    response = get_response(request)
  File "/home/G1nxx/Projects/IGI/353502_BURCHUCK_5/IGI/LR5/Parking/p_env/lib/python3.13/site-packages/django/core/handlers/base.py", line 204, in _get_response
    self.check_response(response, callback)
    ~~~~~~~~~~~~~~~~~~~^^^^^^^^^^^^^^^^^^^^
  File "/home/G1nxx/Projects/IGI/353502_BURCHUCK_5/IGI/LR5/Parking/p_env/lib/python3.13/site-packages/django/core/handlers/base.py", line 332, in check_response
    raise ValueError(
    ...<2 lines>...
    )
ValueError: The view auto_car.views.privacy didn't return an HttpResponse object. It returned None instead.
ERROR 2025-05-11 13:58:13,571 basehttp "GET /privacy/ HTTP/1.1" 500 78654
INFO 2025-05-11 13:58:30,865 basehttp "GET / HTTP/1.1" 200 2238
INFO 2025-05-11 14:00:13,553 basehttp "GET / HTTP/1.1" 200 2268
INFO 2025-05-11 14:00:53,278 basehttp "GET / HTTP/1.1" 200 2246
INFO 2025-05-11 14:01:00,546 basehttp "GET / HTTP/1.1" 200 2246
INFO 2025-05-11 14:01:33,140 basehttp "GET / HTTP/1.1" 200 2246
INFO 2025-05-11 14:01:48,579 basehttp "GET / HTTP/1.1" 200 2223
INFO 2025-05-11 14:01:51,581 basehttp "GET /employee/ HTTP/1.1" 200 1888
INFO 2025-05-11 14:03:11,483 autoreload /home/G1nxx/Projects/IGI/353502_BURCHUCK_5/IGI/LR5/Parking/auto_car/views.py changed, reloading.
INFO 2025-05-11 14:03:11,690 autoreload Watching for file changes with StatReloader
INFO 2025-05-11 14:03:14,781 autoreload /home/G1nxx/Projects/IGI/353502_BURCHUCK_5/IGI/LR5/Parking/auto_car/views.py changed, reloading.
INFO 2025-05-11 14:03:14,976 autoreload Watching for file changes with StatReloader
INFO 2025-05-11 14:03:16,001 autoreload /home/G1nxx/Projects/IGI/353502_BURCHUCK_5/IGI/LR5/Parking/auto_car/views.py changed, reloading.
INFO 2025-05-11 14:03:16,186 autoreload Watching for file changes with StatReloader
INFO 2025-05-11 14:03:18,273 autoreload /home/G1nxx/Projects/IGI/353502_BURCHUCK_5/IGI/LR5/Parking/auto_car/views.py changed, reloading.
INFO 2025-05-11 14:03:18,464 autoreload Watching for file changes with StatReloader
INFO 2025-05-11 14:03:23,563 autoreload /home/G1nxx/Projects/IGI/353502_BURCHUCK_5/IGI/LR5/Parking/auto_car/views.py changed, reloading.
INFO 2025-05-11 14:03:23,750 autoreload Watching for file changes with StatReloader
INFO 2025-05-11 14:03:25,836 autoreload /home/G1nxx/Projects/IGI/353502_BURCHUCK_5/IGI/LR5/Parking/auto_car/views.py changed, reloading.
INFO 2025-05-11 14:03:26,042 autoreload Watching for file changes with StatReloader
INFO 2025-05-11 14:03:30,152 autoreload /home/G1nxx/Projects/IGI/353502_BURCHUCK_5/IGI/LR5/Parking/auto_car/views.py changed, reloading.
INFO 2025-05-11 14:03:30,361 autoreload Watching for file changes with StatReloader
INFO 2025-05-11 14:03:31,458 autoreload /home/G1nxx/Projects/IGI/353502_BURCHUCK_5/IGI/LR5/Parking/auto_car/views.py changed, reloading.
INFO 2025-05-11 14:03:31,652 autoreload Watching for file changes with StatReloader
INFO 2025-05-11 14:03:32,760 autoreload /home/G1nxx/Projects/IGI/353502_BURCHUCK_5/IGI/LR5/Parking/auto_car/views.py changed, reloading.
INFO 2025-05-11 14:03:32,951 autoreload Watching for file changes with StatReloader
INFO 2025-05-11 14:03:34,057 autoreload /home/G1nxx/Projects/IGI/353502_BURCHUCK_5/IGI/LR5/Parking/auto_car/views.py changed, reloading.
INFO 2025-05-11 14:03:34,249 autoreload Watching for file changes with StatReloader
INFO 2025-05-11 14:03:35,350 autoreload /home/G1nxx/Projects/IGI/353502_BURCHUCK_5/IGI/LR5/Parking/auto_car/views.py changed, reloading.
INFO 2025-05-11 14:03:35,550 autoreload Watching for file changes with StatReloader
INFO 2025-05-11 14:03:36,655 autoreload /home/G1nxx/Projects/IGI/353502_BURCHUCK_5/IGI/LR5/Parking/auto_car/views.py changed, reloading.
INFO 2025-05-11 14:03:36,861 autoreload Watching for file changes with StatReloader
INFO 2025-05-11 14:03:37,958 autoreload /home/G1nxx/Projects/IGI/353502_BURCHUCK_5/IGI/LR5/Parking/auto_car/views.py changed, reloading.
INFO 2025-05-11 14:03:38,164 autoreload Watching for file changes with StatReloader
INFO 2025-05-11 14:03:39,267 autoreload /home/G1nxx/Projects/IGI/353502_BURCHUCK_5/IGI/LR5/Parking/auto_car/views.py changed, reloading.
INFO 2025-05-11 14:03:39,498 autoreload Watching for file changes with StatReloader
INFO 2025-05-11 14:03:46,612 autoreload /home/G1nxx/Projects/IGI/353502_BURCHUCK_5/IGI/LR5/Parking/auto_car/views.py changed, reloading.
INFO 2025-05-11 14:03:46,824 autoreload Watching for file changes with StatReloader
INFO 2025-05-11 14:04:02,961 autoreload /home/G1nxx/Projects/IGI/353502_BURCHUCK_5/IGI/LR5/Parking/auto_car/views.py changed, reloading.
INFO 2025-05-11 14:04:03,148 autoreload Watching for file changes with StatReloader
INFO 2025-05-11 14:11:07,666 basehttp "GET /news/ HTTP/1.1" 200 1888
INFO 2025-05-11 14:11:08,799 basehttp "GET /glossary/ HTTP/1.1" 200 1888
INFO 2025-05-11 14:11:09,624 basehttp "GET /contacts/ HTTP/1.1" 200 1888
INFO 2025-05-11 14:11:10,371 basehttp "GET /about/ HTTP/1.1" 200 1888
INFO 2025-05-11 14:11:10,833 basehttp "GET /privacy/ HTTP/1.1" 200 1888
INFO 2025-05-11 14:11:11,350 basehttp "GET /vacancies/ HTTP/1.1" 200 1888
INFO 2025-05-11 14:11:11,796 basehttp "GET /reviews/ HTTP/1.1" 200 1888
INFO 2025-05-11 14:11:12,295 basehttp "GET /promocodes/ HTTP/1.1" 200 1888
INFO 2025-05-11 16:10:33,388 autoreload Watching for file changes with StatReloader
INFO 2025-05-11 16:10:49,953 autoreload /home/G1nxx/Projects/IGI/353502_BURCHUCK_5/IGI/LR5/Parking/auto_car/repository/company.py changed, reloading.
INFO 2025-05-11 16:10:51,085 autoreload Watching for file changes with StatReloader
INFO 2025-05-11 16:11:05,087 basehttp "GET /about/ HTTP/1.1" 200 1959
INFO 2025-05-11 16:11:45,495 basehttp "GET /admin/ HTTP/1.1" 200 4520
INFO 2025-05-11 16:11:45,695 basehttp "GET /static/admin/css/base.css HTTP/1.1" 304 0
INFO 2025-05-11 16:11:45,705 basehttp "GET /static/admin/js/nav_sidebar.js HTTP/1.1" 304 0
INFO 2025-05-11 16:11:45,708 basehttp "GET /static/admin/css/dark_mode.css HTTP/1.1" 304 0
INFO 2025-05-11 16:11:45,710 basehttp "GET /static/admin/js/theme.js HTTP/1.1" 304 0
INFO 2025-05-11 16:11:45,718 basehttp "GET /static/admin/css/nav_sidebar.css HTTP/1.1" 304 0
INFO 2025-05-11 16:11:45,726 basehttp "GET /static/admin/css/dashboard.css HTTP/1.1" 304 0
INFO 2025-05-11 16:11:45,728 basehttp "GET /static/admin/css/responsive.css HTTP/1.1" 304 0
INFO 2025-05-11 16:11:54,225 basehttp "POST /admin/logout/ HTTP/1.1" 200 3568
INFO 2025-05-11 16:11:56,083 basehttp "GET /admin/ HTTP/1.1" 302 0
INFO 2025-05-11 16:11:56,150 basehttp "GET /admin/login/?next=/admin/ HTTP/1.1" 200 4173
INFO 2025-05-11 16:11:56,308 basehttp "GET /static/admin/css/login.css HTTP/1.1" 304 0
INFO 2025-05-11 16:12:06,377 basehttp "POST /admin/login/?next=/admin/ HTTP/1.1" 302 0
INFO 2025-05-11 16:12:06,454 basehttp "GET /admin/ HTTP/1.1" 200 17881
INFO 2025-05-11 16:12:06,727 basehttp "GET /static/admin/img/icon-changelink.svg HTTP/1.1" 200 380
INFO 2025-05-11 16:12:06,729 basehttp "GET /static/admin/img/icon-addlink.svg HTTP/1.1" 200 331
INFO 2025-05-11 16:13:14,388 autoreload /home/G1nxx/Projects/IGI/353502_BURCHUCK_5/IGI/LR5/Parking/auto_car/models.py changed, reloading.
INFO 2025-05-11 16:13:15,287 autoreload Watching for file changes with StatReloader
INFO 2025-05-11 16:13:18,999 autoreload /home/G1nxx/Projects/IGI/353502_BURCHUCK_5/IGI/LR5/Parking/auto_car/models.py changed, reloading.
INFO 2025-05-11 16:13:19,993 autoreload Watching for file changes with StatReloader
INFO 2025-05-11 16:15:33,121 autoreload Watching for file changes with StatReloader
INFO 2025-05-11 16:15:35,319 basehttp "GET /admin/auto_car/companyinfo/add/ HTTP/1.1" 200 13880
INFO 2025-05-11 16:15:35,468 basehttp "GET /static/admin/css/forms.css HTTP/1.1" 304 0
INFO 2025-05-11 16:15:35,505 basehttp "GET /static/admin/js/vendor/jquery/jquery.js HTTP/1.1" 304 0
INFO 2025-05-11 16:15:35,515 basehttp "GET /static/admin/js/prepopulate_init.js HTTP/1.1" 200 586
INFO 2025-05-11 16:15:35,521 basehttp "GET /static/admin/js/admin/RelatedObjectLookups.js HTTP/1.1" 304 0
INFO 2025-05-11 16:15:35,522 basehttp "GET /static/admin/js/jquery.init.js HTTP/1.1" 304 0
INFO 2025-05-11 16:15:35,524 basehttp "GET /static/admin/js/change_form.js HTTP/1.1" 200 606
INFO 2025-05-11 16:15:35,526 basehttp "GET /static/admin/js/core.js HTTP/1.1" 304 0
INFO 2025-05-11 16:15:35,533 basehttp "GET /static/admin/js/actions.js HTTP/1.1" 304 0
INFO 2025-05-11 16:15:35,541 basehttp "GET /static/admin/js/urlify.js HTTP/1.1" 304 0
INFO 2025-05-11 16:15:35,546 basehttp "GET /static/admin/js/prepopulate.js HTTP/1.1" 304 0
INFO 2025-05-11 16:15:35,553 basehttp "GET /admin/jsi18n/ HTTP/1.1" 200 3342
INFO 2025-05-11 16:15:35,557 basehttp "GET /static/admin/js/vendor/xregexp/xregexp.js HTTP/1.1" 304 0
INFO 2025-05-11 16:15:35,559 basehttp "GET /static/admin/css/widgets.css HTTP/1.1" 200 11991
INFO 2025-05-11 16:19:05,840 basehttp "POST /admin/auto_car/companyinfo/add/ HTTP/1.1" 302 0
INFO 2025-05-11 16:19:05,980 basehttp "GET /admin/auto_car/companyinfo/ HTTP/1.1" 200 14809
INFO 2025-05-11 16:19:06,172 basehttp "GET /static/admin/css/changelists.css HTTP/1.1" 304 0
INFO 2025-05-11 16:19:06,182 basehttp "GET /static/admin/js/filters.js HTTP/1.1" 200 978
INFO 2025-05-11 16:19:06,187 basehttp "GET /admin/jsi18n/ HTTP/1.1" 200 3342
INFO 2025-05-11 16:19:06,300 basehttp "GET /static/admin/img/tooltag-add.svg HTTP/1.1" 200 331
INFO 2025-05-11 16:19:06,301 basehttp "GET /static/admin/img/icon-yes.svg HTTP/1.1" 200 436
INFO 2025-05-11 16:19:13,583 basehttp "GET / HTTP/1.1" 200 2222
INFO 2025-05-11 16:19:15,472 basehttp "GET /about/ HTTP/1.1" 200 2029
INFO 2025-05-11 16:19:36,496 autoreload /home/G1nxx/Projects/IGI/353502_BURCHUCK_5/IGI/LR5/Parking/auto_car/models.py changed, reloading.
INFO 2025-05-11 16:19:37,635 autoreload Watching for file changes with StatReloader
INFO 2025-05-11 16:19:47,281 autoreload /home/G1nxx/Projects/IGI/353502_BURCHUCK_5/IGI/LR5/Parking/auto_car/models.py changed, reloading.
INFO 2025-05-11 16:19:48,346 autoreload Watching for file changes with StatReloader
INFO 2025-05-11 16:19:53,611 autoreload /home/G1nxx/Projects/IGI/353502_BURCHUCK_5/IGI/LR5/Parking/auto_car/models.py changed, reloading.
INFO 2025-05-11 16:19:54,606 autoreload Watching for file changes with StatReloader
INFO 2025-05-11 16:19:55,369 basehttp "GET /about/ HTTP/1.1" 200 2099
INFO 2025-05-11 16:20:02,515 basehttp "GET /about/ HTTP/1.1" 200 2099
INFO 2025-05-11 16:20:03,329 basehttp "GET /news/ HTTP/1.1" 200 1887
INFO 2025-05-11 16:20:04,471 basehttp "GET /about/ HTTP/1.1" 200 2099
INFO 2025-05-11 16:20:35,721 basehttp "GET /news/ HTTP/1.1" 200 1887
INFO 2025-05-11 16:32:06,913 basehttp "GET /admin/ HTTP/1.1" 200 18016
INFO 2025-05-11 16:32:57,808 basehttp "GET /admin/auto_car/news/ HTTP/1.1" 200 13043
INFO 2025-05-11 16:32:57,958 basehttp "GET /admin/jsi18n/ HTTP/1.1" 200 3342
INFO 2025-05-11 16:33:00,450 basehttp "GET /admin/auto_car/news/add/ HTTP/1.1" 200 14455
INFO 2025-05-11 16:33:00,598 basehttp "GET /admin/jsi18n/ HTTP/1.1" 200 3342
INFO 2025-05-11 16:35:37,980 basehttp "POST /admin/auto_car/news/add/ HTTP/1.1" 302 0
INFO 2025-05-11 16:35:38,062 basehttp "GET /admin/auto_car/news/ HTTP/1.1" 200 14663
INFO 2025-05-11 16:35:38,269 basehttp "GET /admin/jsi18n/ HTTP/1.1" 200 3342
INFO 2025-05-11 16:35:40,082 basehttp "GET /admin/auto_car/news/add/ HTTP/1.1" 200 14455
INFO 2025-05-11 16:35:40,167 basehttp "GET /admin/jsi18n/ HTTP/1.1" 200 3342
INFO 2025-05-11 16:39:19,974 basehttp "POST /admin/auto_car/news/add/ HTTP/1.1" 302 0
INFO 2025-05-11 16:39:20,046 basehttp "GET /admin/auto_car/news/ HTTP/1.1" 200 14994
INFO 2025-05-11 16:39:20,231 basehttp "GET /admin/jsi18n/ HTTP/1.1" 200 3342
INFO 2025-05-11 16:39:21,761 basehttp "GET /admin/auto_car/news/add/ HTTP/1.1" 200 14455
INFO 2025-05-11 16:39:21,893 basehttp "GET /admin/jsi18n/ HTTP/1.1" 200 3342
INFO 2025-05-11 16:40:19,370 basehttp "POST /admin/auto_car/news/add/ HTTP/1.1" 302 0
INFO 2025-05-11 16:40:19,450 basehttp "GET /admin/auto_car/news/ HTTP/1.1" 200 15344
INFO 2025-05-11 16:40:19,660 basehttp "GET /admin/jsi18n/ HTTP/1.1" 200 3342
INFO 2025-05-11 16:40:25,644 basehttp "GET /admin/auto_car/news/add/ HTTP/1.1" 200 14455
INFO 2025-05-11 16:40:26,846 basehttp "GET /admin/auto_car/news/ HTTP/1.1" 200 15105
INFO 2025-05-11 16:40:28,168 basehttp "GET /admin/auto_car/news/add/ HTTP/1.1" 200 14455
INFO 2025-05-11 16:40:34,973 basehttp "GET / HTTP/1.1" 200 2222
INFO 2025-05-11 16:40:49,061 basehttp "GET /news/ HTTP/1.1" 200 1887
INFO 2025-05-11 16:48:00,000 autoreload /home/G1nxx/Projects/IGI/353502_BURCHUCK_5/IGI/LR5/Parking/auto_car/views.py changed, reloading.
INFO 2025-05-11 16:48:00,889 autoreload Watching for file changes with StatReloader
INFO 2025-05-11 16:48:02,346 autoreload /home/G1nxx/Projects/IGI/353502_BURCHUCK_5/IGI/LR5/Parking/auto_car/views.py changed, reloading.
INFO 2025-05-11 16:48:03,218 autoreload Watching for file changes with StatReloader
INFO 2025-05-11 16:48:14,847 autoreload /home/G1nxx/Projects/IGI/353502_BURCHUCK_5/IGI/LR5/Parking/auto_car/views.py changed, reloading.
INFO 2025-05-11 16:48:15,855 autoreload Watching for file changes with StatReloader
INFO 2025-05-11 16:48:17,403 autoreload /home/G1nxx/Projects/IGI/353502_BURCHUCK_5/IGI/LR5/Parking/auto_car/views.py changed, reloading.
INFO 2025-05-11 16:48:18,439 autoreload Watching for file changes with StatReloader
INFO 2025-05-11 16:48:32,225 autoreload /home/G1nxx/Projects/IGI/353502_BURCHUCK_5/IGI/LR5/Parking/auto_car/views.py changed, reloading.
INFO 2025-05-11 16:48:33,239 autoreload Watching for file changes with StatReloader
INFO 2025-05-11 16:48:38,889 autoreload /home/G1nxx/Projects/IGI/353502_BURCHUCK_5/IGI/LR5/Parking/auto_car/views.py changed, reloading.
INFO 2025-05-11 16:48:39,888 autoreload Watching for file changes with StatReloader
INFO 2025-05-11 16:48:46,555 autoreload /home/G1nxx/Projects/IGI/353502_BURCHUCK_5/IGI/LR5/Parking/auto_car/views.py changed, reloading.
INFO 2025-05-11 16:48:47,629 autoreload Watching for file changes with StatReloader
INFO 2025-05-11 16:51:35,603 basehttp "GET /news/ HTTP/1.1" 200 2312
INFO 2025-05-11 16:52:05,156 basehttp "GET /news/ HTTP/1.1" 200 2312
INFO 2025-05-11 16:52:07,694 basehttp "GET /news/ HTTP/1.1" 200 2381
INFO 2025-05-11 16:53:34,221 basehttp "GET /news/ HTTP/1.1" 200 2543
INFO 2025-05-11 16:54:42,403 basehttp "GET /news/ HTTP/1.1" 200 2771
INFO 2025-05-11 16:55:21,438 basehttp "GET /news/ HTTP/1.1" 200 2813
INFO 2025-05-11 16:55:41,419 basehttp "GET /news/ HTTP/1.1" 200 2888
INFO 2025-05-11 16:55:47,331 basehttp "GET /news/ HTTP/1.1" 200 2888
INFO 2025-05-11 16:56:04,717 basehttp "GET /news/ HTTP/1.1" 200 2888
INFO 2025-05-11 16:56:16,522 basehttp "GET /news/ HTTP/1.1" 200 2990
INFO 2025-05-11 16:56:21,397 basehttp "GET /news/ HTTP/1.1" 200 2990
INFO 2025-05-11 16:56:26,264 basehttp "GET /news/ HTTP/1.1" 200 2990
INFO 2025-05-11 16:56:31,494 basehttp "GET /news/ HTTP/1.1" 200 2990
INFO 2025-05-11 16:56:33,085 basehttp "GET /news/ HTTP/1.1" 200 2948
INFO 2025-05-11 16:56:40,318 basehttp "GET /news/ HTTP/1.1" 200 2948
INFO 2025-05-11 16:56:41,099 basehttp "GET /news/ HTTP/1.1" 200 2948
INFO 2025-05-11 16:56:44,512 basehttp "GET /news/ HTTP/1.1" 200 2948
INFO 2025-05-11 16:56:45,231 basehttp "GET /news/ HTTP/1.1" 200 2948
INFO 2025-05-13 01:23:00,024 autoreload Watching for file changes with StatReloader
INFO 2025-05-13 01:23:18,159 basehttp "GET /admin/ HTTP/1.1" 200 17952
INFO 2025-05-13 01:23:18,324 basehttp "GET /static/admin/css/base.css HTTP/1.1" 304 0
INFO 2025-05-13 01:23:18,346 basehttp "GET /static/admin/js/nav_sidebar.js HTTP/1.1" 304 0
INFO 2025-05-13 01:23:18,353 basehttp "GET /static/admin/js/theme.js HTTP/1.1" 304 0
INFO 2025-05-13 01:23:18,371 basehttp "GET /static/admin/css/dark_mode.css HTTP/1.1" 200 2808
INFO 2025-05-13 01:23:18,378 basehttp "GET /static/admin/css/dashboard.css HTTP/1.1" 200 441
INFO 2025-05-13 01:23:18,383 basehttp "GET /static/admin/css/nav_sidebar.css HTTP/1.1" 200 2810
INFO 2025-05-13 01:23:18,385 basehttp "GET /static/admin/css/responsive.css HTTP/1.1" 200 16565
INFO 2025-05-13 01:23:18,451 basehttp "GET /static/admin/img/icon-changelink.svg HTTP/1.1" 200 380
INFO 2025-05-13 01:23:18,453 basehttp "GET /static/admin/img/icon-addlink.svg HTTP/1.1" 200 331
ERROR 2025-05-13 01:23:33,420 log Internal Server Error: /admin/auto_car/car/add/
Traceback (most recent call last):
  File "/home/G1nxx/Projects/IGI/353502_BURCHUCK_5/IGI/LR5/Parking/p_env/lib/python3.13/site-packages/django/core/handlers/exception.py", line 55, in inner
    response = get_response(request)
  File "/home/G1nxx/Projects/IGI/353502_BURCHUCK_5/IGI/LR5/Parking/p_env/lib/python3.13/site-packages/django/core/handlers/base.py", line 220, in _get_response
    response = response.render()
  File "/home/G1nxx/Projects/IGI/353502_BURCHUCK_5/IGI/LR5/Parking/p_env/lib/python3.13/site-packages/django/template/response.py", line 114, in render
    self.content = self.rendered_content
                   ^^^^^^^^^^^^^^^^^^^^^
  File "/home/G1nxx/Projects/IGI/353502_BURCHUCK_5/IGI/LR5/Parking/p_env/lib/python3.13/site-packages/django/template/response.py", line 92, in rendered_content
    return template.render(context, self._request)
           ~~~~~~~~~~~~~~~^^^^^^^^^^^^^^^^^^^^^^^^
  File "/home/G1nxx/Projects/IGI/353502_BURCHUCK_5/IGI/LR5/Parking/p_env/lib/python3.13/site-packages/django/template/backends/django.py", line 107, in render
    return self.template.render(context)
           ~~~~~~~~~~~~~~~~~~~~^^^^^^^^^
  File "/home/G1nxx/Projects/IGI/353502_BURCHUCK_5/IGI/LR5/Parking/p_env/lib/python3.13/site-packages/django/template/base.py", line 171, in render
    return self._render(context)
           ~~~~~~~~~~~~^^^^^^^^^
  File "/home/G1nxx/Projects/IGI/353502_BURCHUCK_5/IGI/LR5/Parking/p_env/lib/python3.13/site-packages/django/template/base.py", line 163, in _render
    return self.nodelist.render(context)
           ~~~~~~~~~~~~~~~~~~~~^^^^^^^^^
  File "/home/G1nxx/Projects/IGI/353502_BURCHUCK_5/IGI/LR5/Parking/p_env/lib/python3.13/site-packages/django/template/base.py", line 1016, in render
    return SafeString("".join([node.render_annotated(context) for node in self]))
                               ~~~~~~~~~~~~~~~~~~~~~^^^^^^^^^
  File "/home/G1nxx/Projects/IGI/353502_BURCHUCK_5/IGI/LR5/Parking/p_env/lib/python3.13/site-packages/django/template/base.py", line 977, in render_annotated
    return self.render(context)
           ~~~~~~~~~~~^^^^^^^^^
  File "/home/G1nxx/Projects/IGI/353502_BURCHUCK_5/IGI/LR5/Parking/p_env/lib/python3.13/site-packages/django/template/loader_tags.py", line 159, in render
    return compiled_parent._render(context)
           ~~~~~~~~~~~~~~~~~~~~~~~^^^^^^^^^
  File "/home/G1nxx/Projects/IGI/353502_BURCHUCK_5/IGI/LR5/Parking/p_env/lib/python3.13/site-packages/django/template/base.py", line 163, in _render
    return self.nodelist.render(context)
           ~~~~~~~~~~~~~~~~~~~~^^^^^^^^^
  File "/home/G1nxx/Projects/IGI/353502_BURCHUCK_5/IGI/LR5/Parking/p_env/lib/python3.13/site-packages/django/template/base.py", line 1016, in render
    return SafeString("".join([node.render_annotated(context) for node in self]))
                               ~~~~~~~~~~~~~~~~~~~~~^^^^^^^^^
  File "/home/G1nxx/Projects/IGI/353502_BURCHUCK_5/IGI/LR5/Parking/p_env/lib/python3.13/site-packages/django/template/base.py", line 977, in render_annotated
    return self.render(context)
           ~~~~~~~~~~~^^^^^^^^^
  File "/home/G1nxx/Projects/IGI/353502_BURCHUCK_5/IGI/LR5/Parking/p_env/lib/python3.13/site-packages/django/template/loader_tags.py", line 159, in render
    return compiled_parent._render(context)
           ~~~~~~~~~~~~~~~~~~~~~~~^^^^^^^^^
  File "/home/G1nxx/Projects/IGI/353502_BURCHUCK_5/IGI/LR5/Parking/p_env/lib/python3.13/site-packages/django/template/base.py", line 163, in _render
    return self.nodelist.render(context)
           ~~~~~~~~~~~~~~~~~~~~^^^^^^^^^
  File "/home/G1nxx/Projects/IGI/353502_BURCHUCK_5/IGI/LR5/Parking/p_env/lib/python3.13/site-packages/django/template/base.py", line 1016, in render
    return SafeString("".join([node.render_annotated(context) for node in self]))
                               ~~~~~~~~~~~~~~~~~~~~~^^^^^^^^^
  File "/home/G1nxx/Projects/IGI/353502_BURCHUCK_5/IGI/LR5/Parking/p_env/lib/python3.13/site-packages/django/template/base.py", line 977, in render_annotated
    return self.render(context)
           ~~~~~~~~~~~^^^^^^^^^
  File "/home/G1nxx/Projects/IGI/353502_BURCHUCK_5/IGI/LR5/Parking/p_env/lib/python3.13/site-packages/django/template/loader_tags.py", line 65, in render
    result = block.nodelist.render(context)
  File "/home/G1nxx/Projects/IGI/353502_BURCHUCK_5/IGI/LR5/Parking/p_env/lib/python3.13/site-packages/django/template/base.py", line 1016, in render
    return SafeString("".join([node.render_annotated(context) for node in self]))
                               ~~~~~~~~~~~~~~~~~~~~~^^^^^^^^^
  File "/home/G1nxx/Projects/IGI/353502_BURCHUCK_5/IGI/LR5/Parking/p_env/lib/python3.13/site-packages/django/template/base.py", line 977, in render_annotated
    return self.render(context)
           ~~~~~~~~~~~^^^^^^^^^
  File "/home/G1nxx/Projects/IGI/353502_BURCHUCK_5/IGI/LR5/Parking/p_env/lib/python3.13/site-packages/django/template/loader_tags.py", line 65, in render
    result = block.nodelist.render(context)
  File "/home/G1nxx/Projects/IGI/353502_BURCHUCK_5/IGI/LR5/Parking/p_env/lib/python3.13/site-packages/django/template/base.py", line 1016, in render
    return SafeString("".join([node.render_annotated(context) for node in self]))
                               ~~~~~~~~~~~~~~~~~~~~~^^^^^^^^^
  File "/home/G1nxx/Projects/IGI/353502_BURCHUCK_5/IGI/LR5/Parking/p_env/lib/python3.13/site-packages/django/template/base.py", line 977, in render_annotated
    return self.render(context)
           ~~~~~~~~~~~^^^^^^^^^
  File "/home/G1nxx/Projects/IGI/353502_BURCHUCK_5/IGI/LR5/Parking/p_env/lib/python3.13/site-packages/django/template/defaulttags.py", line 243, in render
    nodelist.append(node.render_annotated(context))
                    ~~~~~~~~~~~~~~~~~~~~~^^^^^^^^^
  File "/home/G1nxx/Projects/IGI/353502_BURCHUCK_5/IGI/LR5/Parking/p_env/lib/python3.13/site-packages/django/template/base.py", line 977, in render_annotated
    return self.render(context)
           ~~~~~~~~~~~^^^^^^^^^
  File "/home/G1nxx/Projects/IGI/353502_BURCHUCK_5/IGI/LR5/Parking/p_env/lib/python3.13/site-packages/django/template/loader_tags.py", line 210, in render
    return template.render(context)
           ~~~~~~~~~~~~~~~^^^^^^^^^
  File "/home/G1nxx/Projects/IGI/353502_BURCHUCK_5/IGI/LR5/Parking/p_env/lib/python3.13/site-packages/django/template/base.py", line 173, in render
    return self._render(context)
           ~~~~~~~~~~~~^^^^^^^^^
  File "/home/G1nxx/Projects/IGI/353502_BURCHUCK_5/IGI/LR5/Parking/p_env/lib/python3.13/site-packages/django/template/base.py", line 163, in _render
    return self.nodelist.render(context)
           ~~~~~~~~~~~~~~~~~~~~^^^^^^^^^
  File "/home/G1nxx/Projects/IGI/353502_BURCHUCK_5/IGI/LR5/Parking/p_env/lib/python3.13/site-packages/django/template/base.py", line 1016, in render
    return SafeString("".join([node.render_annotated(context) for node in self]))
                               ~~~~~~~~~~~~~~~~~~~~~^^^^^^^^^
  File "/home/G1nxx/Projects/IGI/353502_BURCHUCK_5/IGI/LR5/Parking/p_env/lib/python3.13/site-packages/django/template/base.py", line 977, in render_annotated
    return self.render(context)
           ~~~~~~~~~~~^^^^^^^^^
  File "/home/G1nxx/Projects/IGI/353502_BURCHUCK_5/IGI/LR5/Parking/p_env/lib/python3.13/site-packages/django/template/defaulttags.py", line 243, in render
    nodelist.append(node.render_annotated(context))
                    ~~~~~~~~~~~~~~~~~~~~~^^^^^^^^^
  File "/home/G1nxx/Projects/IGI/353502_BURCHUCK_5/IGI/LR5/Parking/p_env/lib/python3.13/site-packages/django/template/base.py", line 977, in render_annotated
    return self.render(context)
           ~~~~~~~~~~~^^^^^^^^^
  File "/home/G1nxx/Projects/IGI/353502_BURCHUCK_5/IGI/LR5/Parking/p_env/lib/python3.13/site-packages/django/template/defaulttags.py", line 243, in render
    nodelist.append(node.render_annotated(context))
                    ~~~~~~~~~~~~~~~~~~~~~^^^^^^^^^
  File "/home/G1nxx/Projects/IGI/353502_BURCHUCK_5/IGI/LR5/Parking/p_env/lib/python3.13/site-packages/django/template/base.py", line 977, in render_annotated
    return self.render(context)
           ~~~~~~~~~~~^^^^^^^^^
  File "/home/G1nxx/Projects/IGI/353502_BURCHUCK_5/IGI/LR5/Parking/p_env/lib/python3.13/site-packages/django/template/defaulttags.py", line 327, in render
    return nodelist.render(context)
           ~~~~~~~~~~~~~~~^^^^^^^^^
  File "/home/G1nxx/Projects/IGI/353502_BURCHUCK_5/IGI/LR5/Parking/p_env/lib/python3.13/site-packages/django/template/base.py", line 1016, in render
    return SafeString("".join([node.render_annotated(context) for node in self]))
                               ~~~~~~~~~~~~~~~~~~~~~^^^^^^^^^
  File "/home/G1nxx/Projects/IGI/353502_BURCHUCK_5/IGI/LR5/Parking/p_env/lib/python3.13/site-packages/django/template/base.py", line 977, in render_annotated
    return self.render(context)
           ~~~~~~~~~~~^^^^^^^^^
  File "/home/G1nxx/Projects/IGI/353502_BURCHUCK_5/IGI/LR5/Parking/p_env/lib/python3.13/site-packages/django/template/defaulttags.py", line 327, in render
    return nodelist.render(context)
           ~~~~~~~~~~~~~~~^^^^^^^^^
  File "/home/G1nxx/Projects/IGI/353502_BURCHUCK_5/IGI/LR5/Parking/p_env/lib/python3.13/site-packages/django/template/base.py", line 1016, in render
    return SafeString("".join([node.render_annotated(context) for node in self]))
                               ~~~~~~~~~~~~~~~~~~~~~^^^^^^^^^
  File "/home/G1nxx/Projects/IGI/353502_BURCHUCK_5/IGI/LR5/Parking/p_env/lib/python3.13/site-packages/django/template/base.py", line 977, in render_annotated
    return self.render(context)
           ~~~~~~~~~~~^^^^^^^^^
  File "/home/G1nxx/Projects/IGI/353502_BURCHUCK_5/IGI/LR5/Parking/p_env/lib/python3.13/site-packages/django/template/base.py", line 1081, in render
    return render_value_in_context(output, context)
  File "/home/G1nxx/Projects/IGI/353502_BURCHUCK_5/IGI/LR5/Parking/p_env/lib/python3.13/site-packages/django/template/base.py", line 1058, in render_value_in_context
    value = str(value)
  File "/home/G1nxx/Projects/IGI/353502_BURCHUCK_5/IGI/LR5/Parking/p_env/lib/python3.13/site-packages/django/forms/utils.py", line 79, in __str__
    return self.as_widget()
           ~~~~~~~~~~~~~~^^
  File "/home/G1nxx/Projects/IGI/353502_BURCHUCK_5/IGI/LR5/Parking/p_env/lib/python3.13/site-packages/django/forms/boundfield.py", line 108, in as_widget
    return widget.render(
           ~~~~~~~~~~~~~^
        name=self.html_initial_name if only_initial else self.html_name,
        ^^^^^^^^^^^^^^^^^^^^^^^^^^^^^^^^^^^^^^^^^^^^^^^^^^^^^^^^^^^^^^^^
    ...<2 lines>...
        renderer=self.form.renderer,
        ^^^^^^^^^^^^^^^^^^^^^^^^^^^^
    )
    ^
  File "/home/G1nxx/Projects/IGI/353502_BURCHUCK_5/IGI/LR5/Parking/p_env/lib/python3.13/site-packages/django/forms/widgets.py", line 329, in render
    context = self.get_context(name, value, attrs)
  File "/home/G1nxx/Projects/IGI/353502_BURCHUCK_5/IGI/LR5/Parking/p_env/lib/python3.13/site-packages/django/contrib/admin/widgets.py", line 329, in get_context
    "rendered_widget": self.widget.render(name, value, attrs),
                       ~~~~~~~~~~~~~~~~~~^^^^^^^^^^^^^^^^^^^^
  File "/home/G1nxx/Projects/IGI/353502_BURCHUCK_5/IGI/LR5/Parking/p_env/lib/python3.13/site-packages/django/forms/widgets.py", line 329, in render
    context = self.get_context(name, value, attrs)
  File "/home/G1nxx/Projects/IGI/353502_BURCHUCK_5/IGI/LR5/Parking/p_env/lib/python3.13/site-packages/django/forms/widgets.py", line 830, in get_context
    context = super().get_context(name, value, attrs)
  File "/home/G1nxx/Projects/IGI/353502_BURCHUCK_5/IGI/LR5/Parking/p_env/lib/python3.13/site-packages/django/forms/widgets.py", line 781, in get_context
    context["widget"]["optgroups"] = self.optgroups(
                                     ~~~~~~~~~~~~~~^
        name, context["widget"]["value"], attrs
        ^^^^^^^^^^^^^^^^^^^^^^^^^^^^^^^^^^^^^^^
    )
    ^
  File "/home/G1nxx/Projects/IGI/353502_BURCHUCK_5/IGI/LR5/Parking/p_env/lib/python3.13/site-packages/django/forms/widgets.py", line 721, in optgroups
    for index, (option_value, option_label) in enumerate(self.choices):
                                               ~~~~~~~~~^^^^^^^^^^^^^^
  File "/home/G1nxx/Projects/IGI/353502_BURCHUCK_5/IGI/LR5/Parking/p_env/lib/python3.13/site-packages/django/forms/models.py", line 1425, in __iter__
    yield self.choice(obj)
          ~~~~~~~~~~~^^^^^
  File "/home/G1nxx/Projects/IGI/353502_BURCHUCK_5/IGI/LR5/Parking/p_env/lib/python3.13/site-packages/django/forms/models.py", line 1439, in choice
    self.field.label_from_instance(obj),
    ~~~~~~~~~~~~~~~~~~~~~~~~~~~~~~^^^^^
  File "/home/G1nxx/Projects/IGI/353502_BURCHUCK_5/IGI/LR5/Parking/p_env/lib/python3.13/site-packages/django/forms/models.py", line 1529, in label_from_instance
    return str(obj)
  File "/home/G1nxx/Projects/IGI/353502_BURCHUCK_5/IGI/LR5/Parking/auto_car/models.py", line 13, in __str__
    return f"{self.username} ({self.get_full_name()})" if self.get_full_name() else self.username
                                                          ^^^^^^^^^^^^^^^^^^
AttributeError: 'ServiceUser' object has no attribute 'get_full_name'
ERROR 2025-05-13 01:23:33,438 basehttp "GET /admin/auto_car/car/add/ HTTP/1.1" 500 618639
INFO 2025-05-13 01:23:40,559 basehttp "GET /admin/ HTTP/1.1" 200 17952
INFO 2025-05-13 01:23:46,481 basehttp "GET /admin/auto_car/car/ HTTP/1.1" 200 13036
INFO 2025-05-13 01:23:46,640 basehttp "GET /static/admin/js/vendor/jquery/jquery.js HTTP/1.1" 304 0
INFO 2025-05-13 01:23:46,640 basehttp "GET /static/admin/css/changelists.css HTTP/1.1" 304 0
INFO 2025-05-13 01:23:46,640 basehttp "GET /static/admin/js/jquery.init.js HTTP/1.1" 200 347
INFO 2025-05-13 01:23:46,643 basehttp "GET /static/admin/js/core.js HTTP/1.1" 304 0
INFO 2025-05-13 01:23:46,647 basehttp "GET /static/admin/js/filters.js HTTP/1.1" 200 978
INFO 2025-05-13 01:23:46,647 basehttp "GET /static/admin/js/actions.js HTTP/1.1" 304 0
INFO 2025-05-13 01:23:46,650 basehttp "GET /static/admin/js/admin/RelatedObjectLookups.js HTTP/1.1" 304 0
INFO 2025-05-13 01:23:46,655 basehttp "GET /static/admin/js/urlify.js HTTP/1.1" 304 0
INFO 2025-05-13 01:23:46,659 basehttp "GET /static/admin/js/prepopulate.js HTTP/1.1" 304 0
INFO 2025-05-13 01:23:46,662 basehttp "GET /static/admin/js/vendor/xregexp/xregexp.js HTTP/1.1" 304 0
INFO 2025-05-13 01:23:46,668 basehttp "GET /admin/jsi18n/ HTTP/1.1" 200 3342
INFO 2025-05-13 01:23:46,753 basehttp "GET /static/admin/img/tooltag-add.svg HTTP/1.1" 200 331
ERROR 2025-05-13 01:23:51,442 log Internal Server Error: /admin/auto_car/car/add/
Traceback (most recent call last):
  File "/home/G1nxx/Projects/IGI/353502_BURCHUCK_5/IGI/LR5/Parking/p_env/lib/python3.13/site-packages/django/core/handlers/exception.py", line 55, in inner
    response = get_response(request)
  File "/home/G1nxx/Projects/IGI/353502_BURCHUCK_5/IGI/LR5/Parking/p_env/lib/python3.13/site-packages/django/core/handlers/base.py", line 220, in _get_response
    response = response.render()
  File "/home/G1nxx/Projects/IGI/353502_BURCHUCK_5/IGI/LR5/Parking/p_env/lib/python3.13/site-packages/django/template/response.py", line 114, in render
    self.content = self.rendered_content
                   ^^^^^^^^^^^^^^^^^^^^^
  File "/home/G1nxx/Projects/IGI/353502_BURCHUCK_5/IGI/LR5/Parking/p_env/lib/python3.13/site-packages/django/template/response.py", line 92, in rendered_content
    return template.render(context, self._request)
           ~~~~~~~~~~~~~~~^^^^^^^^^^^^^^^^^^^^^^^^
  File "/home/G1nxx/Projects/IGI/353502_BURCHUCK_5/IGI/LR5/Parking/p_env/lib/python3.13/site-packages/django/template/backends/django.py", line 107, in render
    return self.template.render(context)
           ~~~~~~~~~~~~~~~~~~~~^^^^^^^^^
  File "/home/G1nxx/Projects/IGI/353502_BURCHUCK_5/IGI/LR5/Parking/p_env/lib/python3.13/site-packages/django/template/base.py", line 171, in render
    return self._render(context)
           ~~~~~~~~~~~~^^^^^^^^^
  File "/home/G1nxx/Projects/IGI/353502_BURCHUCK_5/IGI/LR5/Parking/p_env/lib/python3.13/site-packages/django/template/base.py", line 163, in _render
    return self.nodelist.render(context)
           ~~~~~~~~~~~~~~~~~~~~^^^^^^^^^
  File "/home/G1nxx/Projects/IGI/353502_BURCHUCK_5/IGI/LR5/Parking/p_env/lib/python3.13/site-packages/django/template/base.py", line 1016, in render
    return SafeString("".join([node.render_annotated(context) for node in self]))
                               ~~~~~~~~~~~~~~~~~~~~~^^^^^^^^^
  File "/home/G1nxx/Projects/IGI/353502_BURCHUCK_5/IGI/LR5/Parking/p_env/lib/python3.13/site-packages/django/template/base.py", line 977, in render_annotated
    return self.render(context)
           ~~~~~~~~~~~^^^^^^^^^
  File "/home/G1nxx/Projects/IGI/353502_BURCHUCK_5/IGI/LR5/Parking/p_env/lib/python3.13/site-packages/django/template/loader_tags.py", line 159, in render
    return compiled_parent._render(context)
           ~~~~~~~~~~~~~~~~~~~~~~~^^^^^^^^^
  File "/home/G1nxx/Projects/IGI/353502_BURCHUCK_5/IGI/LR5/Parking/p_env/lib/python3.13/site-packages/django/template/base.py", line 163, in _render
    return self.nodelist.render(context)
           ~~~~~~~~~~~~~~~~~~~~^^^^^^^^^
  File "/home/G1nxx/Projects/IGI/353502_BURCHUCK_5/IGI/LR5/Parking/p_env/lib/python3.13/site-packages/django/template/base.py", line 1016, in render
    return SafeString("".join([node.render_annotated(context) for node in self]))
                               ~~~~~~~~~~~~~~~~~~~~~^^^^^^^^^
  File "/home/G1nxx/Projects/IGI/353502_BURCHUCK_5/IGI/LR5/Parking/p_env/lib/python3.13/site-packages/django/template/base.py", line 977, in render_annotated
    return self.render(context)
           ~~~~~~~~~~~^^^^^^^^^
  File "/home/G1nxx/Projects/IGI/353502_BURCHUCK_5/IGI/LR5/Parking/p_env/lib/python3.13/site-packages/django/template/loader_tags.py", line 159, in render
    return compiled_parent._render(context)
           ~~~~~~~~~~~~~~~~~~~~~~~^^^^^^^^^
  File "/home/G1nxx/Projects/IGI/353502_BURCHUCK_5/IGI/LR5/Parking/p_env/lib/python3.13/site-packages/django/template/base.py", line 163, in _render
    return self.nodelist.render(context)
           ~~~~~~~~~~~~~~~~~~~~^^^^^^^^^
  File "/home/G1nxx/Projects/IGI/353502_BURCHUCK_5/IGI/LR5/Parking/p_env/lib/python3.13/site-packages/django/template/base.py", line 1016, in render
    return SafeString("".join([node.render_annotated(context) for node in self]))
                               ~~~~~~~~~~~~~~~~~~~~~^^^^^^^^^
  File "/home/G1nxx/Projects/IGI/353502_BURCHUCK_5/IGI/LR5/Parking/p_env/lib/python3.13/site-packages/django/template/base.py", line 977, in render_annotated
    return self.render(context)
           ~~~~~~~~~~~^^^^^^^^^
  File "/home/G1nxx/Projects/IGI/353502_BURCHUCK_5/IGI/LR5/Parking/p_env/lib/python3.13/site-packages/django/template/loader_tags.py", line 65, in render
    result = block.nodelist.render(context)
  File "/home/G1nxx/Projects/IGI/353502_BURCHUCK_5/IGI/LR5/Parking/p_env/lib/python3.13/site-packages/django/template/base.py", line 1016, in render
    return SafeString("".join([node.render_annotated(context) for node in self]))
                               ~~~~~~~~~~~~~~~~~~~~~^^^^^^^^^
  File "/home/G1nxx/Projects/IGI/353502_BURCHUCK_5/IGI/LR5/Parking/p_env/lib/python3.13/site-packages/django/template/base.py", line 977, in render_annotated
    return self.render(context)
           ~~~~~~~~~~~^^^^^^^^^
  File "/home/G1nxx/Projects/IGI/353502_BURCHUCK_5/IGI/LR5/Parking/p_env/lib/python3.13/site-packages/django/template/loader_tags.py", line 65, in render
    result = block.nodelist.render(context)
  File "/home/G1nxx/Projects/IGI/353502_BURCHUCK_5/IGI/LR5/Parking/p_env/lib/python3.13/site-packages/django/template/base.py", line 1016, in render
    return SafeString("".join([node.render_annotated(context) for node in self]))
                               ~~~~~~~~~~~~~~~~~~~~~^^^^^^^^^
  File "/home/G1nxx/Projects/IGI/353502_BURCHUCK_5/IGI/LR5/Parking/p_env/lib/python3.13/site-packages/django/template/base.py", line 977, in render_annotated
    return self.render(context)
           ~~~~~~~~~~~^^^^^^^^^
  File "/home/G1nxx/Projects/IGI/353502_BURCHUCK_5/IGI/LR5/Parking/p_env/lib/python3.13/site-packages/django/template/defaulttags.py", line 243, in render
    nodelist.append(node.render_annotated(context))
                    ~~~~~~~~~~~~~~~~~~~~~^^^^^^^^^
  File "/home/G1nxx/Projects/IGI/353502_BURCHUCK_5/IGI/LR5/Parking/p_env/lib/python3.13/site-packages/django/template/base.py", line 977, in render_annotated
    return self.render(context)
           ~~~~~~~~~~~^^^^^^^^^
  File "/home/G1nxx/Projects/IGI/353502_BURCHUCK_5/IGI/LR5/Parking/p_env/lib/python3.13/site-packages/django/template/loader_tags.py", line 210, in render
    return template.render(context)
           ~~~~~~~~~~~~~~~^^^^^^^^^
  File "/home/G1nxx/Projects/IGI/353502_BURCHUCK_5/IGI/LR5/Parking/p_env/lib/python3.13/site-packages/django/template/base.py", line 173, in render
    return self._render(context)
           ~~~~~~~~~~~~^^^^^^^^^
  File "/home/G1nxx/Projects/IGI/353502_BURCHUCK_5/IGI/LR5/Parking/p_env/lib/python3.13/site-packages/django/template/base.py", line 163, in _render
    return self.nodelist.render(context)
           ~~~~~~~~~~~~~~~~~~~~^^^^^^^^^
  File "/home/G1nxx/Projects/IGI/353502_BURCHUCK_5/IGI/LR5/Parking/p_env/lib/python3.13/site-packages/django/template/base.py", line 1016, in render
    return SafeString("".join([node.render_annotated(context) for node in self]))
                               ~~~~~~~~~~~~~~~~~~~~~^^^^^^^^^
  File "/home/G1nxx/Projects/IGI/353502_BURCHUCK_5/IGI/LR5/Parking/p_env/lib/python3.13/site-packages/django/template/base.py", line 977, in render_annotated
    return self.render(context)
           ~~~~~~~~~~~^^^^^^^^^
  File "/home/G1nxx/Projects/IGI/353502_BURCHUCK_5/IGI/LR5/Parking/p_env/lib/python3.13/site-packages/django/template/defaulttags.py", line 243, in render
    nodelist.append(node.render_annotated(context))
                    ~~~~~~~~~~~~~~~~~~~~~^^^^^^^^^
  File "/home/G1nxx/Projects/IGI/353502_BURCHUCK_5/IGI/LR5/Parking/p_env/lib/python3.13/site-packages/django/template/base.py", line 977, in render_annotated
    return self.render(context)
           ~~~~~~~~~~~^^^^^^^^^
  File "/home/G1nxx/Projects/IGI/353502_BURCHUCK_5/IGI/LR5/Parking/p_env/lib/python3.13/site-packages/django/template/defaulttags.py", line 243, in render
    nodelist.append(node.render_annotated(context))
                    ~~~~~~~~~~~~~~~~~~~~~^^^^^^^^^
  File "/home/G1nxx/Projects/IGI/353502_BURCHUCK_5/IGI/LR5/Parking/p_env/lib/python3.13/site-packages/django/template/base.py", line 977, in render_annotated
    return self.render(context)
           ~~~~~~~~~~~^^^^^^^^^
  File "/home/G1nxx/Projects/IGI/353502_BURCHUCK_5/IGI/LR5/Parking/p_env/lib/python3.13/site-packages/django/template/defaulttags.py", line 327, in render
    return nodelist.render(context)
           ~~~~~~~~~~~~~~~^^^^^^^^^
  File "/home/G1nxx/Projects/IGI/353502_BURCHUCK_5/IGI/LR5/Parking/p_env/lib/python3.13/site-packages/django/template/base.py", line 1016, in render
    return SafeString("".join([node.render_annotated(context) for node in self]))
                               ~~~~~~~~~~~~~~~~~~~~~^^^^^^^^^
  File "/home/G1nxx/Projects/IGI/353502_BURCHUCK_5/IGI/LR5/Parking/p_env/lib/python3.13/site-packages/django/template/base.py", line 977, in render_annotated
    return self.render(context)
           ~~~~~~~~~~~^^^^^^^^^
  File "/home/G1nxx/Projects/IGI/353502_BURCHUCK_5/IGI/LR5/Parking/p_env/lib/python3.13/site-packages/django/template/defaulttags.py", line 327, in render
    return nodelist.render(context)
           ~~~~~~~~~~~~~~~^^^^^^^^^
  File "/home/G1nxx/Projects/IGI/353502_BURCHUCK_5/IGI/LR5/Parking/p_env/lib/python3.13/site-packages/django/template/base.py", line 1016, in render
    return SafeString("".join([node.render_annotated(context) for node in self]))
                               ~~~~~~~~~~~~~~~~~~~~~^^^^^^^^^
  File "/home/G1nxx/Projects/IGI/353502_BURCHUCK_5/IGI/LR5/Parking/p_env/lib/python3.13/site-packages/django/template/base.py", line 977, in render_annotated
    return self.render(context)
           ~~~~~~~~~~~^^^^^^^^^
  File "/home/G1nxx/Projects/IGI/353502_BURCHUCK_5/IGI/LR5/Parking/p_env/lib/python3.13/site-packages/django/template/base.py", line 1081, in render
    return render_value_in_context(output, context)
  File "/home/G1nxx/Projects/IGI/353502_BURCHUCK_5/IGI/LR5/Parking/p_env/lib/python3.13/site-packages/django/template/base.py", line 1058, in render_value_in_context
    value = str(value)
  File "/home/G1nxx/Projects/IGI/353502_BURCHUCK_5/IGI/LR5/Parking/p_env/lib/python3.13/site-packages/django/forms/utils.py", line 79, in __str__
    return self.as_widget()
           ~~~~~~~~~~~~~~^^
  File "/home/G1nxx/Projects/IGI/353502_BURCHUCK_5/IGI/LR5/Parking/p_env/lib/python3.13/site-packages/django/forms/boundfield.py", line 108, in as_widget
    return widget.render(
           ~~~~~~~~~~~~~^
        name=self.html_initial_name if only_initial else self.html_name,
        ^^^^^^^^^^^^^^^^^^^^^^^^^^^^^^^^^^^^^^^^^^^^^^^^^^^^^^^^^^^^^^^^
    ...<2 lines>...
        renderer=self.form.renderer,
        ^^^^^^^^^^^^^^^^^^^^^^^^^^^^
    )
    ^
  File "/home/G1nxx/Projects/IGI/353502_BURCHUCK_5/IGI/LR5/Parking/p_env/lib/python3.13/site-packages/django/forms/widgets.py", line 329, in render
    context = self.get_context(name, value, attrs)
  File "/home/G1nxx/Projects/IGI/353502_BURCHUCK_5/IGI/LR5/Parking/p_env/lib/python3.13/site-packages/django/contrib/admin/widgets.py", line 329, in get_context
    "rendered_widget": self.widget.render(name, value, attrs),
                       ~~~~~~~~~~~~~~~~~~^^^^^^^^^^^^^^^^^^^^
  File "/home/G1nxx/Projects/IGI/353502_BURCHUCK_5/IGI/LR5/Parking/p_env/lib/python3.13/site-packages/django/forms/widgets.py", line 329, in render
    context = self.get_context(name, value, attrs)
  File "/home/G1nxx/Projects/IGI/353502_BURCHUCK_5/IGI/LR5/Parking/p_env/lib/python3.13/site-packages/django/forms/widgets.py", line 830, in get_context
    context = super().get_context(name, value, attrs)
  File "/home/G1nxx/Projects/IGI/353502_BURCHUCK_5/IGI/LR5/Parking/p_env/lib/python3.13/site-packages/django/forms/widgets.py", line 781, in get_context
    context["widget"]["optgroups"] = self.optgroups(
                                     ~~~~~~~~~~~~~~^
        name, context["widget"]["value"], attrs
        ^^^^^^^^^^^^^^^^^^^^^^^^^^^^^^^^^^^^^^^
    )
    ^
  File "/home/G1nxx/Projects/IGI/353502_BURCHUCK_5/IGI/LR5/Parking/p_env/lib/python3.13/site-packages/django/forms/widgets.py", line 721, in optgroups
    for index, (option_value, option_label) in enumerate(self.choices):
                                               ~~~~~~~~~^^^^^^^^^^^^^^
  File "/home/G1nxx/Projects/IGI/353502_BURCHUCK_5/IGI/LR5/Parking/p_env/lib/python3.13/site-packages/django/forms/models.py", line 1425, in __iter__
    yield self.choice(obj)
          ~~~~~~~~~~~^^^^^
  File "/home/G1nxx/Projects/IGI/353502_BURCHUCK_5/IGI/LR5/Parking/p_env/lib/python3.13/site-packages/django/forms/models.py", line 1439, in choice
    self.field.label_from_instance(obj),
    ~~~~~~~~~~~~~~~~~~~~~~~~~~~~~~^^^^^
  File "/home/G1nxx/Projects/IGI/353502_BURCHUCK_5/IGI/LR5/Parking/p_env/lib/python3.13/site-packages/django/forms/models.py", line 1529, in label_from_instance
    return str(obj)
  File "/home/G1nxx/Projects/IGI/353502_BURCHUCK_5/IGI/LR5/Parking/auto_car/models.py", line 13, in __str__
    return f"{self.username} ({self.get_full_name()})" if self.get_full_name() else self.username
                                                          ^^^^^^^^^^^^^^^^^^
AttributeError: 'ServiceUser' object has no attribute 'get_full_name'
ERROR 2025-05-13 01:23:51,454 basehttp "GET /admin/auto_car/car/add/ HTTP/1.1" 500 618652
INFO 2025-05-13 01:23:54,061 basehttp "GET /admin/auto_car/car/ HTTP/1.1" 200 13036
ERROR 2025-05-13 01:23:57,472 log Internal Server Error: /admin/auto_car/car/add/
Traceback (most recent call last):
  File "/home/G1nxx/Projects/IGI/353502_BURCHUCK_5/IGI/LR5/Parking/p_env/lib/python3.13/site-packages/django/core/handlers/exception.py", line 55, in inner
    response = get_response(request)
  File "/home/G1nxx/Projects/IGI/353502_BURCHUCK_5/IGI/LR5/Parking/p_env/lib/python3.13/site-packages/django/core/handlers/base.py", line 220, in _get_response
    response = response.render()
  File "/home/G1nxx/Projects/IGI/353502_BURCHUCK_5/IGI/LR5/Parking/p_env/lib/python3.13/site-packages/django/template/response.py", line 114, in render
    self.content = self.rendered_content
                   ^^^^^^^^^^^^^^^^^^^^^
  File "/home/G1nxx/Projects/IGI/353502_BURCHUCK_5/IGI/LR5/Parking/p_env/lib/python3.13/site-packages/django/template/response.py", line 92, in rendered_content
    return template.render(context, self._request)
           ~~~~~~~~~~~~~~~^^^^^^^^^^^^^^^^^^^^^^^^
  File "/home/G1nxx/Projects/IGI/353502_BURCHUCK_5/IGI/LR5/Parking/p_env/lib/python3.13/site-packages/django/template/backends/django.py", line 107, in render
    return self.template.render(context)
           ~~~~~~~~~~~~~~~~~~~~^^^^^^^^^
  File "/home/G1nxx/Projects/IGI/353502_BURCHUCK_5/IGI/LR5/Parking/p_env/lib/python3.13/site-packages/django/template/base.py", line 171, in render
    return self._render(context)
           ~~~~~~~~~~~~^^^^^^^^^
  File "/home/G1nxx/Projects/IGI/353502_BURCHUCK_5/IGI/LR5/Parking/p_env/lib/python3.13/site-packages/django/template/base.py", line 163, in _render
    return self.nodelist.render(context)
           ~~~~~~~~~~~~~~~~~~~~^^^^^^^^^
  File "/home/G1nxx/Projects/IGI/353502_BURCHUCK_5/IGI/LR5/Parking/p_env/lib/python3.13/site-packages/django/template/base.py", line 1016, in render
    return SafeString("".join([node.render_annotated(context) for node in self]))
                               ~~~~~~~~~~~~~~~~~~~~~^^^^^^^^^
  File "/home/G1nxx/Projects/IGI/353502_BURCHUCK_5/IGI/LR5/Parking/p_env/lib/python3.13/site-packages/django/template/base.py", line 977, in render_annotated
    return self.render(context)
           ~~~~~~~~~~~^^^^^^^^^
  File "/home/G1nxx/Projects/IGI/353502_BURCHUCK_5/IGI/LR5/Parking/p_env/lib/python3.13/site-packages/django/template/loader_tags.py", line 159, in render
    return compiled_parent._render(context)
           ~~~~~~~~~~~~~~~~~~~~~~~^^^^^^^^^
  File "/home/G1nxx/Projects/IGI/353502_BURCHUCK_5/IGI/LR5/Parking/p_env/lib/python3.13/site-packages/django/template/base.py", line 163, in _render
    return self.nodelist.render(context)
           ~~~~~~~~~~~~~~~~~~~~^^^^^^^^^
  File "/home/G1nxx/Projects/IGI/353502_BURCHUCK_5/IGI/LR5/Parking/p_env/lib/python3.13/site-packages/django/template/base.py", line 1016, in render
    return SafeString("".join([node.render_annotated(context) for node in self]))
                               ~~~~~~~~~~~~~~~~~~~~~^^^^^^^^^
  File "/home/G1nxx/Projects/IGI/353502_BURCHUCK_5/IGI/LR5/Parking/p_env/lib/python3.13/site-packages/django/template/base.py", line 977, in render_annotated
    return self.render(context)
           ~~~~~~~~~~~^^^^^^^^^
  File "/home/G1nxx/Projects/IGI/353502_BURCHUCK_5/IGI/LR5/Parking/p_env/lib/python3.13/site-packages/django/template/loader_tags.py", line 159, in render
    return compiled_parent._render(context)
           ~~~~~~~~~~~~~~~~~~~~~~~^^^^^^^^^
  File "/home/G1nxx/Projects/IGI/353502_BURCHUCK_5/IGI/LR5/Parking/p_env/lib/python3.13/site-packages/django/template/base.py", line 163, in _render
    return self.nodelist.render(context)
           ~~~~~~~~~~~~~~~~~~~~^^^^^^^^^
  File "/home/G1nxx/Projects/IGI/353502_BURCHUCK_5/IGI/LR5/Parking/p_env/lib/python3.13/site-packages/django/template/base.py", line 1016, in render
    return SafeString("".join([node.render_annotated(context) for node in self]))
                               ~~~~~~~~~~~~~~~~~~~~~^^^^^^^^^
  File "/home/G1nxx/Projects/IGI/353502_BURCHUCK_5/IGI/LR5/Parking/p_env/lib/python3.13/site-packages/django/template/base.py", line 977, in render_annotated
    return self.render(context)
           ~~~~~~~~~~~^^^^^^^^^
  File "/home/G1nxx/Projects/IGI/353502_BURCHUCK_5/IGI/LR5/Parking/p_env/lib/python3.13/site-packages/django/template/loader_tags.py", line 65, in render
    result = block.nodelist.render(context)
  File "/home/G1nxx/Projects/IGI/353502_BURCHUCK_5/IGI/LR5/Parking/p_env/lib/python3.13/site-packages/django/template/base.py", line 1016, in render
    return SafeString("".join([node.render_annotated(context) for node in self]))
                               ~~~~~~~~~~~~~~~~~~~~~^^^^^^^^^
  File "/home/G1nxx/Projects/IGI/353502_BURCHUCK_5/IGI/LR5/Parking/p_env/lib/python3.13/site-packages/django/template/base.py", line 977, in render_annotated
    return self.render(context)
           ~~~~~~~~~~~^^^^^^^^^
  File "/home/G1nxx/Projects/IGI/353502_BURCHUCK_5/IGI/LR5/Parking/p_env/lib/python3.13/site-packages/django/template/loader_tags.py", line 65, in render
    result = block.nodelist.render(context)
  File "/home/G1nxx/Projects/IGI/353502_BURCHUCK_5/IGI/LR5/Parking/p_env/lib/python3.13/site-packages/django/template/base.py", line 1016, in render
    return SafeString("".join([node.render_annotated(context) for node in self]))
                               ~~~~~~~~~~~~~~~~~~~~~^^^^^^^^^
  File "/home/G1nxx/Projects/IGI/353502_BURCHUCK_5/IGI/LR5/Parking/p_env/lib/python3.13/site-packages/django/template/base.py", line 977, in render_annotated
    return self.render(context)
           ~~~~~~~~~~~^^^^^^^^^
  File "/home/G1nxx/Projects/IGI/353502_BURCHUCK_5/IGI/LR5/Parking/p_env/lib/python3.13/site-packages/django/template/defaulttags.py", line 243, in render
    nodelist.append(node.render_annotated(context))
                    ~~~~~~~~~~~~~~~~~~~~~^^^^^^^^^
  File "/home/G1nxx/Projects/IGI/353502_BURCHUCK_5/IGI/LR5/Parking/p_env/lib/python3.13/site-packages/django/template/base.py", line 977, in render_annotated
    return self.render(context)
           ~~~~~~~~~~~^^^^^^^^^
  File "/home/G1nxx/Projects/IGI/353502_BURCHUCK_5/IGI/LR5/Parking/p_env/lib/python3.13/site-packages/django/template/loader_tags.py", line 210, in render
    return template.render(context)
           ~~~~~~~~~~~~~~~^^^^^^^^^
  File "/home/G1nxx/Projects/IGI/353502_BURCHUCK_5/IGI/LR5/Parking/p_env/lib/python3.13/site-packages/django/template/base.py", line 173, in render
    return self._render(context)
           ~~~~~~~~~~~~^^^^^^^^^
  File "/home/G1nxx/Projects/IGI/353502_BURCHUCK_5/IGI/LR5/Parking/p_env/lib/python3.13/site-packages/django/template/base.py", line 163, in _render
    return self.nodelist.render(context)
           ~~~~~~~~~~~~~~~~~~~~^^^^^^^^^
  File "/home/G1nxx/Projects/IGI/353502_BURCHUCK_5/IGI/LR5/Parking/p_env/lib/python3.13/site-packages/django/template/base.py", line 1016, in render
    return SafeString("".join([node.render_annotated(context) for node in self]))
                               ~~~~~~~~~~~~~~~~~~~~~^^^^^^^^^
  File "/home/G1nxx/Projects/IGI/353502_BURCHUCK_5/IGI/LR5/Parking/p_env/lib/python3.13/site-packages/django/template/base.py", line 977, in render_annotated
    return self.render(context)
           ~~~~~~~~~~~^^^^^^^^^
  File "/home/G1nxx/Projects/IGI/353502_BURCHUCK_5/IGI/LR5/Parking/p_env/lib/python3.13/site-packages/django/template/defaulttags.py", line 243, in render
    nodelist.append(node.render_annotated(context))
                    ~~~~~~~~~~~~~~~~~~~~~^^^^^^^^^
  File "/home/G1nxx/Projects/IGI/353502_BURCHUCK_5/IGI/LR5/Parking/p_env/lib/python3.13/site-packages/django/template/base.py", line 977, in render_annotated
    return self.render(context)
           ~~~~~~~~~~~^^^^^^^^^
  File "/home/G1nxx/Projects/IGI/353502_BURCHUCK_5/IGI/LR5/Parking/p_env/lib/python3.13/site-packages/django/template/defaulttags.py", line 243, in render
    nodelist.append(node.render_annotated(context))
                    ~~~~~~~~~~~~~~~~~~~~~^^^^^^^^^
  File "/home/G1nxx/Projects/IGI/353502_BURCHUCK_5/IGI/LR5/Parking/p_env/lib/python3.13/site-packages/django/template/base.py", line 977, in render_annotated
    return self.render(context)
           ~~~~~~~~~~~^^^^^^^^^
  File "/home/G1nxx/Projects/IGI/353502_BURCHUCK_5/IGI/LR5/Parking/p_env/lib/python3.13/site-packages/django/template/defaulttags.py", line 327, in render
    return nodelist.render(context)
           ~~~~~~~~~~~~~~~^^^^^^^^^
  File "/home/G1nxx/Projects/IGI/353502_BURCHUCK_5/IGI/LR5/Parking/p_env/lib/python3.13/site-packages/django/template/base.py", line 1016, in render
    return SafeString("".join([node.render_annotated(context) for node in self]))
                               ~~~~~~~~~~~~~~~~~~~~~^^^^^^^^^
  File "/home/G1nxx/Projects/IGI/353502_BURCHUCK_5/IGI/LR5/Parking/p_env/lib/python3.13/site-packages/django/template/base.py", line 977, in render_annotated
    return self.render(context)
           ~~~~~~~~~~~^^^^^^^^^
  File "/home/G1nxx/Projects/IGI/353502_BURCHUCK_5/IGI/LR5/Parking/p_env/lib/python3.13/site-packages/django/template/defaulttags.py", line 327, in render
    return nodelist.render(context)
           ~~~~~~~~~~~~~~~^^^^^^^^^
  File "/home/G1nxx/Projects/IGI/353502_BURCHUCK_5/IGI/LR5/Parking/p_env/lib/python3.13/site-packages/django/template/base.py", line 1016, in render
    return SafeString("".join([node.render_annotated(context) for node in self]))
                               ~~~~~~~~~~~~~~~~~~~~~^^^^^^^^^
  File "/home/G1nxx/Projects/IGI/353502_BURCHUCK_5/IGI/LR5/Parking/p_env/lib/python3.13/site-packages/django/template/base.py", line 977, in render_annotated
    return self.render(context)
           ~~~~~~~~~~~^^^^^^^^^
  File "/home/G1nxx/Projects/IGI/353502_BURCHUCK_5/IGI/LR5/Parking/p_env/lib/python3.13/site-packages/django/template/base.py", line 1081, in render
    return render_value_in_context(output, context)
  File "/home/G1nxx/Projects/IGI/353502_BURCHUCK_5/IGI/LR5/Parking/p_env/lib/python3.13/site-packages/django/template/base.py", line 1058, in render_value_in_context
    value = str(value)
  File "/home/G1nxx/Projects/IGI/353502_BURCHUCK_5/IGI/LR5/Parking/p_env/lib/python3.13/site-packages/django/forms/utils.py", line 79, in __str__
    return self.as_widget()
           ~~~~~~~~~~~~~~^^
  File "/home/G1nxx/Projects/IGI/353502_BURCHUCK_5/IGI/LR5/Parking/p_env/lib/python3.13/site-packages/django/forms/boundfield.py", line 108, in as_widget
    return widget.render(
           ~~~~~~~~~~~~~^
        name=self.html_initial_name if only_initial else self.html_name,
        ^^^^^^^^^^^^^^^^^^^^^^^^^^^^^^^^^^^^^^^^^^^^^^^^^^^^^^^^^^^^^^^^
    ...<2 lines>...
        renderer=self.form.renderer,
        ^^^^^^^^^^^^^^^^^^^^^^^^^^^^
    )
    ^
  File "/home/G1nxx/Projects/IGI/353502_BURCHUCK_5/IGI/LR5/Parking/p_env/lib/python3.13/site-packages/django/forms/widgets.py", line 329, in render
    context = self.get_context(name, value, attrs)
  File "/home/G1nxx/Projects/IGI/353502_BURCHUCK_5/IGI/LR5/Parking/p_env/lib/python3.13/site-packages/django/contrib/admin/widgets.py", line 329, in get_context
    "rendered_widget": self.widget.render(name, value, attrs),
                       ~~~~~~~~~~~~~~~~~~^^^^^^^^^^^^^^^^^^^^
  File "/home/G1nxx/Projects/IGI/353502_BURCHUCK_5/IGI/LR5/Parking/p_env/lib/python3.13/site-packages/django/forms/widgets.py", line 329, in render
    context = self.get_context(name, value, attrs)
  File "/home/G1nxx/Projects/IGI/353502_BURCHUCK_5/IGI/LR5/Parking/p_env/lib/python3.13/site-packages/django/forms/widgets.py", line 830, in get_context
    context = super().get_context(name, value, attrs)
  File "/home/G1nxx/Projects/IGI/353502_BURCHUCK_5/IGI/LR5/Parking/p_env/lib/python3.13/site-packages/django/forms/widgets.py", line 781, in get_context
    context["widget"]["optgroups"] = self.optgroups(
                                     ~~~~~~~~~~~~~~^
        name, context["widget"]["value"], attrs
        ^^^^^^^^^^^^^^^^^^^^^^^^^^^^^^^^^^^^^^^
    )
    ^
  File "/home/G1nxx/Projects/IGI/353502_BURCHUCK_5/IGI/LR5/Parking/p_env/lib/python3.13/site-packages/django/forms/widgets.py", line 721, in optgroups
    for index, (option_value, option_label) in enumerate(self.choices):
                                               ~~~~~~~~~^^^^^^^^^^^^^^
  File "/home/G1nxx/Projects/IGI/353502_BURCHUCK_5/IGI/LR5/Parking/p_env/lib/python3.13/site-packages/django/forms/models.py", line 1425, in __iter__
    yield self.choice(obj)
          ~~~~~~~~~~~^^^^^
  File "/home/G1nxx/Projects/IGI/353502_BURCHUCK_5/IGI/LR5/Parking/p_env/lib/python3.13/site-packages/django/forms/models.py", line 1439, in choice
    self.field.label_from_instance(obj),
    ~~~~~~~~~~~~~~~~~~~~~~~~~~~~~~^^^^^
  File "/home/G1nxx/Projects/IGI/353502_BURCHUCK_5/IGI/LR5/Parking/p_env/lib/python3.13/site-packages/django/forms/models.py", line 1529, in label_from_instance
    return str(obj)
  File "/home/G1nxx/Projects/IGI/353502_BURCHUCK_5/IGI/LR5/Parking/auto_car/models.py", line 13, in __str__
    return f"{self.username} ({self.get_full_name()})" if self.get_full_name() else self.username
                                                          ^^^^^^^^^^^^^^^^^^
AttributeError: 'ServiceUser' object has no attribute 'get_full_name'
ERROR 2025-05-13 01:23:57,484 basehttp "GET /admin/auto_car/car/add/ HTTP/1.1" 500 618652
INFO 2025-05-13 01:24:16,272 autoreload /home/G1nxx/Projects/IGI/353502_BURCHUCK_5/IGI/LR5/Parking/auto_car/models.py changed, reloading.
INFO 2025-05-13 01:24:17,323 autoreload Watching for file changes with StatReloader
INFO 2025-05-13 01:24:19,517 autoreload /home/G1nxx/Projects/IGI/353502_BURCHUCK_5/IGI/LR5/Parking/auto_car/models.py changed, reloading.
INFO 2025-05-13 01:24:20,345 autoreload Watching for file changes with StatReloader
INFO 2025-05-13 01:24:21,540 autoreload /home/G1nxx/Projects/IGI/353502_BURCHUCK_5/IGI/LR5/Parking/auto_car/models.py changed, reloading.
INFO 2025-05-13 01:24:22,468 autoreload Watching for file changes with StatReloader
INFO 2025-05-13 01:24:24,673 autoreload /home/G1nxx/Projects/IGI/353502_BURCHUCK_5/IGI/LR5/Parking/auto_car/models.py changed, reloading.
INFO 2025-05-13 01:24:25,586 autoreload Watching for file changes with StatReloader
INFO 2025-05-13 01:24:26,779 autoreload /home/G1nxx/Projects/IGI/353502_BURCHUCK_5/IGI/LR5/Parking/auto_car/models.py changed, reloading.
INFO 2025-05-13 01:24:27,657 autoreload Watching for file changes with StatReloader
INFO 2025-05-13 01:24:31,912 autoreload /home/G1nxx/Projects/IGI/353502_BURCHUCK_5/IGI/LR5/Parking/auto_car/models.py changed, reloading.
INFO 2025-05-13 01:24:32,852 autoreload Watching for file changes with StatReloader
INFO 2025-05-13 01:24:39,594 autoreload /home/G1nxx/Projects/IGI/353502_BURCHUCK_5/IGI/LR5/Parking/auto_car/models.py changed, reloading.
INFO 2025-05-13 01:24:40,602 autoreload Watching for file changes with StatReloader
INFO 2025-05-13 01:24:43,199 autoreload /home/G1nxx/Projects/IGI/353502_BURCHUCK_5/IGI/LR5/Parking/auto_car/models.py changed, reloading.
INFO 2025-05-13 01:24:44,046 autoreload Watching for file changes with StatReloader
INFO 2025-05-13 01:24:51,328 autoreload /home/G1nxx/Projects/IGI/353502_BURCHUCK_5/IGI/LR5/Parking/auto_car/models.py changed, reloading.
INFO 2025-05-13 01:24:52,090 autoreload Watching for file changes with StatReloader
INFO 2025-05-13 01:25:05,954 autoreload /home/G1nxx/Projects/IGI/353502_BURCHUCK_5/IGI/LR5/Parking/auto_car/models.py changed, reloading.
INFO 2025-05-13 01:25:07,008 autoreload Watching for file changes with StatReloader
INFO 2025-05-13 01:25:08,200 autoreload /home/G1nxx/Projects/IGI/353502_BURCHUCK_5/IGI/LR5/Parking/auto_car/models.py changed, reloading.
INFO 2025-05-13 01:25:09,194 autoreload Watching for file changes with StatReloader
INFO 2025-05-13 01:25:34,641 autoreload /home/G1nxx/Projects/IGI/353502_BURCHUCK_5/IGI/LR5/Parking/auto_car/models.py changed, reloading.
INFO 2025-05-13 01:25:35,570 autoreload Watching for file changes with StatReloader
INFO 2025-05-13 01:25:38,159 autoreload /home/G1nxx/Projects/IGI/353502_BURCHUCK_5/IGI/LR5/Parking/auto_car/models.py changed, reloading.
INFO 2025-05-13 01:25:39,180 autoreload Watching for file changes with StatReloader
INFO 2025-05-13 01:25:45,918 autoreload /home/G1nxx/Projects/IGI/353502_BURCHUCK_5/IGI/LR5/Parking/auto_car/models.py changed, reloading.
INFO 2025-05-13 01:25:46,875 autoreload Watching for file changes with StatReloader
INFO 2025-05-13 01:26:15,881 autoreload /home/G1nxx/Projects/IGI/353502_BURCHUCK_5/IGI/LR5/Parking/auto_car/models.py changed, reloading.
INFO 2025-05-13 01:26:17,084 autoreload Watching for file changes with StatReloader
INFO 2025-05-13 01:26:21,679 autoreload /home/G1nxx/Projects/IGI/353502_BURCHUCK_5/IGI/LR5/Parking/auto_car/models.py changed, reloading.
INFO 2025-05-13 01:26:22,552 autoreload Watching for file changes with StatReloader
INFO 2025-05-13 01:26:26,777 autoreload /home/G1nxx/Projects/IGI/353502_BURCHUCK_5/IGI/LR5/Parking/auto_car/models.py changed, reloading.
INFO 2025-05-13 01:26:27,587 autoreload Watching for file changes with StatReloader
INFO 2025-05-13 01:30:21,677 autoreload /home/G1nxx/Projects/IGI/353502_BURCHUCK_5/IGI/LR5/Parking/auto_car/models.py changed, reloading.
INFO 2025-05-13 01:30:22,665 autoreload Watching for file changes with StatReloader
INFO 2025-05-13 01:30:24,269 autoreload /home/G1nxx/Projects/IGI/353502_BURCHUCK_5/IGI/LR5/Parking/auto_car/models.py changed, reloading.
INFO 2025-05-13 01:30:25,103 autoreload Watching for file changes with StatReloader
INFO 2025-05-13 01:30:26,711 autoreload /home/G1nxx/Projects/IGI/353502_BURCHUCK_5/IGI/LR5/Parking/auto_car/models.py changed, reloading.
INFO 2025-05-13 01:30:27,619 autoreload Watching for file changes with StatReloader
INFO 2025-05-13 01:30:31,892 autoreload /home/G1nxx/Projects/IGI/353502_BURCHUCK_5/IGI/LR5/Parking/auto_car/models.py changed, reloading.
INFO 2025-05-13 01:30:32,846 autoreload Watching for file changes with StatReloader
INFO 2025-05-13 01:30:37,138 autoreload /home/G1nxx/Projects/IGI/353502_BURCHUCK_5/IGI/LR5/Parking/auto_car/models.py changed, reloading.
INFO 2025-05-13 01:30:38,042 autoreload Watching for file changes with StatReloader
ERROR 2025-05-13 01:30:53,644 log Internal Server Error: /admin/auto_car/car/add/
Traceback (most recent call last):
  File "/home/G1nxx/Projects/IGI/353502_BURCHUCK_5/IGI/LR5/Parking/p_env/lib/python3.13/site-packages/django/core/handlers/exception.py", line 55, in inner
    response = get_response(request)
  File "/home/G1nxx/Projects/IGI/353502_BURCHUCK_5/IGI/LR5/Parking/p_env/lib/python3.13/site-packages/django/core/handlers/base.py", line 220, in _get_response
    response = response.render()
  File "/home/G1nxx/Projects/IGI/353502_BURCHUCK_5/IGI/LR5/Parking/p_env/lib/python3.13/site-packages/django/template/response.py", line 114, in render
    self.content = self.rendered_content
                   ^^^^^^^^^^^^^^^^^^^^^
  File "/home/G1nxx/Projects/IGI/353502_BURCHUCK_5/IGI/LR5/Parking/p_env/lib/python3.13/site-packages/django/template/response.py", line 92, in rendered_content
    return template.render(context, self._request)
           ~~~~~~~~~~~~~~~^^^^^^^^^^^^^^^^^^^^^^^^
  File "/home/G1nxx/Projects/IGI/353502_BURCHUCK_5/IGI/LR5/Parking/p_env/lib/python3.13/site-packages/django/template/backends/django.py", line 107, in render
    return self.template.render(context)
           ~~~~~~~~~~~~~~~~~~~~^^^^^^^^^
  File "/home/G1nxx/Projects/IGI/353502_BURCHUCK_5/IGI/LR5/Parking/p_env/lib/python3.13/site-packages/django/template/base.py", line 171, in render
    return self._render(context)
           ~~~~~~~~~~~~^^^^^^^^^
  File "/home/G1nxx/Projects/IGI/353502_BURCHUCK_5/IGI/LR5/Parking/p_env/lib/python3.13/site-packages/django/template/base.py", line 163, in _render
    return self.nodelist.render(context)
           ~~~~~~~~~~~~~~~~~~~~^^^^^^^^^
  File "/home/G1nxx/Projects/IGI/353502_BURCHUCK_5/IGI/LR5/Parking/p_env/lib/python3.13/site-packages/django/template/base.py", line 1016, in render
    return SafeString("".join([node.render_annotated(context) for node in self]))
                               ~~~~~~~~~~~~~~~~~~~~~^^^^^^^^^
  File "/home/G1nxx/Projects/IGI/353502_BURCHUCK_5/IGI/LR5/Parking/p_env/lib/python3.13/site-packages/django/template/base.py", line 977, in render_annotated
    return self.render(context)
           ~~~~~~~~~~~^^^^^^^^^
  File "/home/G1nxx/Projects/IGI/353502_BURCHUCK_5/IGI/LR5/Parking/p_env/lib/python3.13/site-packages/django/template/loader_tags.py", line 159, in render
    return compiled_parent._render(context)
           ~~~~~~~~~~~~~~~~~~~~~~~^^^^^^^^^
  File "/home/G1nxx/Projects/IGI/353502_BURCHUCK_5/IGI/LR5/Parking/p_env/lib/python3.13/site-packages/django/template/base.py", line 163, in _render
    return self.nodelist.render(context)
           ~~~~~~~~~~~~~~~~~~~~^^^^^^^^^
  File "/home/G1nxx/Projects/IGI/353502_BURCHUCK_5/IGI/LR5/Parking/p_env/lib/python3.13/site-packages/django/template/base.py", line 1016, in render
    return SafeString("".join([node.render_annotated(context) for node in self]))
                               ~~~~~~~~~~~~~~~~~~~~~^^^^^^^^^
  File "/home/G1nxx/Projects/IGI/353502_BURCHUCK_5/IGI/LR5/Parking/p_env/lib/python3.13/site-packages/django/template/base.py", line 977, in render_annotated
    return self.render(context)
           ~~~~~~~~~~~^^^^^^^^^
  File "/home/G1nxx/Projects/IGI/353502_BURCHUCK_5/IGI/LR5/Parking/p_env/lib/python3.13/site-packages/django/template/loader_tags.py", line 159, in render
    return compiled_parent._render(context)
           ~~~~~~~~~~~~~~~~~~~~~~~^^^^^^^^^
  File "/home/G1nxx/Projects/IGI/353502_BURCHUCK_5/IGI/LR5/Parking/p_env/lib/python3.13/site-packages/django/template/base.py", line 163, in _render
    return self.nodelist.render(context)
           ~~~~~~~~~~~~~~~~~~~~^^^^^^^^^
  File "/home/G1nxx/Projects/IGI/353502_BURCHUCK_5/IGI/LR5/Parking/p_env/lib/python3.13/site-packages/django/template/base.py", line 1016, in render
    return SafeString("".join([node.render_annotated(context) for node in self]))
                               ~~~~~~~~~~~~~~~~~~~~~^^^^^^^^^
  File "/home/G1nxx/Projects/IGI/353502_BURCHUCK_5/IGI/LR5/Parking/p_env/lib/python3.13/site-packages/django/template/base.py", line 977, in render_annotated
    return self.render(context)
           ~~~~~~~~~~~^^^^^^^^^
  File "/home/G1nxx/Projects/IGI/353502_BURCHUCK_5/IGI/LR5/Parking/p_env/lib/python3.13/site-packages/django/template/loader_tags.py", line 65, in render
    result = block.nodelist.render(context)
  File "/home/G1nxx/Projects/IGI/353502_BURCHUCK_5/IGI/LR5/Parking/p_env/lib/python3.13/site-packages/django/template/base.py", line 1016, in render
    return SafeString("".join([node.render_annotated(context) for node in self]))
                               ~~~~~~~~~~~~~~~~~~~~~^^^^^^^^^
  File "/home/G1nxx/Projects/IGI/353502_BURCHUCK_5/IGI/LR5/Parking/p_env/lib/python3.13/site-packages/django/template/base.py", line 977, in render_annotated
    return self.render(context)
           ~~~~~~~~~~~^^^^^^^^^
  File "/home/G1nxx/Projects/IGI/353502_BURCHUCK_5/IGI/LR5/Parking/p_env/lib/python3.13/site-packages/django/template/loader_tags.py", line 65, in render
    result = block.nodelist.render(context)
  File "/home/G1nxx/Projects/IGI/353502_BURCHUCK_5/IGI/LR5/Parking/p_env/lib/python3.13/site-packages/django/template/base.py", line 1016, in render
    return SafeString("".join([node.render_annotated(context) for node in self]))
                               ~~~~~~~~~~~~~~~~~~~~~^^^^^^^^^
  File "/home/G1nxx/Projects/IGI/353502_BURCHUCK_5/IGI/LR5/Parking/p_env/lib/python3.13/site-packages/django/template/base.py", line 977, in render_annotated
    return self.render(context)
           ~~~~~~~~~~~^^^^^^^^^
  File "/home/G1nxx/Projects/IGI/353502_BURCHUCK_5/IGI/LR5/Parking/p_env/lib/python3.13/site-packages/django/template/defaulttags.py", line 243, in render
    nodelist.append(node.render_annotated(context))
                    ~~~~~~~~~~~~~~~~~~~~~^^^^^^^^^
  File "/home/G1nxx/Projects/IGI/353502_BURCHUCK_5/IGI/LR5/Parking/p_env/lib/python3.13/site-packages/django/template/base.py", line 977, in render_annotated
    return self.render(context)
           ~~~~~~~~~~~^^^^^^^^^
  File "/home/G1nxx/Projects/IGI/353502_BURCHUCK_5/IGI/LR5/Parking/p_env/lib/python3.13/site-packages/django/template/loader_tags.py", line 210, in render
    return template.render(context)
           ~~~~~~~~~~~~~~~^^^^^^^^^
  File "/home/G1nxx/Projects/IGI/353502_BURCHUCK_5/IGI/LR5/Parking/p_env/lib/python3.13/site-packages/django/template/base.py", line 173, in render
    return self._render(context)
           ~~~~~~~~~~~~^^^^^^^^^
  File "/home/G1nxx/Projects/IGI/353502_BURCHUCK_5/IGI/LR5/Parking/p_env/lib/python3.13/site-packages/django/template/base.py", line 163, in _render
    return self.nodelist.render(context)
           ~~~~~~~~~~~~~~~~~~~~^^^^^^^^^
  File "/home/G1nxx/Projects/IGI/353502_BURCHUCK_5/IGI/LR5/Parking/p_env/lib/python3.13/site-packages/django/template/base.py", line 1016, in render
    return SafeString("".join([node.render_annotated(context) for node in self]))
                               ~~~~~~~~~~~~~~~~~~~~~^^^^^^^^^
  File "/home/G1nxx/Projects/IGI/353502_BURCHUCK_5/IGI/LR5/Parking/p_env/lib/python3.13/site-packages/django/template/base.py", line 977, in render_annotated
    return self.render(context)
           ~~~~~~~~~~~^^^^^^^^^
  File "/home/G1nxx/Projects/IGI/353502_BURCHUCK_5/IGI/LR5/Parking/p_env/lib/python3.13/site-packages/django/template/defaulttags.py", line 243, in render
    nodelist.append(node.render_annotated(context))
                    ~~~~~~~~~~~~~~~~~~~~~^^^^^^^^^
  File "/home/G1nxx/Projects/IGI/353502_BURCHUCK_5/IGI/LR5/Parking/p_env/lib/python3.13/site-packages/django/template/base.py", line 977, in render_annotated
    return self.render(context)
           ~~~~~~~~~~~^^^^^^^^^
  File "/home/G1nxx/Projects/IGI/353502_BURCHUCK_5/IGI/LR5/Parking/p_env/lib/python3.13/site-packages/django/template/defaulttags.py", line 243, in render
    nodelist.append(node.render_annotated(context))
                    ~~~~~~~~~~~~~~~~~~~~~^^^^^^^^^
  File "/home/G1nxx/Projects/IGI/353502_BURCHUCK_5/IGI/LR5/Parking/p_env/lib/python3.13/site-packages/django/template/base.py", line 977, in render_annotated
    return self.render(context)
           ~~~~~~~~~~~^^^^^^^^^
  File "/home/G1nxx/Projects/IGI/353502_BURCHUCK_5/IGI/LR5/Parking/p_env/lib/python3.13/site-packages/django/template/defaulttags.py", line 327, in render
    return nodelist.render(context)
           ~~~~~~~~~~~~~~~^^^^^^^^^
  File "/home/G1nxx/Projects/IGI/353502_BURCHUCK_5/IGI/LR5/Parking/p_env/lib/python3.13/site-packages/django/template/base.py", line 1016, in render
    return SafeString("".join([node.render_annotated(context) for node in self]))
                               ~~~~~~~~~~~~~~~~~~~~~^^^^^^^^^
  File "/home/G1nxx/Projects/IGI/353502_BURCHUCK_5/IGI/LR5/Parking/p_env/lib/python3.13/site-packages/django/template/base.py", line 977, in render_annotated
    return self.render(context)
           ~~~~~~~~~~~^^^^^^^^^
  File "/home/G1nxx/Projects/IGI/353502_BURCHUCK_5/IGI/LR5/Parking/p_env/lib/python3.13/site-packages/django/template/defaulttags.py", line 327, in render
    return nodelist.render(context)
           ~~~~~~~~~~~~~~~^^^^^^^^^
  File "/home/G1nxx/Projects/IGI/353502_BURCHUCK_5/IGI/LR5/Parking/p_env/lib/python3.13/site-packages/django/template/base.py", line 1016, in render
    return SafeString("".join([node.render_annotated(context) for node in self]))
                               ~~~~~~~~~~~~~~~~~~~~~^^^^^^^^^
  File "/home/G1nxx/Projects/IGI/353502_BURCHUCK_5/IGI/LR5/Parking/p_env/lib/python3.13/site-packages/django/template/base.py", line 977, in render_annotated
    return self.render(context)
           ~~~~~~~~~~~^^^^^^^^^
  File "/home/G1nxx/Projects/IGI/353502_BURCHUCK_5/IGI/LR5/Parking/p_env/lib/python3.13/site-packages/django/template/base.py", line 1081, in render
    return render_value_in_context(output, context)
  File "/home/G1nxx/Projects/IGI/353502_BURCHUCK_5/IGI/LR5/Parking/p_env/lib/python3.13/site-packages/django/template/base.py", line 1058, in render_value_in_context
    value = str(value)
  File "/home/G1nxx/Projects/IGI/353502_BURCHUCK_5/IGI/LR5/Parking/p_env/lib/python3.13/site-packages/django/forms/utils.py", line 79, in __str__
    return self.as_widget()
           ~~~~~~~~~~~~~~^^
  File "/home/G1nxx/Projects/IGI/353502_BURCHUCK_5/IGI/LR5/Parking/p_env/lib/python3.13/site-packages/django/forms/boundfield.py", line 108, in as_widget
    return widget.render(
           ~~~~~~~~~~~~~^
        name=self.html_initial_name if only_initial else self.html_name,
        ^^^^^^^^^^^^^^^^^^^^^^^^^^^^^^^^^^^^^^^^^^^^^^^^^^^^^^^^^^^^^^^^
    ...<2 lines>...
        renderer=self.form.renderer,
        ^^^^^^^^^^^^^^^^^^^^^^^^^^^^
    )
    ^
  File "/home/G1nxx/Projects/IGI/353502_BURCHUCK_5/IGI/LR5/Parking/p_env/lib/python3.13/site-packages/django/forms/widgets.py", line 329, in render
    context = self.get_context(name, value, attrs)
  File "/home/G1nxx/Projects/IGI/353502_BURCHUCK_5/IGI/LR5/Parking/p_env/lib/python3.13/site-packages/django/contrib/admin/widgets.py", line 329, in get_context
    "rendered_widget": self.widget.render(name, value, attrs),
                       ~~~~~~~~~~~~~~~~~~^^^^^^^^^^^^^^^^^^^^
  File "/home/G1nxx/Projects/IGI/353502_BURCHUCK_5/IGI/LR5/Parking/p_env/lib/python3.13/site-packages/django/forms/widgets.py", line 329, in render
    context = self.get_context(name, value, attrs)
  File "/home/G1nxx/Projects/IGI/353502_BURCHUCK_5/IGI/LR5/Parking/p_env/lib/python3.13/site-packages/django/forms/widgets.py", line 830, in get_context
    context = super().get_context(name, value, attrs)
  File "/home/G1nxx/Projects/IGI/353502_BURCHUCK_5/IGI/LR5/Parking/p_env/lib/python3.13/site-packages/django/forms/widgets.py", line 781, in get_context
    context["widget"]["optgroups"] = self.optgroups(
                                     ~~~~~~~~~~~~~~^
        name, context["widget"]["value"], attrs
        ^^^^^^^^^^^^^^^^^^^^^^^^^^^^^^^^^^^^^^^
    )
    ^
  File "/home/G1nxx/Projects/IGI/353502_BURCHUCK_5/IGI/LR5/Parking/p_env/lib/python3.13/site-packages/django/forms/widgets.py", line 721, in optgroups
    for index, (option_value, option_label) in enumerate(self.choices):
                                               ~~~~~~~~~^^^^^^^^^^^^^^
  File "/home/G1nxx/Projects/IGI/353502_BURCHUCK_5/IGI/LR5/Parking/p_env/lib/python3.13/site-packages/django/forms/models.py", line 1425, in __iter__
    yield self.choice(obj)
          ~~~~~~~~~~~^^^^^
  File "/home/G1nxx/Projects/IGI/353502_BURCHUCK_5/IGI/LR5/Parking/p_env/lib/python3.13/site-packages/django/forms/models.py", line 1439, in choice
    self.field.label_from_instance(obj),
    ~~~~~~~~~~~~~~~~~~~~~~~~~~~~~~^^^^^
  File "/home/G1nxx/Projects/IGI/353502_BURCHUCK_5/IGI/LR5/Parking/p_env/lib/python3.13/site-packages/django/forms/models.py", line 1529, in label_from_instance
    return str(obj)
  File "/home/G1nxx/Projects/IGI/353502_BURCHUCK_5/IGI/LR5/Parking/auto_car/models.py", line 16, in __str__
    return f"{self.username} ({self.get_full_name()})" if self.get_full_name() else self.username
                                                                                    ^^^^^^^^^^^^^
AttributeError: 'ServiceUser' object has no attribute 'username'
ERROR 2025-05-13 01:30:53,664 basehttp "GET /admin/auto_car/car/add/ HTTP/1.1" 500 618552
WARNING 2025-05-13 01:30:53,894 log Not Found: /favicon.ico
INFO 2025-05-13 01:31:15,519 autoreload /home/G1nxx/Projects/IGI/353502_BURCHUCK_5/IGI/LR5/Parking/auto_car/models.py changed, reloading.
INFO 2025-05-13 01:31:16,604 autoreload Watching for file changes with StatReloader
INFO 2025-05-13 01:31:18,097 autoreload /home/G1nxx/Projects/IGI/353502_BURCHUCK_5/IGI/LR5/Parking/auto_car/models.py changed, reloading.
INFO 2025-05-13 01:31:19,043 autoreload Watching for file changes with StatReloader
INFO 2025-05-13 01:31:22,627 autoreload /home/G1nxx/Projects/IGI/353502_BURCHUCK_5/IGI/LR5/Parking/auto_car/models.py changed, reloading.
INFO 2025-05-13 01:31:23,621 autoreload Watching for file changes with StatReloader
INFO 2025-05-13 01:31:24,809 autoreload /home/G1nxx/Projects/IGI/353502_BURCHUCK_5/IGI/LR5/Parking/auto_car/models.py changed, reloading.
INFO 2025-05-13 01:31:25,721 autoreload Watching for file changes with StatReloader
INFO 2025-05-13 01:31:28,297 autoreload /home/G1nxx/Projects/IGI/353502_BURCHUCK_5/IGI/LR5/Parking/auto_car/models.py changed, reloading.
INFO 2025-05-13 01:31:29,366 autoreload Watching for file changes with StatReloader
INFO 2025-05-13 01:31:30,775 basehttp "GET /admin/auto_car/car/add/ HTTP/1.1" 200 17067
INFO 2025-05-13 01:31:30,938 basehttp "GET /static/admin/css/forms.css HTTP/1.1" 304 0
INFO 2025-05-13 01:31:30,958 basehttp "GET /static/admin/js/change_form.js HTTP/1.1" 304 0
INFO 2025-05-13 01:31:30,961 basehttp "GET /static/admin/js/prepopulate_init.js HTTP/1.1" 304 0
INFO 2025-05-13 01:31:30,975 basehttp "GET /admin/jsi18n/ HTTP/1.1" 200 3342
INFO 2025-05-13 01:31:31,004 basehttp "GET /static/admin/css/widgets.css HTTP/1.1" 200 11991
INFO 2025-05-13 01:31:44,275 basehttp "GET /admin/auto_car/serviceuser/add/?_to_field=id&_popup=1 HTTP/1.1" 200 8236
INFO 2025-05-13 01:31:44,396 basehttp "GET /admin/jsi18n/ HTTP/1.1" 200 3342
INFO 2025-05-13 01:31:44,397 basehttp "GET /static/admin/js/calendar.js HTTP/1.1" 304 0
INFO 2025-05-13 01:31:44,398 basehttp "GET /static/admin/js/admin/DateTimeShortcuts.js HTTP/1.1" 304 0
INFO 2025-05-13 01:31:44,402 basehttp "GET /static/admin/img/icon-viewlink.svg HTTP/1.1" 200 581
INFO 2025-05-13 01:31:44,588 basehttp "GET /static/admin/img/icon-calendar.svg HTTP/1.1" 200 1086
INFO 2025-05-13 01:32:05,887 basehttp "GET /admin/auto_car/car/add/ HTTP/1.1" 200 17067
INFO 2025-05-13 01:32:06,050 basehttp "GET /admin/jsi18n/ HTTP/1.1" 200 3342
INFO 2025-05-13 01:37:33,712 autoreload /home/G1nxx/Projects/IGI/353502_BURCHUCK_5/IGI/LR5/Parking/auto_car/models.py changed, reloading.
INFO 2025-05-13 01:37:34,834 autoreload Watching for file changes with StatReloader
INFO 2025-05-13 01:37:42,113 basehttp "GET /admin/auto_car/car/add/ HTTP/1.1" 200 17067
INFO 2025-05-13 01:37:42,227 basehttp "GET /admin/jsi18n/ HTTP/1.1" 200 3342
INFO 2025-05-13 01:37:59,835 autoreload /home/G1nxx/Projects/IGI/353502_BURCHUCK_5/IGI/LR5/Parking/auto_car/models.py changed, reloading.
INFO 2025-05-13 01:38:00,941 autoreload Watching for file changes with StatReloader
INFO 2025-05-13 01:38:02,638 basehttp "GET /admin/auto_car/car/add/ HTTP/1.1" 200 17076
INFO 2025-05-13 01:38:02,799 basehttp "GET /admin/jsi18n/ HTTP/1.1" 200 3342
INFO 2025-05-13 01:38:14,119 autoreload /home/G1nxx/Projects/IGI/353502_BURCHUCK_5/IGI/LR5/Parking/auto_car/models.py changed, reloading.
INFO 2025-05-13 01:38:14,987 autoreload Watching for file changes with StatReloader
INFO 2025-05-13 01:38:18,584 autoreload /home/G1nxx/Projects/IGI/353502_BURCHUCK_5/IGI/LR5/Parking/auto_car/models.py changed, reloading.
INFO 2025-05-13 01:38:19,529 autoreload Watching for file changes with StatReloader
INFO 2025-05-13 01:38:20,754 autoreload /home/G1nxx/Projects/IGI/353502_BURCHUCK_5/IGI/LR5/Parking/auto_car/models.py changed, reloading.
INFO 2025-05-13 01:38:21,465 autoreload Watching for file changes with StatReloader
ERROR 2025-05-13 01:38:23,883 log Internal Server Error: /admin/auto_car/car/add/
Traceback (most recent call last):
  File "/home/G1nxx/Projects/IGI/353502_BURCHUCK_5/IGI/LR5/Parking/p_env/lib/python3.13/site-packages/django/core/handlers/exception.py", line 55, in inner
    response = get_response(request)
  File "/home/G1nxx/Projects/IGI/353502_BURCHUCK_5/IGI/LR5/Parking/p_env/lib/python3.13/site-packages/django/core/handlers/base.py", line 220, in _get_response
    response = response.render()
  File "/home/G1nxx/Projects/IGI/353502_BURCHUCK_5/IGI/LR5/Parking/p_env/lib/python3.13/site-packages/django/template/response.py", line 114, in render
    self.content = self.rendered_content
                   ^^^^^^^^^^^^^^^^^^^^^
  File "/home/G1nxx/Projects/IGI/353502_BURCHUCK_5/IGI/LR5/Parking/p_env/lib/python3.13/site-packages/django/template/response.py", line 92, in rendered_content
    return template.render(context, self._request)
           ~~~~~~~~~~~~~~~^^^^^^^^^^^^^^^^^^^^^^^^
  File "/home/G1nxx/Projects/IGI/353502_BURCHUCK_5/IGI/LR5/Parking/p_env/lib/python3.13/site-packages/django/template/backends/django.py", line 107, in render
    return self.template.render(context)
           ~~~~~~~~~~~~~~~~~~~~^^^^^^^^^
  File "/home/G1nxx/Projects/IGI/353502_BURCHUCK_5/IGI/LR5/Parking/p_env/lib/python3.13/site-packages/django/template/base.py", line 171, in render
    return self._render(context)
           ~~~~~~~~~~~~^^^^^^^^^
  File "/home/G1nxx/Projects/IGI/353502_BURCHUCK_5/IGI/LR5/Parking/p_env/lib/python3.13/site-packages/django/template/base.py", line 163, in _render
    return self.nodelist.render(context)
           ~~~~~~~~~~~~~~~~~~~~^^^^^^^^^
  File "/home/G1nxx/Projects/IGI/353502_BURCHUCK_5/IGI/LR5/Parking/p_env/lib/python3.13/site-packages/django/template/base.py", line 1016, in render
    return SafeString("".join([node.render_annotated(context) for node in self]))
                               ~~~~~~~~~~~~~~~~~~~~~^^^^^^^^^
  File "/home/G1nxx/Projects/IGI/353502_BURCHUCK_5/IGI/LR5/Parking/p_env/lib/python3.13/site-packages/django/template/base.py", line 977, in render_annotated
    return self.render(context)
           ~~~~~~~~~~~^^^^^^^^^
  File "/home/G1nxx/Projects/IGI/353502_BURCHUCK_5/IGI/LR5/Parking/p_env/lib/python3.13/site-packages/django/template/loader_tags.py", line 159, in render
    return compiled_parent._render(context)
           ~~~~~~~~~~~~~~~~~~~~~~~^^^^^^^^^
  File "/home/G1nxx/Projects/IGI/353502_BURCHUCK_5/IGI/LR5/Parking/p_env/lib/python3.13/site-packages/django/template/base.py", line 163, in _render
    return self.nodelist.render(context)
           ~~~~~~~~~~~~~~~~~~~~^^^^^^^^^
  File "/home/G1nxx/Projects/IGI/353502_BURCHUCK_5/IGI/LR5/Parking/p_env/lib/python3.13/site-packages/django/template/base.py", line 1016, in render
    return SafeString("".join([node.render_annotated(context) for node in self]))
                               ~~~~~~~~~~~~~~~~~~~~~^^^^^^^^^
  File "/home/G1nxx/Projects/IGI/353502_BURCHUCK_5/IGI/LR5/Parking/p_env/lib/python3.13/site-packages/django/template/base.py", line 977, in render_annotated
    return self.render(context)
           ~~~~~~~~~~~^^^^^^^^^
  File "/home/G1nxx/Projects/IGI/353502_BURCHUCK_5/IGI/LR5/Parking/p_env/lib/python3.13/site-packages/django/template/loader_tags.py", line 159, in render
    return compiled_parent._render(context)
           ~~~~~~~~~~~~~~~~~~~~~~~^^^^^^^^^
  File "/home/G1nxx/Projects/IGI/353502_BURCHUCK_5/IGI/LR5/Parking/p_env/lib/python3.13/site-packages/django/template/base.py", line 163, in _render
    return self.nodelist.render(context)
           ~~~~~~~~~~~~~~~~~~~~^^^^^^^^^
  File "/home/G1nxx/Projects/IGI/353502_BURCHUCK_5/IGI/LR5/Parking/p_env/lib/python3.13/site-packages/django/template/base.py", line 1016, in render
    return SafeString("".join([node.render_annotated(context) for node in self]))
                               ~~~~~~~~~~~~~~~~~~~~~^^^^^^^^^
  File "/home/G1nxx/Projects/IGI/353502_BURCHUCK_5/IGI/LR5/Parking/p_env/lib/python3.13/site-packages/django/template/base.py", line 977, in render_annotated
    return self.render(context)
           ~~~~~~~~~~~^^^^^^^^^
  File "/home/G1nxx/Projects/IGI/353502_BURCHUCK_5/IGI/LR5/Parking/p_env/lib/python3.13/site-packages/django/template/loader_tags.py", line 65, in render
    result = block.nodelist.render(context)
  File "/home/G1nxx/Projects/IGI/353502_BURCHUCK_5/IGI/LR5/Parking/p_env/lib/python3.13/site-packages/django/template/base.py", line 1016, in render
    return SafeString("".join([node.render_annotated(context) for node in self]))
                               ~~~~~~~~~~~~~~~~~~~~~^^^^^^^^^
  File "/home/G1nxx/Projects/IGI/353502_BURCHUCK_5/IGI/LR5/Parking/p_env/lib/python3.13/site-packages/django/template/base.py", line 977, in render_annotated
    return self.render(context)
           ~~~~~~~~~~~^^^^^^^^^
  File "/home/G1nxx/Projects/IGI/353502_BURCHUCK_5/IGI/LR5/Parking/p_env/lib/python3.13/site-packages/django/template/loader_tags.py", line 65, in render
    result = block.nodelist.render(context)
  File "/home/G1nxx/Projects/IGI/353502_BURCHUCK_5/IGI/LR5/Parking/p_env/lib/python3.13/site-packages/django/template/base.py", line 1016, in render
    return SafeString("".join([node.render_annotated(context) for node in self]))
                               ~~~~~~~~~~~~~~~~~~~~~^^^^^^^^^
  File "/home/G1nxx/Projects/IGI/353502_BURCHUCK_5/IGI/LR5/Parking/p_env/lib/python3.13/site-packages/django/template/base.py", line 977, in render_annotated
    return self.render(context)
           ~~~~~~~~~~~^^^^^^^^^
  File "/home/G1nxx/Projects/IGI/353502_BURCHUCK_5/IGI/LR5/Parking/p_env/lib/python3.13/site-packages/django/template/defaulttags.py", line 243, in render
    nodelist.append(node.render_annotated(context))
                    ~~~~~~~~~~~~~~~~~~~~~^^^^^^^^^
  File "/home/G1nxx/Projects/IGI/353502_BURCHUCK_5/IGI/LR5/Parking/p_env/lib/python3.13/site-packages/django/template/base.py", line 977, in render_annotated
    return self.render(context)
           ~~~~~~~~~~~^^^^^^^^^
  File "/home/G1nxx/Projects/IGI/353502_BURCHUCK_5/IGI/LR5/Parking/p_env/lib/python3.13/site-packages/django/template/loader_tags.py", line 210, in render
    return template.render(context)
           ~~~~~~~~~~~~~~~^^^^^^^^^
  File "/home/G1nxx/Projects/IGI/353502_BURCHUCK_5/IGI/LR5/Parking/p_env/lib/python3.13/site-packages/django/template/base.py", line 173, in render
    return self._render(context)
           ~~~~~~~~~~~~^^^^^^^^^
  File "/home/G1nxx/Projects/IGI/353502_BURCHUCK_5/IGI/LR5/Parking/p_env/lib/python3.13/site-packages/django/template/base.py", line 163, in _render
    return self.nodelist.render(context)
           ~~~~~~~~~~~~~~~~~~~~^^^^^^^^^
  File "/home/G1nxx/Projects/IGI/353502_BURCHUCK_5/IGI/LR5/Parking/p_env/lib/python3.13/site-packages/django/template/base.py", line 1016, in render
    return SafeString("".join([node.render_annotated(context) for node in self]))
                               ~~~~~~~~~~~~~~~~~~~~~^^^^^^^^^
  File "/home/G1nxx/Projects/IGI/353502_BURCHUCK_5/IGI/LR5/Parking/p_env/lib/python3.13/site-packages/django/template/base.py", line 977, in render_annotated
    return self.render(context)
           ~~~~~~~~~~~^^^^^^^^^
  File "/home/G1nxx/Projects/IGI/353502_BURCHUCK_5/IGI/LR5/Parking/p_env/lib/python3.13/site-packages/django/template/defaulttags.py", line 243, in render
    nodelist.append(node.render_annotated(context))
                    ~~~~~~~~~~~~~~~~~~~~~^^^^^^^^^
  File "/home/G1nxx/Projects/IGI/353502_BURCHUCK_5/IGI/LR5/Parking/p_env/lib/python3.13/site-packages/django/template/base.py", line 977, in render_annotated
    return self.render(context)
           ~~~~~~~~~~~^^^^^^^^^
  File "/home/G1nxx/Projects/IGI/353502_BURCHUCK_5/IGI/LR5/Parking/p_env/lib/python3.13/site-packages/django/template/defaulttags.py", line 243, in render
    nodelist.append(node.render_annotated(context))
                    ~~~~~~~~~~~~~~~~~~~~~^^^^^^^^^
  File "/home/G1nxx/Projects/IGI/353502_BURCHUCK_5/IGI/LR5/Parking/p_env/lib/python3.13/site-packages/django/template/base.py", line 977, in render_annotated
    return self.render(context)
           ~~~~~~~~~~~^^^^^^^^^
  File "/home/G1nxx/Projects/IGI/353502_BURCHUCK_5/IGI/LR5/Parking/p_env/lib/python3.13/site-packages/django/template/defaulttags.py", line 327, in render
    return nodelist.render(context)
           ~~~~~~~~~~~~~~~^^^^^^^^^
  File "/home/G1nxx/Projects/IGI/353502_BURCHUCK_5/IGI/LR5/Parking/p_env/lib/python3.13/site-packages/django/template/base.py", line 1016, in render
    return SafeString("".join([node.render_annotated(context) for node in self]))
                               ~~~~~~~~~~~~~~~~~~~~~^^^^^^^^^
  File "/home/G1nxx/Projects/IGI/353502_BURCHUCK_5/IGI/LR5/Parking/p_env/lib/python3.13/site-packages/django/template/base.py", line 977, in render_annotated
    return self.render(context)
           ~~~~~~~~~~~^^^^^^^^^
  File "/home/G1nxx/Projects/IGI/353502_BURCHUCK_5/IGI/LR5/Parking/p_env/lib/python3.13/site-packages/django/template/defaulttags.py", line 327, in render
    return nodelist.render(context)
           ~~~~~~~~~~~~~~~^^^^^^^^^
  File "/home/G1nxx/Projects/IGI/353502_BURCHUCK_5/IGI/LR5/Parking/p_env/lib/python3.13/site-packages/django/template/base.py", line 1016, in render
    return SafeString("".join([node.render_annotated(context) for node in self]))
                               ~~~~~~~~~~~~~~~~~~~~~^^^^^^^^^
  File "/home/G1nxx/Projects/IGI/353502_BURCHUCK_5/IGI/LR5/Parking/p_env/lib/python3.13/site-packages/django/template/base.py", line 977, in render_annotated
    return self.render(context)
           ~~~~~~~~~~~^^^^^^^^^
  File "/home/G1nxx/Projects/IGI/353502_BURCHUCK_5/IGI/LR5/Parking/p_env/lib/python3.13/site-packages/django/template/base.py", line 1081, in render
    return render_value_in_context(output, context)
  File "/home/G1nxx/Projects/IGI/353502_BURCHUCK_5/IGI/LR5/Parking/p_env/lib/python3.13/site-packages/django/template/base.py", line 1058, in render_value_in_context
    value = str(value)
  File "/home/G1nxx/Projects/IGI/353502_BURCHUCK_5/IGI/LR5/Parking/p_env/lib/python3.13/site-packages/django/forms/utils.py", line 79, in __str__
    return self.as_widget()
           ~~~~~~~~~~~~~~^^
  File "/home/G1nxx/Projects/IGI/353502_BURCHUCK_5/IGI/LR5/Parking/p_env/lib/python3.13/site-packages/django/forms/boundfield.py", line 108, in as_widget
    return widget.render(
           ~~~~~~~~~~~~~^
        name=self.html_initial_name if only_initial else self.html_name,
        ^^^^^^^^^^^^^^^^^^^^^^^^^^^^^^^^^^^^^^^^^^^^^^^^^^^^^^^^^^^^^^^^
    ...<2 lines>...
        renderer=self.form.renderer,
        ^^^^^^^^^^^^^^^^^^^^^^^^^^^^
    )
    ^
  File "/home/G1nxx/Projects/IGI/353502_BURCHUCK_5/IGI/LR5/Parking/p_env/lib/python3.13/site-packages/django/forms/widgets.py", line 329, in render
    context = self.get_context(name, value, attrs)
  File "/home/G1nxx/Projects/IGI/353502_BURCHUCK_5/IGI/LR5/Parking/p_env/lib/python3.13/site-packages/django/contrib/admin/widgets.py", line 329, in get_context
    "rendered_widget": self.widget.render(name, value, attrs),
                       ~~~~~~~~~~~~~~~~~~^^^^^^^^^^^^^^^^^^^^
  File "/home/G1nxx/Projects/IGI/353502_BURCHUCK_5/IGI/LR5/Parking/p_env/lib/python3.13/site-packages/django/forms/widgets.py", line 329, in render
    context = self.get_context(name, value, attrs)
  File "/home/G1nxx/Projects/IGI/353502_BURCHUCK_5/IGI/LR5/Parking/p_env/lib/python3.13/site-packages/django/forms/widgets.py", line 830, in get_context
    context = super().get_context(name, value, attrs)
  File "/home/G1nxx/Projects/IGI/353502_BURCHUCK_5/IGI/LR5/Parking/p_env/lib/python3.13/site-packages/django/forms/widgets.py", line 781, in get_context
    context["widget"]["optgroups"] = self.optgroups(
                                     ~~~~~~~~~~~~~~^
        name, context["widget"]["value"], attrs
        ^^^^^^^^^^^^^^^^^^^^^^^^^^^^^^^^^^^^^^^
    )
    ^
  File "/home/G1nxx/Projects/IGI/353502_BURCHUCK_5/IGI/LR5/Parking/p_env/lib/python3.13/site-packages/django/forms/widgets.py", line 721, in optgroups
    for index, (option_value, option_label) in enumerate(self.choices):
                                               ~~~~~~~~~^^^^^^^^^^^^^^
  File "/home/G1nxx/Projects/IGI/353502_BURCHUCK_5/IGI/LR5/Parking/p_env/lib/python3.13/site-packages/django/forms/models.py", line 1425, in __iter__
    yield self.choice(obj)
          ~~~~~~~~~~~^^^^^
  File "/home/G1nxx/Projects/IGI/353502_BURCHUCK_5/IGI/LR5/Parking/p_env/lib/python3.13/site-packages/django/forms/models.py", line 1439, in choice
    self.field.label_from_instance(obj),
    ~~~~~~~~~~~~~~~~~~~~~~~~~~~~~~^^^^^
  File "/home/G1nxx/Projects/IGI/353502_BURCHUCK_5/IGI/LR5/Parking/p_env/lib/python3.13/site-packages/django/forms/models.py", line 1529, in label_from_instance
    return str(obj)
TypeError: __str__ returned non-string (type method)
ERROR 2025-05-13 01:38:23,926 basehttp "GET /admin/auto_car/car/add/ HTTP/1.1" 500 614311
INFO 2025-05-13 01:38:23,977 autoreload /home/G1nxx/Projects/IGI/353502_BURCHUCK_5/IGI/LR5/Parking/auto_car/models.py changed, reloading.
INFO 2025-05-13 01:38:24,801 autoreload Watching for file changes with StatReloader
INFO 2025-05-13 01:38:26,268 basehttp "GET /admin/auto_car/car/add/ HTTP/1.1" 200 17067
INFO 2025-05-13 01:38:26,392 basehttp "GET /admin/jsi18n/ HTTP/1.1" 200 3342
INFO 2025-05-13 01:38:48,816 autoreload /home/G1nxx/Projects/IGI/353502_BURCHUCK_5/IGI/LR5/Parking/auto_car/models.py changed, reloading.
INFO 2025-05-13 01:38:49,729 autoreload Watching for file changes with StatReloader
INFO 2025-05-13 01:38:53,407 autoreload /home/G1nxx/Projects/IGI/353502_BURCHUCK_5/IGI/LR5/Parking/auto_car/models.py changed, reloading.
INFO 2025-05-13 01:38:54,426 autoreload Watching for file changes with StatReloader
INFO 2025-05-13 01:38:55,315 basehttp "GET /admin/auto_car/car/add/ HTTP/1.1" 200 17106
INFO 2025-05-13 01:38:55,462 basehttp "GET /admin/jsi18n/ HTTP/1.1" 200 3342
INFO 2025-05-13 01:39:15,397 autoreload /home/G1nxx/Projects/IGI/353502_BURCHUCK_5/IGI/LR5/Parking/auto_car/models.py changed, reloading.
INFO 2025-05-13 01:39:16,363 autoreload Watching for file changes with StatReloader
INFO 2025-05-13 01:39:24,667 autoreload /home/G1nxx/Projects/IGI/353502_BURCHUCK_5/IGI/LR5/Parking/auto_car/models.py changed, reloading.
INFO 2025-05-13 01:39:25,482 autoreload Watching for file changes with StatReloader
INFO 2025-05-13 01:39:28,029 autoreload /home/G1nxx/Projects/IGI/353502_BURCHUCK_5/IGI/LR5/Parking/auto_car/models.py changed, reloading.
INFO 2025-05-13 01:39:28,788 autoreload Watching for file changes with StatReloader
INFO 2025-05-13 01:39:46,192 autoreload /home/G1nxx/Projects/IGI/353502_BURCHUCK_5/IGI/LR5/Parking/auto_car/models.py changed, reloading.
INFO 2025-05-13 01:39:47,044 autoreload Watching for file changes with StatReloader
INFO 2025-05-13 01:39:48,490 basehttp "GET /admin/auto_car/car/add/ HTTP/1.1" 200 17086
INFO 2025-05-13 01:39:48,627 basehttp "GET /admin/jsi18n/ HTTP/1.1" 200 3342
INFO 2025-05-13 01:40:01,498 basehttp "POST /admin/auto_car/car/add/ HTTP/1.1" 302 0
INFO 2025-05-13 01:40:01,598 basehttp "GET /admin/auto_car/car/ HTTP/1.1" 200 14528
INFO 2025-05-13 01:40:01,839 basehttp "GET /admin/jsi18n/ HTTP/1.1" 200 3342
INFO 2025-05-13 01:40:01,940 basehttp "GET /static/admin/img/icon-yes.svg HTTP/1.1" 200 436
INFO 2025-05-13 01:40:08,549 basehttp "POST /admin/logout/ HTTP/1.1" 200 3568
INFO 2025-05-13 01:40:12,496 basehttp "GET / HTTP/1.1" 200 2170
INFO 2025-05-13 01:40:14,684 basehttp "GET /login/ HTTP/1.1" 200 2334
INFO 2025-05-13 01:40:22,740 basehttp "POST /login/ HTTP/1.1" 302 0
INFO 2025-05-13 01:40:22,762 basehttp "GET / HTTP/1.1" 200 2223
INFO 2025-05-13 01:40:30,596 basehttp "GET /about/ HTTP/1.1" 200 2100
INFO 2025-05-13 01:40:31,579 basehttp "GET /news/ HTTP/1.1" 200 2949
INFO 2025-05-13 01:40:32,878 basehttp "GET /glossary/ HTTP/1.1" 200 1888
INFO 2025-05-13 01:40:34,081 basehttp "GET /about/ HTTP/1.1" 200 2100
INFO 2025-05-13 01:40:36,619 basehttp "GET / HTTP/1.1" 200 2223
INFO 2025-05-13 01:40:38,898 basehttp "GET /employee/ HTTP/1.1" 200 1888
INFO 2025-05-13 01:41:19,541 basehttp "GET /logout/ HTTP/1.1" 302 0
INFO 2025-05-13 01:41:19,563 basehttp "GET / HTTP/1.1" 200 2170
INFO 2025-05-13 01:41:24,108 basehttp "GET /login/ HTTP/1.1" 200 2520
INFO 2025-05-13 01:41:30,987 basehttp "POST /login/ HTTP/1.1" 302 0
INFO 2025-05-13 01:41:31,014 basehttp "GET / HTTP/1.1" 200 2223
INFO 2025-05-13 01:41:33,398 basehttp "GET /employee/ HTTP/1.1" 200 1888
INFO 2025-05-13 01:47:38,956 basehttp "GET /employee/ HTTP/1.1" 200 1888
INFO 2025-05-13 01:47:40,555 basehttp "GET /employee/ HTTP/1.1" 200 1888
INFO 2025-05-13 01:47:41,626 basehttp "GET /employee/ HTTP/1.1" 200 1888
INFO 2025-05-13 01:48:26,035 basehttp "GET /employee/ HTTP/1.1" 302 0
WARNING 2025-05-13 01:48:26,091 log Not Found: /accounts/login/
WARNING 2025-05-13 01:48:26,092 basehttp "GET /accounts/login/?next=/employee/ HTTP/1.1" 404 5851
INFO 2025-05-13 01:48:29,557 basehttp "GET /employee/ HTTP/1.1" 302 0
WARNING 2025-05-13 01:48:29,585 log Not Found: /accounts/login/
WARNING 2025-05-13 01:48:29,586 basehttp "GET /accounts/login/?next=/employee/ HTTP/1.1" 404 5851
INFO 2025-05-13 01:49:24,241 basehttp "GET /employee/ HTTP/1.1" 302 0
WARNING 2025-05-13 01:49:24,268 log Not Found: /accounts/login/
WARNING 2025-05-13 01:49:24,273 basehttp "GET /accounts/login/?next=/employee/ HTTP/1.1" 404 5851
INFO 2025-05-13 01:49:32,053 basehttp "GET /logout/ HTTP/1.1" 302 0
INFO 2025-05-13 01:49:32,074 basehttp "GET / HTTP/1.1" 200 2170
INFO 2025-05-13 01:49:33,293 basehttp "GET /login/ HTTP/1.1" 200 2254
INFO 2025-05-13 01:49:41,248 basehttp "POST /login/ HTTP/1.1" 200 2262
INFO 2025-05-13 01:49:51,809 basehttp "POST /login/ HTTP/1.1" 302 0
INFO 2025-05-13 01:49:51,843 basehttp "GET / HTTP/1.1" 200 2231
ERROR 2025-05-13 01:49:53,254 log Internal Server Error: /client_dashboard/
Traceback (most recent call last):
  File "/home/G1nxx/Projects/IGI/353502_BURCHUCK_5/IGI/LR5/Parking/p_env/lib/python3.13/site-packages/django/core/handlers/exception.py", line 55, in inner
    response = get_response(request)
  File "/home/G1nxx/Projects/IGI/353502_BURCHUCK_5/IGI/LR5/Parking/p_env/lib/python3.13/site-packages/django/core/handlers/base.py", line 197, in _get_response
    response = wrapped_callback(request, *callback_args, **callback_kwargs)
  File "/home/G1nxx/Projects/IGI/353502_BURCHUCK_5/IGI/LR5/Parking/p_env/lib/python3.13/site-packages/django/contrib/auth/decorators.py", line 59, in _view_wrapper
    return view_func(request, *args, **kwargs)
  File "/home/G1nxx/Projects/IGI/353502_BURCHUCK_5/IGI/LR5/Parking/auto_car/views.py", line 90, in client_dashboard
    'cars': models.Car.objects.filter(owners=request.user),
            ~~~~~~~~~~~~~~~~~~~~~~~~~^^^^^^^^^^^^^^^^^^^^^
  File "/home/G1nxx/Projects/IGI/353502_BURCHUCK_5/IGI/LR5/Parking/p_env/lib/python3.13/site-packages/django/db/models/manager.py", line 87, in manager_method
    return getattr(self.get_queryset(), name)(*args, **kwargs)
           ~~~~~~~~~~~~~~~~~~~~~~~~~~~~~~~~~~^^^^^^^^^^^^^^^^^
  File "/home/G1nxx/Projects/IGI/353502_BURCHUCK_5/IGI/LR5/Parking/p_env/lib/python3.13/site-packages/django/db/models/query.py", line 1491, in filter
    return self._filter_or_exclude(False, args, kwargs)
           ~~~~~~~~~~~~~~~~~~~~~~~^^^^^^^^^^^^^^^^^^^^^
  File "/home/G1nxx/Projects/IGI/353502_BURCHUCK_5/IGI/LR5/Parking/p_env/lib/python3.13/site-packages/django/db/models/query.py", line 1509, in _filter_or_exclude
    clone._filter_or_exclude_inplace(negate, args, kwargs)
    ~~~~~~~~~~~~~~~~~~~~~~~~~~~~~~~~^^^^^^^^^^^^^^^^^^^^^^
  File "/home/G1nxx/Projects/IGI/353502_BURCHUCK_5/IGI/LR5/Parking/p_env/lib/python3.13/site-packages/django/db/models/query.py", line 1516, in _filter_or_exclude_inplace
    self._query.add_q(Q(*args, **kwargs))
    ~~~~~~~~~~~~~~~~~^^^^^^^^^^^^^^^^^^^^
  File "/home/G1nxx/Projects/IGI/353502_BURCHUCK_5/IGI/LR5/Parking/p_env/lib/python3.13/site-packages/django/db/models/sql/query.py", line 1643, in add_q
    clause, _ = self._add_q(q_object, can_reuse)
                ~~~~~~~~~~~^^^^^^^^^^^^^^^^^^^^^
  File "/home/G1nxx/Projects/IGI/353502_BURCHUCK_5/IGI/LR5/Parking/p_env/lib/python3.13/site-packages/django/db/models/sql/query.py", line 1675, in _add_q
    child_clause, needed_inner = self.build_filter(
                                 ~~~~~~~~~~~~~~~~~^
        child,
        ^^^^^^
    ...<7 lines>...
        update_join_types=update_join_types,
        ^^^^^^^^^^^^^^^^^^^^^^^^^^^^^^^^^^^^
    )
    ^
  File "/home/G1nxx/Projects/IGI/353502_BURCHUCK_5/IGI/LR5/Parking/p_env/lib/python3.13/site-packages/django/db/models/sql/query.py", line 1560, in build_filter
    self.check_related_objects(join_info.final_field, value, join_info.opts)
    ~~~~~~~~~~~~~~~~~~~~~~~~~~^^^^^^^^^^^^^^^^^^^^^^^^^^^^^^^^^^^^^^^^^^^^^^
  File "/home/G1nxx/Projects/IGI/353502_BURCHUCK_5/IGI/LR5/Parking/p_env/lib/python3.13/site-packages/django/db/models/sql/query.py", line 1369, in check_related_objects
    self.check_query_object_type(value, opts, field)
    ~~~~~~~~~~~~~~~~~~~~~~~~~~~~^^^^^^^^^^^^^^^^^^^^
  File "/home/G1nxx/Projects/IGI/353502_BURCHUCK_5/IGI/LR5/Parking/p_env/lib/python3.13/site-packages/django/db/models/sql/query.py", line 1346, in check_query_object_type
    raise ValueError(
    ...<2 lines>...
    )
ValueError: Cannot query "MEMEME": Must be "ServiceUser" instance.
ERROR 2025-05-13 01:49:53,263 basehttp "GET /client_dashboard/ HTTP/1.1" 500 129854
INFO 2025-05-13 01:50:29,337 autoreload /home/G1nxx/Projects/IGI/353502_BURCHUCK_5/IGI/LR5/Parking/auto_car/views.py changed, reloading.
INFO 2025-05-13 01:50:30,267 autoreload Watching for file changes with StatReloader
INFO 2025-05-13 01:50:39,006 autoreload /home/G1nxx/Projects/IGI/353502_BURCHUCK_5/IGI/LR5/Parking/auto_car/views.py changed, reloading.
INFO 2025-05-13 01:50:40,068 autoreload Watching for file changes with StatReloader
INFO 2025-05-13 01:50:43,739 autoreload /home/G1nxx/Projects/IGI/353502_BURCHUCK_5/IGI/LR5/Parking/auto_car/views.py changed, reloading.
INFO 2025-05-13 01:50:44,635 autoreload Watching for file changes with StatReloader
INFO 2025-05-13 01:50:59,472 autoreload /home/G1nxx/Projects/IGI/353502_BURCHUCK_5/IGI/LR5/Parking/auto_car/views.py changed, reloading.
INFO 2025-05-13 01:51:00,529 autoreload Watching for file changes with StatReloader
INFO 2025-05-13 01:51:03,180 autoreload /home/G1nxx/Projects/IGI/353502_BURCHUCK_5/IGI/LR5/Parking/auto_car/views.py changed, reloading.
INFO 2025-05-13 01:51:04,186 autoreload Watching for file changes with StatReloader
INFO 2025-05-13 01:51:06,342 autoreload /home/G1nxx/Projects/IGI/353502_BURCHUCK_5/IGI/LR5/Parking/auto_car/views.py changed, reloading.
INFO 2025-05-13 01:51:07,285 autoreload Watching for file changes with StatReloader
INFO 2025-05-13 01:51:08,465 autoreload /home/G1nxx/Projects/IGI/353502_BURCHUCK_5/IGI/LR5/Parking/auto_car/views.py changed, reloading.
INFO 2025-05-13 01:51:09,529 autoreload Watching for file changes with StatReloader
INFO 2025-05-13 01:51:11,715 autoreload /home/G1nxx/Projects/IGI/353502_BURCHUCK_5/IGI/LR5/Parking/auto_car/views.py changed, reloading.
INFO 2025-05-13 01:51:12,762 autoreload Watching for file changes with StatReloader
INFO 2025-05-13 01:51:13,919 autoreload /home/G1nxx/Projects/IGI/353502_BURCHUCK_5/IGI/LR5/Parking/auto_car/views.py changed, reloading.
INFO 2025-05-13 01:51:14,862 autoreload Watching for file changes with StatReloader
INFO 2025-05-13 01:51:20,048 autoreload /home/G1nxx/Projects/IGI/353502_BURCHUCK_5/IGI/LR5/Parking/auto_car/views.py changed, reloading.
INFO 2025-05-13 01:51:20,906 autoreload Watching for file changes with StatReloader
INFO 2025-05-13 01:51:28,536 autoreload /home/G1nxx/Projects/IGI/353502_BURCHUCK_5/IGI/LR5/Parking/auto_car/views.py changed, reloading.
INFO 2025-05-13 01:51:29,580 autoreload Watching for file changes with StatReloader
INFO 2025-05-13 01:51:34,242 autoreload /home/G1nxx/Projects/IGI/353502_BURCHUCK_5/IGI/LR5/Parking/auto_car/views.py changed, reloading.
INFO 2025-05-13 01:51:34,983 autoreload Watching for file changes with StatReloader
INFO 2025-05-13 01:51:38,112 autoreload /home/G1nxx/Projects/IGI/353502_BURCHUCK_5/IGI/LR5/Parking/auto_car/views.py changed, reloading.
INFO 2025-05-13 01:51:38,918 autoreload Watching for file changes with StatReloader
INFO 2025-05-13 01:52:06,754 autoreload /home/G1nxx/Projects/IGI/353502_BURCHUCK_5/IGI/LR5/Parking/auto_car/usecase/user.py changed, reloading.
INFO 2025-05-13 01:52:07,626 autoreload Watching for file changes with StatReloader
INFO 2025-05-13 01:52:10,962 autoreload /home/G1nxx/Projects/IGI/353502_BURCHUCK_5/IGI/LR5/Parking/auto_car/usecase/user.py changed, reloading.
INFO 2025-05-13 01:52:11,816 autoreload Watching for file changes with StatReloader
INFO 2025-05-13 01:52:14,106 autoreload /home/G1nxx/Projects/IGI/353502_BURCHUCK_5/IGI/LR5/Parking/auto_car/usecase/user.py changed, reloading.
INFO 2025-05-13 01:52:14,952 autoreload Watching for file changes with StatReloader
INFO 2025-05-13 01:52:20,316 autoreload /home/G1nxx/Projects/IGI/353502_BURCHUCK_5/IGI/LR5/Parking/auto_car/usecase/user.py changed, reloading.
INFO 2025-05-13 01:52:21,184 autoreload Watching for file changes with StatReloader
INFO 2025-05-13 01:52:24,879 autoreload /home/G1nxx/Projects/IGI/353502_BURCHUCK_5/IGI/LR5/Parking/auto_car/usecase/user.py changed, reloading.
INFO 2025-05-13 01:52:25,677 autoreload Watching for file changes with StatReloader
INFO 2025-05-13 01:52:31,404 autoreload /home/G1nxx/Projects/IGI/353502_BURCHUCK_5/IGI/LR5/Parking/auto_car/usecase/user.py changed, reloading.
INFO 2025-05-13 01:52:32,257 autoreload Watching for file changes with StatReloader
INFO 2025-05-13 01:52:39,841 autoreload /home/G1nxx/Projects/IGI/353502_BURCHUCK_5/IGI/LR5/Parking/auto_car/usecase/user.py changed, reloading.
INFO 2025-05-13 01:52:40,913 autoreload Watching for file changes with StatReloader
INFO 2025-05-13 01:52:45,599 autoreload /home/G1nxx/Projects/IGI/353502_BURCHUCK_5/IGI/LR5/Parking/auto_car/usecase/user.py changed, reloading.
INFO 2025-05-13 01:52:46,586 autoreload Watching for file changes with StatReloader
INFO 2025-05-13 01:52:49,972 autoreload /home/G1nxx/Projects/IGI/353502_BURCHUCK_5/IGI/LR5/Parking/auto_car/usecase/user.py changed, reloading.
INFO 2025-05-13 01:52:50,640 autoreload Watching for file changes with StatReloader
ERROR 2025-05-13 01:52:52,809 log Internal Server Error: /client_dashboard/
Traceback (most recent call last):
  File "/home/G1nxx/Projects/IGI/353502_BURCHUCK_5/IGI/LR5/Parking/p_env/lib/python3.13/site-packages/django/core/handlers/exception.py", line 55, in inner
    response = get_response(request)
  File "/home/G1nxx/Projects/IGI/353502_BURCHUCK_5/IGI/LR5/Parking/p_env/lib/python3.13/site-packages/django/core/handlers/base.py", line 197, in _get_response
    response = wrapped_callback(request, *callback_args, **callback_kwargs)
  File "/home/G1nxx/Projects/IGI/353502_BURCHUCK_5/IGI/LR5/Parking/p_env/lib/python3.13/site-packages/django/contrib/auth/decorators.py", line 59, in _view_wrapper
    return view_func(request, *args, **kwargs)
  File "/home/G1nxx/Projects/IGI/353502_BURCHUCK_5/IGI/LR5/Parking/auto_car/views.py", line 90, in client_dashboard
    'cars': models.Car.objects.filter(owners=user_usecase.get_user(request.user)),
                                             ~~~~~~~~~~~~~~~~~~~~~^^^^^^^^^^^^^^
  File "/home/G1nxx/Projects/IGI/353502_BURCHUCK_5/IGI/LR5/Parking/auto_car/usecase/user.py", line 48, in get_user
    user_db.get_user_by_email(user.email)
                              ^^^^
NameError: name 'user' is not defined. Did you mean: 'use'?
ERROR 2025-05-13 01:52:52,814 basehttp "GET /client_dashboard/ HTTP/1.1" 500 85618
INFO 2025-05-13 01:53:13,707 autoreload /home/G1nxx/Projects/IGI/353502_BURCHUCK_5/IGI/LR5/Parking/auto_car/usecase/user.py changed, reloading.
INFO 2025-05-13 01:53:14,831 autoreload Watching for file changes with StatReloader
ERROR 2025-05-13 01:53:16,130 log Internal Server Error: /client_dashboard/
Traceback (most recent call last):
  File "/home/G1nxx/Projects/IGI/353502_BURCHUCK_5/IGI/LR5/Parking/p_env/lib/python3.13/site-packages/django/core/handlers/exception.py", line 55, in inner
    response = get_response(request)
  File "/home/G1nxx/Projects/IGI/353502_BURCHUCK_5/IGI/LR5/Parking/p_env/lib/python3.13/site-packages/django/core/handlers/base.py", line 197, in _get_response
    response = wrapped_callback(request, *callback_args, **callback_kwargs)
  File "/home/G1nxx/Projects/IGI/353502_BURCHUCK_5/IGI/LR5/Parking/p_env/lib/python3.13/site-packages/django/contrib/auth/decorators.py", line 59, in _view_wrapper
    return view_func(request, *args, **kwargs)
  File "/home/G1nxx/Projects/IGI/353502_BURCHUCK_5/IGI/LR5/Parking/auto_car/views.py", line 91, in client_dashboard
    'payments': models.Bill.objects.filter(user=request.user)
                ~~~~~~~~~~~~~~~~~~~~~~~~~~^^^^^^^^^^^^^^^^^^^
  File "/home/G1nxx/Projects/IGI/353502_BURCHUCK_5/IGI/LR5/Parking/p_env/lib/python3.13/site-packages/django/db/models/manager.py", line 87, in manager_method
    return getattr(self.get_queryset(), name)(*args, **kwargs)
           ~~~~~~~~~~~~~~~~~~~~~~~~~~~~~~~~~~^^^^^^^^^^^^^^^^^
  File "/home/G1nxx/Projects/IGI/353502_BURCHUCK_5/IGI/LR5/Parking/p_env/lib/python3.13/site-packages/django/db/models/query.py", line 1491, in filter
    return self._filter_or_exclude(False, args, kwargs)
           ~~~~~~~~~~~~~~~~~~~~~~~^^^^^^^^^^^^^^^^^^^^^
  File "/home/G1nxx/Projects/IGI/353502_BURCHUCK_5/IGI/LR5/Parking/p_env/lib/python3.13/site-packages/django/db/models/query.py", line 1509, in _filter_or_exclude
    clone._filter_or_exclude_inplace(negate, args, kwargs)
    ~~~~~~~~~~~~~~~~~~~~~~~~~~~~~~~~^^^^^^^^^^^^^^^^^^^^^^
  File "/home/G1nxx/Projects/IGI/353502_BURCHUCK_5/IGI/LR5/Parking/p_env/lib/python3.13/site-packages/django/db/models/query.py", line 1516, in _filter_or_exclude_inplace
    self._query.add_q(Q(*args, **kwargs))
    ~~~~~~~~~~~~~~~~~^^^^^^^^^^^^^^^^^^^^
  File "/home/G1nxx/Projects/IGI/353502_BURCHUCK_5/IGI/LR5/Parking/p_env/lib/python3.13/site-packages/django/db/models/sql/query.py", line 1643, in add_q
    clause, _ = self._add_q(q_object, can_reuse)
                ~~~~~~~~~~~^^^^^^^^^^^^^^^^^^^^^
  File "/home/G1nxx/Projects/IGI/353502_BURCHUCK_5/IGI/LR5/Parking/p_env/lib/python3.13/site-packages/django/db/models/sql/query.py", line 1675, in _add_q
    child_clause, needed_inner = self.build_filter(
                                 ~~~~~~~~~~~~~~~~~^
        child,
        ^^^^^^
    ...<7 lines>...
        update_join_types=update_join_types,
        ^^^^^^^^^^^^^^^^^^^^^^^^^^^^^^^^^^^^
    )
    ^
  File "/home/G1nxx/Projects/IGI/353502_BURCHUCK_5/IGI/LR5/Parking/p_env/lib/python3.13/site-packages/django/db/models/sql/query.py", line 1523, in build_filter
    lookups, parts, reffed_expression = self.solve_lookup_type(arg, summarize)
                                        ~~~~~~~~~~~~~~~~~~~~~~^^^^^^^^^^^^^^^^
  File "/home/G1nxx/Projects/IGI/353502_BURCHUCK_5/IGI/LR5/Parking/p_env/lib/python3.13/site-packages/django/db/models/sql/query.py", line 1330, in solve_lookup_type
    _, field, _, lookup_parts = self.names_to_path(lookup_splitted, self.get_meta())
                                ~~~~~~~~~~~~~~~~~~^^^^^^^^^^^^^^^^^^^^^^^^^^^^^^^^^^
  File "/home/G1nxx/Projects/IGI/353502_BURCHUCK_5/IGI/LR5/Parking/p_env/lib/python3.13/site-packages/django/db/models/sql/query.py", line 1802, in names_to_path
    raise FieldError(
    ...<2 lines>...
    )
django.core.exceptions.FieldError: Cannot resolve keyword 'user' into field. Choices are: amount, car, car_id, code, created_at, id, incomes, is_paid, paid_amount, paid_at, parking_space, parking_space_id
ERROR 2025-05-13 01:53:16,138 basehttp "GET /client_dashboard/ HTTP/1.1" 500 129339
INFO 2025-05-13 01:53:40,850 autoreload /home/G1nxx/Projects/IGI/353502_BURCHUCK_5/IGI/LR5/Parking/auto_car/usecase/user.py changed, reloading.
INFO 2025-05-13 01:53:41,842 autoreload Watching for file changes with StatReloader
INFO 2025-05-13 01:53:44,162 autoreload /home/G1nxx/Projects/IGI/353502_BURCHUCK_5/IGI/LR5/Parking/auto_car/usecase/user.py changed, reloading.
INFO 2025-05-13 01:53:45,080 autoreload Watching for file changes with StatReloader
INFO 2025-05-13 01:53:46,589 autoreload /home/G1nxx/Projects/IGI/353502_BURCHUCK_5/IGI/LR5/Parking/auto_car/usecase/user.py changed, reloading.
INFO 2025-05-13 01:53:47,500 autoreload Watching for file changes with StatReloader
INFO 2025-05-13 01:54:06,219 autoreload /home/G1nxx/Projects/IGI/353502_BURCHUCK_5/IGI/LR5/Parking/auto_car/usecase/user.py changed, reloading.
INFO 2025-05-13 01:54:07,031 autoreload Watching for file changes with StatReloader
INFO 2025-05-13 01:54:12,499 autoreload /home/G1nxx/Projects/IGI/353502_BURCHUCK_5/IGI/LR5/Parking/auto_car/usecase/user.py changed, reloading.
INFO 2025-05-13 01:54:13,491 autoreload Watching for file changes with StatReloader
INFO 2025-05-13 01:54:20,898 autoreload /home/G1nxx/Projects/IGI/353502_BURCHUCK_5/IGI/LR5/Parking/auto_car/usecase/user.py changed, reloading.
INFO 2025-05-13 01:54:21,909 autoreload Watching for file changes with StatReloader
INFO 2025-05-13 01:54:25,509 autoreload /home/G1nxx/Projects/IGI/353502_BURCHUCK_5/IGI/LR5/Parking/auto_car/usecase/user.py changed, reloading.
INFO 2025-05-13 01:54:26,489 autoreload Watching for file changes with StatReloader
INFO 2025-05-13 01:54:33,983 autoreload /home/G1nxx/Projects/IGI/353502_BURCHUCK_5/IGI/LR5/Parking/auto_car/views.py changed, reloading.
INFO 2025-05-13 01:54:34,919 autoreload Watching for file changes with StatReloader
INFO 2025-05-13 01:54:38,486 autoreload /home/G1nxx/Projects/IGI/353502_BURCHUCK_5/IGI/LR5/Parking/auto_car/views.py changed, reloading.
INFO 2025-05-13 01:54:39,624 autoreload Watching for file changes with StatReloader
ERROR 2025-05-13 01:54:40,613 log Internal Server Error: /client_dashboard/
Traceback (most recent call last):
  File "/home/G1nxx/Projects/IGI/353502_BURCHUCK_5/IGI/LR5/Parking/p_env/lib/python3.13/site-packages/django/core/handlers/exception.py", line 55, in inner
    response = get_response(request)
  File "/home/G1nxx/Projects/IGI/353502_BURCHUCK_5/IGI/LR5/Parking/p_env/lib/python3.13/site-packages/django/core/handlers/base.py", line 197, in _get_response
    response = wrapped_callback(request, *callback_args, **callback_kwargs)
  File "/home/G1nxx/Projects/IGI/353502_BURCHUCK_5/IGI/LR5/Parking/p_env/lib/python3.13/site-packages/django/contrib/auth/decorators.py", line 59, in _view_wrapper
    return view_func(request, *args, **kwargs)
  File "/home/G1nxx/Projects/IGI/353502_BURCHUCK_5/IGI/LR5/Parking/auto_car/views.py", line 91, in client_dashboard
    'payments': models.Bill.objects.filter(user=request.user)
                ~~~~~~~~~~~~~~~~~~~~~~~~~~^^^^^^^^^^^^^^^^^^^
  File "/home/G1nxx/Projects/IGI/353502_BURCHUCK_5/IGI/LR5/Parking/p_env/lib/python3.13/site-packages/django/db/models/manager.py", line 87, in manager_method
    return getattr(self.get_queryset(), name)(*args, **kwargs)
           ~~~~~~~~~~~~~~~~~~~~~~~~~~~~~~~~~~^^^^^^^^^^^^^^^^^
  File "/home/G1nxx/Projects/IGI/353502_BURCHUCK_5/IGI/LR5/Parking/p_env/lib/python3.13/site-packages/django/db/models/query.py", line 1491, in filter
    return self._filter_or_exclude(False, args, kwargs)
           ~~~~~~~~~~~~~~~~~~~~~~~^^^^^^^^^^^^^^^^^^^^^
  File "/home/G1nxx/Projects/IGI/353502_BURCHUCK_5/IGI/LR5/Parking/p_env/lib/python3.13/site-packages/django/db/models/query.py", line 1509, in _filter_or_exclude
    clone._filter_or_exclude_inplace(negate, args, kwargs)
    ~~~~~~~~~~~~~~~~~~~~~~~~~~~~~~~~^^^^^^^^^^^^^^^^^^^^^^
  File "/home/G1nxx/Projects/IGI/353502_BURCHUCK_5/IGI/LR5/Parking/p_env/lib/python3.13/site-packages/django/db/models/query.py", line 1516, in _filter_or_exclude_inplace
    self._query.add_q(Q(*args, **kwargs))
    ~~~~~~~~~~~~~~~~~^^^^^^^^^^^^^^^^^^^^
  File "/home/G1nxx/Projects/IGI/353502_BURCHUCK_5/IGI/LR5/Parking/p_env/lib/python3.13/site-packages/django/db/models/sql/query.py", line 1643, in add_q
    clause, _ = self._add_q(q_object, can_reuse)
                ~~~~~~~~~~~^^^^^^^^^^^^^^^^^^^^^
  File "/home/G1nxx/Projects/IGI/353502_BURCHUCK_5/IGI/LR5/Parking/p_env/lib/python3.13/site-packages/django/db/models/sql/query.py", line 1675, in _add_q
    child_clause, needed_inner = self.build_filter(
                                 ~~~~~~~~~~~~~~~~~^
        child,
        ^^^^^^
    ...<7 lines>...
        update_join_types=update_join_types,
        ^^^^^^^^^^^^^^^^^^^^^^^^^^^^^^^^^^^^
    )
    ^
  File "/home/G1nxx/Projects/IGI/353502_BURCHUCK_5/IGI/LR5/Parking/p_env/lib/python3.13/site-packages/django/db/models/sql/query.py", line 1523, in build_filter
    lookups, parts, reffed_expression = self.solve_lookup_type(arg, summarize)
                                        ~~~~~~~~~~~~~~~~~~~~~~^^^^^^^^^^^^^^^^
  File "/home/G1nxx/Projects/IGI/353502_BURCHUCK_5/IGI/LR5/Parking/p_env/lib/python3.13/site-packages/django/db/models/sql/query.py", line 1330, in solve_lookup_type
    _, field, _, lookup_parts = self.names_to_path(lookup_splitted, self.get_meta())
                                ~~~~~~~~~~~~~~~~~~^^^^^^^^^^^^^^^^^^^^^^^^^^^^^^^^^^
  File "/home/G1nxx/Projects/IGI/353502_BURCHUCK_5/IGI/LR5/Parking/p_env/lib/python3.13/site-packages/django/db/models/sql/query.py", line 1802, in names_to_path
    raise FieldError(
    ...<2 lines>...
    )
django.core.exceptions.FieldError: Cannot resolve keyword 'user' into field. Choices are: amount, car, car_id, code, created_at, id, incomes, is_paid, paid_amount, paid_at, parking_space, parking_space_id
ERROR 2025-05-13 01:54:40,621 basehttp "GET /client_dashboard/ HTTP/1.1" 500 129345
INFO 2025-05-13 01:54:59,555 autoreload /home/G1nxx/Projects/IGI/353502_BURCHUCK_5/IGI/LR5/Parking/auto_car/views.py changed, reloading.
INFO 2025-05-13 01:55:00,704 autoreload Watching for file changes with StatReloader
INFO 2025-05-13 01:55:01,846 autoreload /home/G1nxx/Projects/IGI/353502_BURCHUCK_5/IGI/LR5/Parking/auto_car/views.py changed, reloading.
INFO 2025-05-13 01:55:02,627 autoreload Watching for file changes with StatReloader
INFO 2025-05-13 01:55:16,891 autoreload /home/G1nxx/Projects/IGI/353502_BURCHUCK_5/IGI/LR5/Parking/auto_car/views.py changed, reloading.
INFO 2025-05-13 01:55:17,790 autoreload Watching for file changes with StatReloader
INFO 2025-05-13 01:55:39,129 autoreload /home/G1nxx/Projects/IGI/353502_BURCHUCK_5/IGI/LR5/Parking/auto_car/views.py changed, reloading.
INFO 2025-05-13 01:55:40,015 autoreload Watching for file changes with StatReloader
INFO 2025-05-13 01:55:45,672 autoreload /home/G1nxx/Projects/IGI/353502_BURCHUCK_5/IGI/LR5/Parking/auto_car/views.py changed, reloading.
INFO 2025-05-13 01:55:46,510 autoreload Watching for file changes with StatReloader
INFO 2025-05-13 01:55:58,101 autoreload /home/G1nxx/Projects/IGI/353502_BURCHUCK_5/IGI/LR5/Parking/auto_car/views.py changed, reloading.
INFO 2025-05-13 01:55:59,161 autoreload Watching for file changes with StatReloader
ERROR 2025-05-13 01:55:59,907 log Internal Server Error: /client_dashboard/
Traceback (most recent call last):
  File "/home/G1nxx/Projects/IGI/353502_BURCHUCK_5/IGI/LR5/Parking/p_env/lib/python3.13/site-packages/django/core/handlers/exception.py", line 55, in inner
    response = get_response(request)
  File "/home/G1nxx/Projects/IGI/353502_BURCHUCK_5/IGI/LR5/Parking/p_env/lib/python3.13/site-packages/django/core/handlers/base.py", line 197, in _get_response
    response = wrapped_callback(request, *callback_args, **callback_kwargs)
  File "/home/G1nxx/Projects/IGI/353502_BURCHUCK_5/IGI/LR5/Parking/p_env/lib/python3.13/site-packages/django/contrib/auth/decorators.py", line 59, in _view_wrapper
    return view_func(request, *args, **kwargs)
  File "/home/G1nxx/Projects/IGI/353502_BURCHUCK_5/IGI/LR5/Parking/auto_car/views.py", line 91, in client_dashboard
    'payments': models.Bill.objects.filter(user=request.user)
                ~~~~~~~~~~~~~~~~~~~~~~~~~~^^^^^^^^^^^^^^^^^^^
  File "/home/G1nxx/Projects/IGI/353502_BURCHUCK_5/IGI/LR5/Parking/p_env/lib/python3.13/site-packages/django/db/models/manager.py", line 87, in manager_method
    return getattr(self.get_queryset(), name)(*args, **kwargs)
           ~~~~~~~~~~~~~~~~~~~~~~~~~~~~~~~~~~^^^^^^^^^^^^^^^^^
  File "/home/G1nxx/Projects/IGI/353502_BURCHUCK_5/IGI/LR5/Parking/p_env/lib/python3.13/site-packages/django/db/models/query.py", line 1491, in filter
    return self._filter_or_exclude(False, args, kwargs)
           ~~~~~~~~~~~~~~~~~~~~~~~^^^^^^^^^^^^^^^^^^^^^
  File "/home/G1nxx/Projects/IGI/353502_BURCHUCK_5/IGI/LR5/Parking/p_env/lib/python3.13/site-packages/django/db/models/query.py", line 1509, in _filter_or_exclude
    clone._filter_or_exclude_inplace(negate, args, kwargs)
    ~~~~~~~~~~~~~~~~~~~~~~~~~~~~~~~~^^^^^^^^^^^^^^^^^^^^^^
  File "/home/G1nxx/Projects/IGI/353502_BURCHUCK_5/IGI/LR5/Parking/p_env/lib/python3.13/site-packages/django/db/models/query.py", line 1516, in _filter_or_exclude_inplace
    self._query.add_q(Q(*args, **kwargs))
    ~~~~~~~~~~~~~~~~~^^^^^^^^^^^^^^^^^^^^
  File "/home/G1nxx/Projects/IGI/353502_BURCHUCK_5/IGI/LR5/Parking/p_env/lib/python3.13/site-packages/django/db/models/sql/query.py", line 1643, in add_q
    clause, _ = self._add_q(q_object, can_reuse)
                ~~~~~~~~~~~^^^^^^^^^^^^^^^^^^^^^
  File "/home/G1nxx/Projects/IGI/353502_BURCHUCK_5/IGI/LR5/Parking/p_env/lib/python3.13/site-packages/django/db/models/sql/query.py", line 1675, in _add_q
    child_clause, needed_inner = self.build_filter(
                                 ~~~~~~~~~~~~~~~~~^
        child,
        ^^^^^^
    ...<7 lines>...
        update_join_types=update_join_types,
        ^^^^^^^^^^^^^^^^^^^^^^^^^^^^^^^^^^^^
    )
    ^
  File "/home/G1nxx/Projects/IGI/353502_BURCHUCK_5/IGI/LR5/Parking/p_env/lib/python3.13/site-packages/django/db/models/sql/query.py", line 1523, in build_filter
    lookups, parts, reffed_expression = self.solve_lookup_type(arg, summarize)
                                        ~~~~~~~~~~~~~~~~~~~~~~^^^^^^^^^^^^^^^^
  File "/home/G1nxx/Projects/IGI/353502_BURCHUCK_5/IGI/LR5/Parking/p_env/lib/python3.13/site-packages/django/db/models/sql/query.py", line 1330, in solve_lookup_type
    _, field, _, lookup_parts = self.names_to_path(lookup_splitted, self.get_meta())
                                ~~~~~~~~~~~~~~~~~~^^^^^^^^^^^^^^^^^^^^^^^^^^^^^^^^^^
  File "/home/G1nxx/Projects/IGI/353502_BURCHUCK_5/IGI/LR5/Parking/p_env/lib/python3.13/site-packages/django/db/models/sql/query.py", line 1802, in names_to_path
    raise FieldError(
    ...<2 lines>...
    )
django.core.exceptions.FieldError: Cannot resolve keyword 'user' into field. Choices are: amount, car, car_id, code, created_at, id, incomes, is_paid, paid_amount, paid_at, parking_space, parking_space_id
ERROR 2025-05-13 01:55:59,917 basehttp "GET /client_dashboard/ HTTP/1.1" 500 129376
INFO 2025-05-13 01:56:14,973 autoreload /home/G1nxx/Projects/IGI/353502_BURCHUCK_5/IGI/LR5/Parking/auto_car/views.py changed, reloading.
INFO 2025-05-13 01:56:15,885 autoreload Watching for file changes with StatReloader
INFO 2025-05-13 01:56:17,565 autoreload /home/G1nxx/Projects/IGI/353502_BURCHUCK_5/IGI/LR5/Parking/auto_car/views.py changed, reloading.
INFO 2025-05-13 01:56:18,406 autoreload Watching for file changes with StatReloader
INFO 2025-05-13 01:56:19,512 basehttp "GET /client_dashboard/ HTTP/1.1" 200 2133
INFO 2025-05-13 01:56:28,223 autoreload /home/G1nxx/Projects/IGI/353502_BURCHUCK_5/IGI/LR5/Parking/auto_car/views.py changed, reloading.
INFO 2025-05-13 01:56:28,987 autoreload Watching for file changes with StatReloader
INFO 2025-05-13 01:56:39,711 autoreload /home/G1nxx/Projects/IGI/353502_BURCHUCK_5/IGI/LR5/Parking/auto_car/views.py changed, reloading.
INFO 2025-05-13 01:56:40,716 autoreload Watching for file changes with StatReloader
INFO 2025-05-13 01:56:42,315 autoreload /home/G1nxx/Projects/IGI/353502_BURCHUCK_5/IGI/LR5/Parking/auto_car/views.py changed, reloading.
INFO 2025-05-13 01:56:43,245 autoreload Watching for file changes with StatReloader
ERROR 2025-05-13 01:56:44,902 log Internal Server Error: /client_dashboard/
Traceback (most recent call last):
  File "/home/G1nxx/Projects/IGI/353502_BURCHUCK_5/IGI/LR5/Parking/p_env/lib/python3.13/site-packages/django/core/handlers/exception.py", line 55, in inner
    response = get_response(request)
  File "/home/G1nxx/Projects/IGI/353502_BURCHUCK_5/IGI/LR5/Parking/p_env/lib/python3.13/site-packages/django/core/handlers/base.py", line 197, in _get_response
    response = wrapped_callback(request, *callback_args, **callback_kwargs)
  File "/home/G1nxx/Projects/IGI/353502_BURCHUCK_5/IGI/LR5/Parking/p_env/lib/python3.13/site-packages/django/contrib/auth/decorators.py", line 59, in _view_wrapper
    return view_func(request, *args, **kwargs)
  File "/home/G1nxx/Projects/IGI/353502_BURCHUCK_5/IGI/LR5/Parking/auto_car/views.py", line 90, in client_dashboard
    'cars': models.Car.objects.filter(owners=user_usecase.get_user(request.POST.get("user", "").email)),
                                                                   ^^^^^^^^^^^^^^^^^^^^^^^^^^^^^^^^^^
AttributeError: 'str' object has no attribute 'email'
ERROR 2025-05-13 01:56:44,905 basehttp "GET /client_dashboard/ HTTP/1.1" 500 83220
INFO 2025-05-13 01:56:54,037 autoreload /home/G1nxx/Projects/IGI/353502_BURCHUCK_5/IGI/LR5/Parking/auto_car/views.py changed, reloading.
INFO 2025-05-13 01:56:54,925 autoreload Watching for file changes with StatReloader
ERROR 2025-05-13 01:56:55,923 log Internal Server Error: /client_dashboard/
Traceback (most recent call last):
  File "/home/G1nxx/Projects/IGI/353502_BURCHUCK_5/IGI/LR5/Parking/p_env/lib/python3.13/site-packages/django/core/handlers/exception.py", line 55, in inner
    response = get_response(request)
  File "/home/G1nxx/Projects/IGI/353502_BURCHUCK_5/IGI/LR5/Parking/p_env/lib/python3.13/site-packages/django/core/handlers/base.py", line 197, in _get_response
    response = wrapped_callback(request, *callback_args, **callback_kwargs)
  File "/home/G1nxx/Projects/IGI/353502_BURCHUCK_5/IGI/LR5/Parking/p_env/lib/python3.13/site-packages/django/contrib/auth/decorators.py", line 59, in _view_wrapper
    return view_func(request, *args, **kwargs)
  File "/home/G1nxx/Projects/IGI/353502_BURCHUCK_5/IGI/LR5/Parking/auto_car/views.py", line 91, in client_dashboard
    'payments': models.Bill.objects.filter(user=request.user)
                ~~~~~~~~~~~~~~~~~~~~~~~~~~^^^^^^^^^^^^^^^^^^^
  File "/home/G1nxx/Projects/IGI/353502_BURCHUCK_5/IGI/LR5/Parking/p_env/lib/python3.13/site-packages/django/db/models/manager.py", line 87, in manager_method
    return getattr(self.get_queryset(), name)(*args, **kwargs)
           ~~~~~~~~~~~~~~~~~~~~~~~~~~~~~~~~~~^^^^^^^^^^^^^^^^^
  File "/home/G1nxx/Projects/IGI/353502_BURCHUCK_5/IGI/LR5/Parking/p_env/lib/python3.13/site-packages/django/db/models/query.py", line 1491, in filter
    return self._filter_or_exclude(False, args, kwargs)
           ~~~~~~~~~~~~~~~~~~~~~~~^^^^^^^^^^^^^^^^^^^^^
  File "/home/G1nxx/Projects/IGI/353502_BURCHUCK_5/IGI/LR5/Parking/p_env/lib/python3.13/site-packages/django/db/models/query.py", line 1509, in _filter_or_exclude
    clone._filter_or_exclude_inplace(negate, args, kwargs)
    ~~~~~~~~~~~~~~~~~~~~~~~~~~~~~~~~^^^^^^^^^^^^^^^^^^^^^^
  File "/home/G1nxx/Projects/IGI/353502_BURCHUCK_5/IGI/LR5/Parking/p_env/lib/python3.13/site-packages/django/db/models/query.py", line 1516, in _filter_or_exclude_inplace
    self._query.add_q(Q(*args, **kwargs))
    ~~~~~~~~~~~~~~~~~^^^^^^^^^^^^^^^^^^^^
  File "/home/G1nxx/Projects/IGI/353502_BURCHUCK_5/IGI/LR5/Parking/p_env/lib/python3.13/site-packages/django/db/models/sql/query.py", line 1643, in add_q
    clause, _ = self._add_q(q_object, can_reuse)
                ~~~~~~~~~~~^^^^^^^^^^^^^^^^^^^^^
  File "/home/G1nxx/Projects/IGI/353502_BURCHUCK_5/IGI/LR5/Parking/p_env/lib/python3.13/site-packages/django/db/models/sql/query.py", line 1675, in _add_q
    child_clause, needed_inner = self.build_filter(
                                 ~~~~~~~~~~~~~~~~~^
        child,
        ^^^^^^
    ...<7 lines>...
        update_join_types=update_join_types,
        ^^^^^^^^^^^^^^^^^^^^^^^^^^^^^^^^^^^^
    )
    ^
  File "/home/G1nxx/Projects/IGI/353502_BURCHUCK_5/IGI/LR5/Parking/p_env/lib/python3.13/site-packages/django/db/models/sql/query.py", line 1523, in build_filter
    lookups, parts, reffed_expression = self.solve_lookup_type(arg, summarize)
                                        ~~~~~~~~~~~~~~~~~~~~~~^^^^^^^^^^^^^^^^
  File "/home/G1nxx/Projects/IGI/353502_BURCHUCK_5/IGI/LR5/Parking/p_env/lib/python3.13/site-packages/django/db/models/sql/query.py", line 1330, in solve_lookup_type
    _, field, _, lookup_parts = self.names_to_path(lookup_splitted, self.get_meta())
                                ~~~~~~~~~~~~~~~~~~^^^^^^^^^^^^^^^^^^^^^^^^^^^^^^^^^^
  File "/home/G1nxx/Projects/IGI/353502_BURCHUCK_5/IGI/LR5/Parking/p_env/lib/python3.13/site-packages/django/db/models/sql/query.py", line 1802, in names_to_path
    raise FieldError(
    ...<2 lines>...
    )
django.core.exceptions.FieldError: Cannot resolve keyword 'user' into field. Choices are: amount, car, car_id, code, created_at, id, incomes, is_paid, paid_amount, paid_at, parking_space, parking_space_id
ERROR 2025-05-13 01:56:55,929 basehttp "GET /client_dashboard/ HTTP/1.1" 500 129375
INFO 2025-05-13 01:57:30,012 autoreload /home/G1nxx/Projects/IGI/353502_BURCHUCK_5/IGI/LR5/Parking/auto_car/views.py changed, reloading.
INFO 2025-05-13 01:57:30,855 autoreload Watching for file changes with StatReloader
ERROR 2025-05-13 01:57:34,884 log Internal Server Error: /client_dashboard/
Traceback (most recent call last):
  File "/home/G1nxx/Projects/IGI/353502_BURCHUCK_5/IGI/LR5/Parking/p_env/lib/python3.13/site-packages/django/core/handlers/exception.py", line 55, in inner
    response = get_response(request)
  File "/home/G1nxx/Projects/IGI/353502_BURCHUCK_5/IGI/LR5/Parking/p_env/lib/python3.13/site-packages/django/core/handlers/base.py", line 197, in _get_response
    response = wrapped_callback(request, *callback_args, **callback_kwargs)
  File "/home/G1nxx/Projects/IGI/353502_BURCHUCK_5/IGI/LR5/Parking/p_env/lib/python3.13/site-packages/django/contrib/auth/decorators.py", line 59, in _view_wrapper
    return view_func(request, *args, **kwargs)
  File "/home/G1nxx/Projects/IGI/353502_BURCHUCK_5/IGI/LR5/Parking/auto_car/views.py", line 91, in client_dashboard
    'payments': models.Bill.objects.filter(user=request.user)
                ~~~~~~~~~~~~~~~~~~~~~~~~~~^^^^^^^^^^^^^^^^^^^
  File "/home/G1nxx/Projects/IGI/353502_BURCHUCK_5/IGI/LR5/Parking/p_env/lib/python3.13/site-packages/django/db/models/manager.py", line 87, in manager_method
    return getattr(self.get_queryset(), name)(*args, **kwargs)
           ~~~~~~~~~~~~~~~~~~~~~~~~~~~~~~~~~~^^^^^^^^^^^^^^^^^
  File "/home/G1nxx/Projects/IGI/353502_BURCHUCK_5/IGI/LR5/Parking/p_env/lib/python3.13/site-packages/django/db/models/query.py", line 1491, in filter
    return self._filter_or_exclude(False, args, kwargs)
           ~~~~~~~~~~~~~~~~~~~~~~~^^^^^^^^^^^^^^^^^^^^^
  File "/home/G1nxx/Projects/IGI/353502_BURCHUCK_5/IGI/LR5/Parking/p_env/lib/python3.13/site-packages/django/db/models/query.py", line 1509, in _filter_or_exclude
    clone._filter_or_exclude_inplace(negate, args, kwargs)
    ~~~~~~~~~~~~~~~~~~~~~~~~~~~~~~~~^^^^^^^^^^^^^^^^^^^^^^
  File "/home/G1nxx/Projects/IGI/353502_BURCHUCK_5/IGI/LR5/Parking/p_env/lib/python3.13/site-packages/django/db/models/query.py", line 1516, in _filter_or_exclude_inplace
    self._query.add_q(Q(*args, **kwargs))
    ~~~~~~~~~~~~~~~~~^^^^^^^^^^^^^^^^^^^^
  File "/home/G1nxx/Projects/IGI/353502_BURCHUCK_5/IGI/LR5/Parking/p_env/lib/python3.13/site-packages/django/db/models/sql/query.py", line 1643, in add_q
    clause, _ = self._add_q(q_object, can_reuse)
                ~~~~~~~~~~~^^^^^^^^^^^^^^^^^^^^^
  File "/home/G1nxx/Projects/IGI/353502_BURCHUCK_5/IGI/LR5/Parking/p_env/lib/python3.13/site-packages/django/db/models/sql/query.py", line 1675, in _add_q
    child_clause, needed_inner = self.build_filter(
                                 ~~~~~~~~~~~~~~~~~^
        child,
        ^^^^^^
    ...<7 lines>...
        update_join_types=update_join_types,
        ^^^^^^^^^^^^^^^^^^^^^^^^^^^^^^^^^^^^
    )
    ^
  File "/home/G1nxx/Projects/IGI/353502_BURCHUCK_5/IGI/LR5/Parking/p_env/lib/python3.13/site-packages/django/db/models/sql/query.py", line 1523, in build_filter
    lookups, parts, reffed_expression = self.solve_lookup_type(arg, summarize)
                                        ~~~~~~~~~~~~~~~~~~~~~~^^^^^^^^^^^^^^^^
  File "/home/G1nxx/Projects/IGI/353502_BURCHUCK_5/IGI/LR5/Parking/p_env/lib/python3.13/site-packages/django/db/models/sql/query.py", line 1330, in solve_lookup_type
    _, field, _, lookup_parts = self.names_to_path(lookup_splitted, self.get_meta())
                                ~~~~~~~~~~~~~~~~~~^^^^^^^^^^^^^^^^^^^^^^^^^^^^^^^^^^
  File "/home/G1nxx/Projects/IGI/353502_BURCHUCK_5/IGI/LR5/Parking/p_env/lib/python3.13/site-packages/django/db/models/sql/query.py", line 1802, in names_to_path
    raise FieldError(
    ...<2 lines>...
    )
django.core.exceptions.FieldError: Cannot resolve keyword 'user' into field. Choices are: amount, car, car_id, code, created_at, id, incomes, is_paid, paid_amount, paid_at, parking_space, parking_space_id
ERROR 2025-05-13 01:57:34,899 basehttp "GET /client_dashboard/ HTTP/1.1" 500 129345
INFO 2025-05-13 01:57:35,601 autoreload /home/G1nxx/Projects/IGI/353502_BURCHUCK_5/IGI/LR5/Parking/auto_car/views.py changed, reloading.
INFO 2025-05-13 01:57:36,545 autoreload Watching for file changes with StatReloader
ERROR 2025-05-13 01:57:38,473 log Internal Server Error: /client_dashboard/
Traceback (most recent call last):
  File "/home/G1nxx/Projects/IGI/353502_BURCHUCK_5/IGI/LR5/Parking/p_env/lib/python3.13/site-packages/django/core/handlers/exception.py", line 55, in inner
    response = get_response(request)
  File "/home/G1nxx/Projects/IGI/353502_BURCHUCK_5/IGI/LR5/Parking/p_env/lib/python3.13/site-packages/django/core/handlers/base.py", line 197, in _get_response
    response = wrapped_callback(request, *callback_args, **callback_kwargs)
  File "/home/G1nxx/Projects/IGI/353502_BURCHUCK_5/IGI/LR5/Parking/p_env/lib/python3.13/site-packages/django/contrib/auth/decorators.py", line 59, in _view_wrapper
    return view_func(request, *args, **kwargs)
  File "/home/G1nxx/Projects/IGI/353502_BURCHUCK_5/IGI/LR5/Parking/auto_car/views.py", line 91, in client_dashboard
    'payments': models.Bill.objects.filter(user=request.user)
                ~~~~~~~~~~~~~~~~~~~~~~~~~~^^^^^^^^^^^^^^^^^^^
  File "/home/G1nxx/Projects/IGI/353502_BURCHUCK_5/IGI/LR5/Parking/p_env/lib/python3.13/site-packages/django/db/models/manager.py", line 87, in manager_method
    return getattr(self.get_queryset(), name)(*args, **kwargs)
           ~~~~~~~~~~~~~~~~~~~~~~~~~~~~~~~~~~^^^^^^^^^^^^^^^^^
  File "/home/G1nxx/Projects/IGI/353502_BURCHUCK_5/IGI/LR5/Parking/p_env/lib/python3.13/site-packages/django/db/models/query.py", line 1491, in filter
    return self._filter_or_exclude(False, args, kwargs)
           ~~~~~~~~~~~~~~~~~~~~~~~^^^^^^^^^^^^^^^^^^^^^
  File "/home/G1nxx/Projects/IGI/353502_BURCHUCK_5/IGI/LR5/Parking/p_env/lib/python3.13/site-packages/django/db/models/query.py", line 1509, in _filter_or_exclude
    clone._filter_or_exclude_inplace(negate, args, kwargs)
    ~~~~~~~~~~~~~~~~~~~~~~~~~~~~~~~~^^^^^^^^^^^^^^^^^^^^^^
  File "/home/G1nxx/Projects/IGI/353502_BURCHUCK_5/IGI/LR5/Parking/p_env/lib/python3.13/site-packages/django/db/models/query.py", line 1516, in _filter_or_exclude_inplace
    self._query.add_q(Q(*args, **kwargs))
    ~~~~~~~~~~~~~~~~~^^^^^^^^^^^^^^^^^^^^
  File "/home/G1nxx/Projects/IGI/353502_BURCHUCK_5/IGI/LR5/Parking/p_env/lib/python3.13/site-packages/django/db/models/sql/query.py", line 1643, in add_q
    clause, _ = self._add_q(q_object, can_reuse)
                ~~~~~~~~~~~^^^^^^^^^^^^^^^^^^^^^
  File "/home/G1nxx/Projects/IGI/353502_BURCHUCK_5/IGI/LR5/Parking/p_env/lib/python3.13/site-packages/django/db/models/sql/query.py", line 1675, in _add_q
    child_clause, needed_inner = self.build_filter(
                                 ~~~~~~~~~~~~~~~~~^
        child,
        ^^^^^^
    ...<7 lines>...
        update_join_types=update_join_types,
        ^^^^^^^^^^^^^^^^^^^^^^^^^^^^^^^^^^^^
    )
    ^
  File "/home/G1nxx/Projects/IGI/353502_BURCHUCK_5/IGI/LR5/Parking/p_env/lib/python3.13/site-packages/django/db/models/sql/query.py", line 1523, in build_filter
    lookups, parts, reffed_expression = self.solve_lookup_type(arg, summarize)
                                        ~~~~~~~~~~~~~~~~~~~~~~^^^^^^^^^^^^^^^^
  File "/home/G1nxx/Projects/IGI/353502_BURCHUCK_5/IGI/LR5/Parking/p_env/lib/python3.13/site-packages/django/db/models/sql/query.py", line 1330, in solve_lookup_type
    _, field, _, lookup_parts = self.names_to_path(lookup_splitted, self.get_meta())
                                ~~~~~~~~~~~~~~~~~~^^^^^^^^^^^^^^^^^^^^^^^^^^^^^^^^^^
  File "/home/G1nxx/Projects/IGI/353502_BURCHUCK_5/IGI/LR5/Parking/p_env/lib/python3.13/site-packages/django/db/models/sql/query.py", line 1802, in names_to_path
    raise FieldError(
    ...<2 lines>...
    )
django.core.exceptions.FieldError: Cannot resolve keyword 'user' into field. Choices are: amount, car, car_id, code, created_at, id, incomes, is_paid, paid_amount, paid_at, parking_space, parking_space_id
ERROR 2025-05-13 01:57:38,480 basehttp "GET /client_dashboard/ HTTP/1.1" 500 129345
INFO 2025-05-13 01:57:46,491 autoreload /home/G1nxx/Projects/IGI/353502_BURCHUCK_5/IGI/LR5/Parking/auto_car/views.py changed, reloading.
INFO 2025-05-13 01:57:47,578 autoreload Watching for file changes with StatReloader
INFO 2025-05-13 01:57:50,205 autoreload /home/G1nxx/Projects/IGI/353502_BURCHUCK_5/IGI/LR5/Parking/auto_car/views.py changed, reloading.
INFO 2025-05-13 01:57:51,082 autoreload Watching for file changes with StatReloader
INFO 2025-05-13 01:57:52,634 basehttp "GET /client_dashboard/ HTTP/1.1" 200 2133
INFO 2025-05-13 01:59:05,189 basehttp "GET /client_dashboard/ HTTP/1.1" 200 2133
ERROR 2025-05-13 01:59:06,472 log Internal Server Error: /client_dashboard/
Traceback (most recent call last):
  File "/home/G1nxx/Projects/IGI/353502_BURCHUCK_5/IGI/LR5/Parking/p_env/lib/python3.13/site-packages/django/core/handlers/exception.py", line 55, in inner
    response = get_response(request)
  File "/home/G1nxx/Projects/IGI/353502_BURCHUCK_5/IGI/LR5/Parking/p_env/lib/python3.13/site-packages/django/core/handlers/base.py", line 197, in _get_response
    response = wrapped_callback(request, *callback_args, **callback_kwargs)
  File "/home/G1nxx/Projects/IGI/353502_BURCHUCK_5/IGI/LR5/Parking/p_env/lib/python3.13/site-packages/django/contrib/auth/decorators.py", line 59, in _view_wrapper
    return view_func(request, *args, **kwargs)
  File "/home/G1nxx/Projects/IGI/353502_BURCHUCK_5/IGI/LR5/Parking/auto_car/views.py", line 93, in client_dashboard
    return render(request, 'auto_car/client_dashboard.html', context)
  File "/home/G1nxx/Projects/IGI/353502_BURCHUCK_5/IGI/LR5/Parking/p_env/lib/python3.13/site-packages/django/shortcuts.py", line 25, in render
    content = loader.render_to_string(template_name, context, request, using=using)
  File "/home/G1nxx/Projects/IGI/353502_BURCHUCK_5/IGI/LR5/Parking/p_env/lib/python3.13/site-packages/django/template/loader.py", line 62, in render_to_string
    return template.render(context, request)
           ~~~~~~~~~~~~~~~^^^^^^^^^^^^^^^^^^
  File "/home/G1nxx/Projects/IGI/353502_BURCHUCK_5/IGI/LR5/Parking/p_env/lib/python3.13/site-packages/django/template/backends/django.py", line 107, in render
    return self.template.render(context)
           ~~~~~~~~~~~~~~~~~~~~^^^^^^^^^
  File "/home/G1nxx/Projects/IGI/353502_BURCHUCK_5/IGI/LR5/Parking/p_env/lib/python3.13/site-packages/django/template/base.py", line 171, in render
    return self._render(context)
           ~~~~~~~~~~~~^^^^^^^^^
  File "/home/G1nxx/Projects/IGI/353502_BURCHUCK_5/IGI/LR5/Parking/p_env/lib/python3.13/site-packages/django/template/base.py", line 163, in _render
    return self.nodelist.render(context)
           ~~~~~~~~~~~~~~~~~~~~^^^^^^^^^
  File "/home/G1nxx/Projects/IGI/353502_BURCHUCK_5/IGI/LR5/Parking/p_env/lib/python3.13/site-packages/django/template/base.py", line 1016, in render
    return SafeString("".join([node.render_annotated(context) for node in self]))
                               ~~~~~~~~~~~~~~~~~~~~~^^^^^^^^^
  File "/home/G1nxx/Projects/IGI/353502_BURCHUCK_5/IGI/LR5/Parking/p_env/lib/python3.13/site-packages/django/template/base.py", line 977, in render_annotated
    return self.render(context)
           ~~~~~~~~~~~^^^^^^^^^
  File "/home/G1nxx/Projects/IGI/353502_BURCHUCK_5/IGI/LR5/Parking/p_env/lib/python3.13/site-packages/django/template/loader_tags.py", line 159, in render
    return compiled_parent._render(context)
           ~~~~~~~~~~~~~~~~~~~~~~~^^^^^^^^^
  File "/home/G1nxx/Projects/IGI/353502_BURCHUCK_5/IGI/LR5/Parking/p_env/lib/python3.13/site-packages/django/template/base.py", line 163, in _render
    return self.nodelist.render(context)
           ~~~~~~~~~~~~~~~~~~~~^^^^^^^^^
  File "/home/G1nxx/Projects/IGI/353502_BURCHUCK_5/IGI/LR5/Parking/p_env/lib/python3.13/site-packages/django/template/base.py", line 1016, in render
    return SafeString("".join([node.render_annotated(context) for node in self]))
                               ~~~~~~~~~~~~~~~~~~~~~^^^^^^^^^
  File "/home/G1nxx/Projects/IGI/353502_BURCHUCK_5/IGI/LR5/Parking/p_env/lib/python3.13/site-packages/django/template/base.py", line 977, in render_annotated
    return self.render(context)
           ~~~~~~~~~~~^^^^^^^^^
  File "/home/G1nxx/Projects/IGI/353502_BURCHUCK_5/IGI/LR5/Parking/p_env/lib/python3.13/site-packages/django/template/loader_tags.py", line 65, in render
    result = block.nodelist.render(context)
  File "/home/G1nxx/Projects/IGI/353502_BURCHUCK_5/IGI/LR5/Parking/p_env/lib/python3.13/site-packages/django/template/base.py", line 1016, in render
    return SafeString("".join([node.render_annotated(context) for node in self]))
                               ~~~~~~~~~~~~~~~~~~~~~^^^^^^^^^
  File "/home/G1nxx/Projects/IGI/353502_BURCHUCK_5/IGI/LR5/Parking/p_env/lib/python3.13/site-packages/django/template/base.py", line 977, in render_annotated
    return self.render(context)
           ~~~~~~~~~~~^^^^^^^^^
  File "/home/G1nxx/Projects/IGI/353502_BURCHUCK_5/IGI/LR5/Parking/p_env/lib/python3.13/site-packages/django/template/defaulttags.py", line 243, in render
    nodelist.append(node.render_annotated(context))
                    ~~~~~~~~~~~~~~~~~~~~~^^^^^^^^^
  File "/home/G1nxx/Projects/IGI/353502_BURCHUCK_5/IGI/LR5/Parking/p_env/lib/python3.13/site-packages/django/template/base.py", line 977, in render_annotated
    return self.render(context)
           ~~~~~~~~~~~^^^^^^^^^
  File "/home/G1nxx/Projects/IGI/353502_BURCHUCK_5/IGI/LR5/Parking/p_env/lib/python3.13/site-packages/django/template/defaulttags.py", line 327, in render
    return nodelist.render(context)
           ~~~~~~~~~~~~~~~^^^^^^^^^
  File "/home/G1nxx/Projects/IGI/353502_BURCHUCK_5/IGI/LR5/Parking/p_env/lib/python3.13/site-packages/django/template/base.py", line 1016, in render
    return SafeString("".join([node.render_annotated(context) for node in self]))
                               ~~~~~~~~~~~~~~~~~~~~~^^^^^^^^^
  File "/home/G1nxx/Projects/IGI/353502_BURCHUCK_5/IGI/LR5/Parking/p_env/lib/python3.13/site-packages/django/template/base.py", line 977, in render_annotated
    return self.render(context)
           ~~~~~~~~~~~^^^^^^^^^
  File "/home/G1nxx/Projects/IGI/353502_BURCHUCK_5/IGI/LR5/Parking/p_env/lib/python3.13/site-packages/django/template/defaulttags.py", line 480, in render
    url = reverse(view_name, args=args, kwargs=kwargs, current_app=current_app)
  File "/home/G1nxx/Projects/IGI/353502_BURCHUCK_5/IGI/LR5/Parking/p_env/lib/python3.13/site-packages/django/urls/base.py", line 98, in reverse
    resolved_url = resolver._reverse_with_prefix(view, prefix, *args, **kwargs)
  File "/home/G1nxx/Projects/IGI/353502_BURCHUCK_5/IGI/LR5/Parking/p_env/lib/python3.13/site-packages/django/urls/resolvers.py", line 831, in _reverse_with_prefix
    raise NoReverseMatch(msg)
django.urls.exceptions.NoReverseMatch: Reverse for 'park_car' not found. 'park_car' is not a valid view function or pattern name.
ERROR 2025-05-13 01:59:06,480 basehttp "GET /client_dashboard/ HTTP/1.1" 500 195861
ERROR 2025-05-13 01:59:35,147 log Internal Server Error: /client_dashboard/
Traceback (most recent call last):
  File "/home/G1nxx/Projects/IGI/353502_BURCHUCK_5/IGI/LR5/Parking/p_env/lib/python3.13/site-packages/django/template/base.py", line 510, in parse
    compile_func = self.tags[command]
                   ~~~~~~~~~^^^^^^^^^
KeyError: 'endif'

During handling of the above exception, another exception occurred:

Traceback (most recent call last):
  File "/home/G1nxx/Projects/IGI/353502_BURCHUCK_5/IGI/LR5/Parking/p_env/lib/python3.13/site-packages/django/core/handlers/exception.py", line 55, in inner
    response = get_response(request)
  File "/home/G1nxx/Projects/IGI/353502_BURCHUCK_5/IGI/LR5/Parking/p_env/lib/python3.13/site-packages/django/core/handlers/base.py", line 197, in _get_response
    response = wrapped_callback(request, *callback_args, **callback_kwargs)
  File "/home/G1nxx/Projects/IGI/353502_BURCHUCK_5/IGI/LR5/Parking/p_env/lib/python3.13/site-packages/django/contrib/auth/decorators.py", line 59, in _view_wrapper
    return view_func(request, *args, **kwargs)
  File "/home/G1nxx/Projects/IGI/353502_BURCHUCK_5/IGI/LR5/Parking/auto_car/views.py", line 93, in client_dashboard
    return render(request, 'auto_car/client_dashboard.html', context)
  File "/home/G1nxx/Projects/IGI/353502_BURCHUCK_5/IGI/LR5/Parking/p_env/lib/python3.13/site-packages/django/shortcuts.py", line 25, in render
    content = loader.render_to_string(template_name, context, request, using=using)
  File "/home/G1nxx/Projects/IGI/353502_BURCHUCK_5/IGI/LR5/Parking/p_env/lib/python3.13/site-packages/django/template/loader.py", line 61, in render_to_string
    template = get_template(template_name, using=using)
  File "/home/G1nxx/Projects/IGI/353502_BURCHUCK_5/IGI/LR5/Parking/p_env/lib/python3.13/site-packages/django/template/loader.py", line 15, in get_template
    return engine.get_template(template_name)
           ~~~~~~~~~~~~~~~~~~~^^^^^^^^^^^^^^^
  File "/home/G1nxx/Projects/IGI/353502_BURCHUCK_5/IGI/LR5/Parking/p_env/lib/python3.13/site-packages/django/template/backends/django.py", line 79, in get_template
    return Template(self.engine.get_template(template_name), self)
                    ~~~~~~~~~~~~~~~~~~~~~~~~^^^^^^^^^^^^^^^
  File "/home/G1nxx/Projects/IGI/353502_BURCHUCK_5/IGI/LR5/Parking/p_env/lib/python3.13/site-packages/django/template/engine.py", line 177, in get_template
    template, origin = self.find_template(template_name)
                       ~~~~~~~~~~~~~~~~~~^^^^^^^^^^^^^^^
  File "/home/G1nxx/Projects/IGI/353502_BURCHUCK_5/IGI/LR5/Parking/p_env/lib/python3.13/site-packages/django/template/engine.py", line 159, in find_template
    template = loader.get_template(name, skip=skip)
  File "/home/G1nxx/Projects/IGI/353502_BURCHUCK_5/IGI/LR5/Parking/p_env/lib/python3.13/site-packages/django/template/loaders/cached.py", line 57, in get_template
    template = super().get_template(template_name, skip)
  File "/home/G1nxx/Projects/IGI/353502_BURCHUCK_5/IGI/LR5/Parking/p_env/lib/python3.13/site-packages/django/template/loaders/base.py", line 28, in get_template
    return Template(
        contents,
    ...<2 lines>...
        self.engine,
    )
  File "/home/G1nxx/Projects/IGI/353502_BURCHUCK_5/IGI/LR5/Parking/p_env/lib/python3.13/site-packages/django/template/base.py", line 154, in __init__
    self.nodelist = self.compile_nodelist()
                    ~~~~~~~~~~~~~~~~~~~~~^^
  File "/home/G1nxx/Projects/IGI/353502_BURCHUCK_5/IGI/LR5/Parking/p_env/lib/python3.13/site-packages/django/template/base.py", line 196, in compile_nodelist
    nodelist = parser.parse()
  File "/home/G1nxx/Projects/IGI/353502_BURCHUCK_5/IGI/LR5/Parking/p_env/lib/python3.13/site-packages/django/template/base.py", line 518, in parse
    raise self.error(token, e)
  File "/home/G1nxx/Projects/IGI/353502_BURCHUCK_5/IGI/LR5/Parking/p_env/lib/python3.13/site-packages/django/template/base.py", line 516, in parse
    compiled_result = compile_func(self, token)
  File "/home/G1nxx/Projects/IGI/353502_BURCHUCK_5/IGI/LR5/Parking/p_env/lib/python3.13/site-packages/django/template/loader_tags.py", line 299, in do_extends
    nodelist = parser.parse()
  File "/home/G1nxx/Projects/IGI/353502_BURCHUCK_5/IGI/LR5/Parking/p_env/lib/python3.13/site-packages/django/template/base.py", line 518, in parse
    raise self.error(token, e)
  File "/home/G1nxx/Projects/IGI/353502_BURCHUCK_5/IGI/LR5/Parking/p_env/lib/python3.13/site-packages/django/template/base.py", line 516, in parse
    compiled_result = compile_func(self, token)
  File "/home/G1nxx/Projects/IGI/353502_BURCHUCK_5/IGI/LR5/Parking/p_env/lib/python3.13/site-packages/django/template/loader_tags.py", line 234, in do_block
    nodelist = parser.parse(("endblock",))
  File "/home/G1nxx/Projects/IGI/353502_BURCHUCK_5/IGI/LR5/Parking/p_env/lib/python3.13/site-packages/django/template/base.py", line 518, in parse
    raise self.error(token, e)
  File "/home/G1nxx/Projects/IGI/353502_BURCHUCK_5/IGI/LR5/Parking/p_env/lib/python3.13/site-packages/django/template/base.py", line 516, in parse
    compiled_result = compile_func(self, token)
  File "/home/G1nxx/Projects/IGI/353502_BURCHUCK_5/IGI/LR5/Parking/p_env/lib/python3.13/site-packages/django/template/defaulttags.py", line 862, in do_for
    nodelist_loop = parser.parse(
        (
    ...<2 lines>...
        )
    )
  File "/home/G1nxx/Projects/IGI/353502_BURCHUCK_5/IGI/LR5/Parking/p_env/lib/python3.13/site-packages/django/template/base.py", line 512, in parse
    self.invalid_block_tag(token, command, parse_until)
    ~~~~~~~~~~~~~~~~~~~~~~^^^^^^^^^^^^^^^^^^^^^^^^^^^^^
  File "/home/G1nxx/Projects/IGI/353502_BURCHUCK_5/IGI/LR5/Parking/p_env/lib/python3.13/site-packages/django/template/base.py", line 567, in invalid_block_tag
    raise self.error(
    ...<8 lines>...
    )
django.template.exceptions.TemplateSyntaxError: Invalid block tag on line 16: 'endif', expected 'empty' or 'endfor'. Did you forget to register or load this tag?
ERROR 2025-05-13 01:59:35,156 basehttp "GET /client_dashboard/ HTTP/1.1" 500 206395
ERROR 2025-05-13 01:59:36,169 log Internal Server Error: /client_dashboard/
Traceback (most recent call last):
  File "/home/G1nxx/Projects/IGI/353502_BURCHUCK_5/IGI/LR5/Parking/p_env/lib/python3.13/site-packages/django/template/base.py", line 510, in parse
    compile_func = self.tags[command]
                   ~~~~~~~~~^^^^^^^^^
KeyError: 'endif'

During handling of the above exception, another exception occurred:

Traceback (most recent call last):
  File "/home/G1nxx/Projects/IGI/353502_BURCHUCK_5/IGI/LR5/Parking/p_env/lib/python3.13/site-packages/django/core/handlers/exception.py", line 55, in inner
    response = get_response(request)
  File "/home/G1nxx/Projects/IGI/353502_BURCHUCK_5/IGI/LR5/Parking/p_env/lib/python3.13/site-packages/django/core/handlers/base.py", line 197, in _get_response
    response = wrapped_callback(request, *callback_args, **callback_kwargs)
  File "/home/G1nxx/Projects/IGI/353502_BURCHUCK_5/IGI/LR5/Parking/p_env/lib/python3.13/site-packages/django/contrib/auth/decorators.py", line 59, in _view_wrapper
    return view_func(request, *args, **kwargs)
  File "/home/G1nxx/Projects/IGI/353502_BURCHUCK_5/IGI/LR5/Parking/auto_car/views.py", line 93, in client_dashboard
    return render(request, 'auto_car/client_dashboard.html', context)
  File "/home/G1nxx/Projects/IGI/353502_BURCHUCK_5/IGI/LR5/Parking/p_env/lib/python3.13/site-packages/django/shortcuts.py", line 25, in render
    content = loader.render_to_string(template_name, context, request, using=using)
  File "/home/G1nxx/Projects/IGI/353502_BURCHUCK_5/IGI/LR5/Parking/p_env/lib/python3.13/site-packages/django/template/loader.py", line 61, in render_to_string
    template = get_template(template_name, using=using)
  File "/home/G1nxx/Projects/IGI/353502_BURCHUCK_5/IGI/LR5/Parking/p_env/lib/python3.13/site-packages/django/template/loader.py", line 15, in get_template
    return engine.get_template(template_name)
           ~~~~~~~~~~~~~~~~~~~^^^^^^^^^^^^^^^
  File "/home/G1nxx/Projects/IGI/353502_BURCHUCK_5/IGI/LR5/Parking/p_env/lib/python3.13/site-packages/django/template/backends/django.py", line 79, in get_template
    return Template(self.engine.get_template(template_name), self)
                    ~~~~~~~~~~~~~~~~~~~~~~~~^^^^^^^^^^^^^^^
  File "/home/G1nxx/Projects/IGI/353502_BURCHUCK_5/IGI/LR5/Parking/p_env/lib/python3.13/site-packages/django/template/engine.py", line 177, in get_template
    template, origin = self.find_template(template_name)
                       ~~~~~~~~~~~~~~~~~~^^^^^^^^^^^^^^^
  File "/home/G1nxx/Projects/IGI/353502_BURCHUCK_5/IGI/LR5/Parking/p_env/lib/python3.13/site-packages/django/template/engine.py", line 159, in find_template
    template = loader.get_template(name, skip=skip)
  File "/home/G1nxx/Projects/IGI/353502_BURCHUCK_5/IGI/LR5/Parking/p_env/lib/python3.13/site-packages/django/template/loaders/cached.py", line 57, in get_template
    template = super().get_template(template_name, skip)
  File "/home/G1nxx/Projects/IGI/353502_BURCHUCK_5/IGI/LR5/Parking/p_env/lib/python3.13/site-packages/django/template/loaders/base.py", line 28, in get_template
    return Template(
        contents,
    ...<2 lines>...
        self.engine,
    )
  File "/home/G1nxx/Projects/IGI/353502_BURCHUCK_5/IGI/LR5/Parking/p_env/lib/python3.13/site-packages/django/template/base.py", line 154, in __init__
    self.nodelist = self.compile_nodelist()
                    ~~~~~~~~~~~~~~~~~~~~~^^
  File "/home/G1nxx/Projects/IGI/353502_BURCHUCK_5/IGI/LR5/Parking/p_env/lib/python3.13/site-packages/django/template/base.py", line 196, in compile_nodelist
    nodelist = parser.parse()
  File "/home/G1nxx/Projects/IGI/353502_BURCHUCK_5/IGI/LR5/Parking/p_env/lib/python3.13/site-packages/django/template/base.py", line 518, in parse
    raise self.error(token, e)
  File "/home/G1nxx/Projects/IGI/353502_BURCHUCK_5/IGI/LR5/Parking/p_env/lib/python3.13/site-packages/django/template/base.py", line 516, in parse
    compiled_result = compile_func(self, token)
  File "/home/G1nxx/Projects/IGI/353502_BURCHUCK_5/IGI/LR5/Parking/p_env/lib/python3.13/site-packages/django/template/loader_tags.py", line 299, in do_extends
    nodelist = parser.parse()
  File "/home/G1nxx/Projects/IGI/353502_BURCHUCK_5/IGI/LR5/Parking/p_env/lib/python3.13/site-packages/django/template/base.py", line 518, in parse
    raise self.error(token, e)
  File "/home/G1nxx/Projects/IGI/353502_BURCHUCK_5/IGI/LR5/Parking/p_env/lib/python3.13/site-packages/django/template/base.py", line 516, in parse
    compiled_result = compile_func(self, token)
  File "/home/G1nxx/Projects/IGI/353502_BURCHUCK_5/IGI/LR5/Parking/p_env/lib/python3.13/site-packages/django/template/loader_tags.py", line 234, in do_block
    nodelist = parser.parse(("endblock",))
  File "/home/G1nxx/Projects/IGI/353502_BURCHUCK_5/IGI/LR5/Parking/p_env/lib/python3.13/site-packages/django/template/base.py", line 518, in parse
    raise self.error(token, e)
  File "/home/G1nxx/Projects/IGI/353502_BURCHUCK_5/IGI/LR5/Parking/p_env/lib/python3.13/site-packages/django/template/base.py", line 516, in parse
    compiled_result = compile_func(self, token)
  File "/home/G1nxx/Projects/IGI/353502_BURCHUCK_5/IGI/LR5/Parking/p_env/lib/python3.13/site-packages/django/template/defaulttags.py", line 862, in do_for
    nodelist_loop = parser.parse(
        (
    ...<2 lines>...
        )
    )
  File "/home/G1nxx/Projects/IGI/353502_BURCHUCK_5/IGI/LR5/Parking/p_env/lib/python3.13/site-packages/django/template/base.py", line 512, in parse
    self.invalid_block_tag(token, command, parse_until)
    ~~~~~~~~~~~~~~~~~~~~~~^^^^^^^^^^^^^^^^^^^^^^^^^^^^^
  File "/home/G1nxx/Projects/IGI/353502_BURCHUCK_5/IGI/LR5/Parking/p_env/lib/python3.13/site-packages/django/template/base.py", line 567, in invalid_block_tag
    raise self.error(
    ...<8 lines>...
    )
django.template.exceptions.TemplateSyntaxError: Invalid block tag on line 16: 'endif', expected 'empty' or 'endfor'. Did you forget to register or load this tag?
ERROR 2025-05-13 01:59:36,175 basehttp "GET /client_dashboard/ HTTP/1.1" 500 206395
ERROR 2025-05-13 01:59:37,795 log Internal Server Error: /client_dashboard/
Traceback (most recent call last):
  File "/home/G1nxx/Projects/IGI/353502_BURCHUCK_5/IGI/LR5/Parking/p_env/lib/python3.13/site-packages/django/template/base.py", line 510, in parse
    compile_func = self.tags[command]
                   ~~~~~~~~~^^^^^^^^^
KeyError: 'endif'

During handling of the above exception, another exception occurred:

Traceback (most recent call last):
  File "/home/G1nxx/Projects/IGI/353502_BURCHUCK_5/IGI/LR5/Parking/p_env/lib/python3.13/site-packages/django/core/handlers/exception.py", line 55, in inner
    response = get_response(request)
  File "/home/G1nxx/Projects/IGI/353502_BURCHUCK_5/IGI/LR5/Parking/p_env/lib/python3.13/site-packages/django/core/handlers/base.py", line 197, in _get_response
    response = wrapped_callback(request, *callback_args, **callback_kwargs)
  File "/home/G1nxx/Projects/IGI/353502_BURCHUCK_5/IGI/LR5/Parking/p_env/lib/python3.13/site-packages/django/contrib/auth/decorators.py", line 59, in _view_wrapper
    return view_func(request, *args, **kwargs)
  File "/home/G1nxx/Projects/IGI/353502_BURCHUCK_5/IGI/LR5/Parking/auto_car/views.py", line 93, in client_dashboard
    return render(request, 'auto_car/client_dashboard.html', context)
  File "/home/G1nxx/Projects/IGI/353502_BURCHUCK_5/IGI/LR5/Parking/p_env/lib/python3.13/site-packages/django/shortcuts.py", line 25, in render
    content = loader.render_to_string(template_name, context, request, using=using)
  File "/home/G1nxx/Projects/IGI/353502_BURCHUCK_5/IGI/LR5/Parking/p_env/lib/python3.13/site-packages/django/template/loader.py", line 61, in render_to_string
    template = get_template(template_name, using=using)
  File "/home/G1nxx/Projects/IGI/353502_BURCHUCK_5/IGI/LR5/Parking/p_env/lib/python3.13/site-packages/django/template/loader.py", line 15, in get_template
    return engine.get_template(template_name)
           ~~~~~~~~~~~~~~~~~~~^^^^^^^^^^^^^^^
  File "/home/G1nxx/Projects/IGI/353502_BURCHUCK_5/IGI/LR5/Parking/p_env/lib/python3.13/site-packages/django/template/backends/django.py", line 79, in get_template
    return Template(self.engine.get_template(template_name), self)
                    ~~~~~~~~~~~~~~~~~~~~~~~~^^^^^^^^^^^^^^^
  File "/home/G1nxx/Projects/IGI/353502_BURCHUCK_5/IGI/LR5/Parking/p_env/lib/python3.13/site-packages/django/template/engine.py", line 177, in get_template
    template, origin = self.find_template(template_name)
                       ~~~~~~~~~~~~~~~~~~^^^^^^^^^^^^^^^
  File "/home/G1nxx/Projects/IGI/353502_BURCHUCK_5/IGI/LR5/Parking/p_env/lib/python3.13/site-packages/django/template/engine.py", line 159, in find_template
    template = loader.get_template(name, skip=skip)
  File "/home/G1nxx/Projects/IGI/353502_BURCHUCK_5/IGI/LR5/Parking/p_env/lib/python3.13/site-packages/django/template/loaders/cached.py", line 57, in get_template
    template = super().get_template(template_name, skip)
  File "/home/G1nxx/Projects/IGI/353502_BURCHUCK_5/IGI/LR5/Parking/p_env/lib/python3.13/site-packages/django/template/loaders/base.py", line 28, in get_template
    return Template(
        contents,
    ...<2 lines>...
        self.engine,
    )
  File "/home/G1nxx/Projects/IGI/353502_BURCHUCK_5/IGI/LR5/Parking/p_env/lib/python3.13/site-packages/django/template/base.py", line 154, in __init__
    self.nodelist = self.compile_nodelist()
                    ~~~~~~~~~~~~~~~~~~~~~^^
  File "/home/G1nxx/Projects/IGI/353502_BURCHUCK_5/IGI/LR5/Parking/p_env/lib/python3.13/site-packages/django/template/base.py", line 196, in compile_nodelist
    nodelist = parser.parse()
  File "/home/G1nxx/Projects/IGI/353502_BURCHUCK_5/IGI/LR5/Parking/p_env/lib/python3.13/site-packages/django/template/base.py", line 518, in parse
    raise self.error(token, e)
  File "/home/G1nxx/Projects/IGI/353502_BURCHUCK_5/IGI/LR5/Parking/p_env/lib/python3.13/site-packages/django/template/base.py", line 516, in parse
    compiled_result = compile_func(self, token)
  File "/home/G1nxx/Projects/IGI/353502_BURCHUCK_5/IGI/LR5/Parking/p_env/lib/python3.13/site-packages/django/template/loader_tags.py", line 299, in do_extends
    nodelist = parser.parse()
  File "/home/G1nxx/Projects/IGI/353502_BURCHUCK_5/IGI/LR5/Parking/p_env/lib/python3.13/site-packages/django/template/base.py", line 518, in parse
    raise self.error(token, e)
  File "/home/G1nxx/Projects/IGI/353502_BURCHUCK_5/IGI/LR5/Parking/p_env/lib/python3.13/site-packages/django/template/base.py", line 516, in parse
    compiled_result = compile_func(self, token)
  File "/home/G1nxx/Projects/IGI/353502_BURCHUCK_5/IGI/LR5/Parking/p_env/lib/python3.13/site-packages/django/template/loader_tags.py", line 234, in do_block
    nodelist = parser.parse(("endblock",))
  File "/home/G1nxx/Projects/IGI/353502_BURCHUCK_5/IGI/LR5/Parking/p_env/lib/python3.13/site-packages/django/template/base.py", line 518, in parse
    raise self.error(token, e)
  File "/home/G1nxx/Projects/IGI/353502_BURCHUCK_5/IGI/LR5/Parking/p_env/lib/python3.13/site-packages/django/template/base.py", line 516, in parse
    compiled_result = compile_func(self, token)
  File "/home/G1nxx/Projects/IGI/353502_BURCHUCK_5/IGI/LR5/Parking/p_env/lib/python3.13/site-packages/django/template/defaulttags.py", line 862, in do_for
    nodelist_loop = parser.parse(
        (
    ...<2 lines>...
        )
    )
  File "/home/G1nxx/Projects/IGI/353502_BURCHUCK_5/IGI/LR5/Parking/p_env/lib/python3.13/site-packages/django/template/base.py", line 512, in parse
    self.invalid_block_tag(token, command, parse_until)
    ~~~~~~~~~~~~~~~~~~~~~~^^^^^^^^^^^^^^^^^^^^^^^^^^^^^
  File "/home/G1nxx/Projects/IGI/353502_BURCHUCK_5/IGI/LR5/Parking/p_env/lib/python3.13/site-packages/django/template/base.py", line 567, in invalid_block_tag
    raise self.error(
    ...<8 lines>...
    )
django.template.exceptions.TemplateSyntaxError: Invalid block tag on line 16: 'endif', expected 'empty' or 'endfor'. Did you forget to register or load this tag?
ERROR 2025-05-13 01:59:37,801 basehttp "GET /client_dashboard/ HTTP/1.1" 500 206395
INFO 2025-05-13 01:59:50,600 basehttp "GET /client_dashboard/ HTTP/1.1" 200 2352
INFO 2025-05-13 01:59:51,256 basehttp "GET /client_dashboard/ HTTP/1.1" 200 2352
INFO 2025-05-13 04:18:00,580 autoreload Watching for file changes with StatReloader
ERROR 2025-05-13 04:18:03,594 log Internal Server Error: /client_dashboard/
Traceback (most recent call last):
  File "/home/G1nxx/Projects/IGI/353502_BURCHUCK_5/IGI/LR5/Parking/p_env/lib/python3.13/site-packages/django/core/handlers/exception.py", line 55, in inner
    response = get_response(request)
  File "/home/G1nxx/Projects/IGI/353502_BURCHUCK_5/IGI/LR5/Parking/p_env/lib/python3.13/site-packages/django/core/handlers/base.py", line 197, in _get_response
    response = wrapped_callback(request, *callback_args, **callback_kwargs)
  File "/home/G1nxx/Projects/IGI/353502_BURCHUCK_5/IGI/LR5/Parking/p_env/lib/python3.13/site-packages/django/contrib/auth/decorators.py", line 59, in _view_wrapper
    return view_func(request, *args, **kwargs)
  File "/home/G1nxx/Projects/IGI/353502_BURCHUCK_5/IGI/LR5/Parking/auto_car/views.py", line 93, in client_dashboard
    return render(request, 'auto_car/client_dashboard.html', context)
  File "/home/G1nxx/Projects/IGI/353502_BURCHUCK_5/IGI/LR5/Parking/p_env/lib/python3.13/site-packages/django/shortcuts.py", line 25, in render
    content = loader.render_to_string(template_name, context, request, using=using)
  File "/home/G1nxx/Projects/IGI/353502_BURCHUCK_5/IGI/LR5/Parking/p_env/lib/python3.13/site-packages/django/template/loader.py", line 62, in render_to_string
    return template.render(context, request)
           ~~~~~~~~~~~~~~~^^^^^^^^^^^^^^^^^^
  File "/home/G1nxx/Projects/IGI/353502_BURCHUCK_5/IGI/LR5/Parking/p_env/lib/python3.13/site-packages/django/template/backends/django.py", line 107, in render
    return self.template.render(context)
           ~~~~~~~~~~~~~~~~~~~~^^^^^^^^^
  File "/home/G1nxx/Projects/IGI/353502_BURCHUCK_5/IGI/LR5/Parking/p_env/lib/python3.13/site-packages/django/template/base.py", line 171, in render
    return self._render(context)
           ~~~~~~~~~~~~^^^^^^^^^
  File "/home/G1nxx/Projects/IGI/353502_BURCHUCK_5/IGI/LR5/Parking/p_env/lib/python3.13/site-packages/django/template/base.py", line 163, in _render
    return self.nodelist.render(context)
           ~~~~~~~~~~~~~~~~~~~~^^^^^^^^^
  File "/home/G1nxx/Projects/IGI/353502_BURCHUCK_5/IGI/LR5/Parking/p_env/lib/python3.13/site-packages/django/template/base.py", line 1016, in render
    return SafeString("".join([node.render_annotated(context) for node in self]))
                               ~~~~~~~~~~~~~~~~~~~~~^^^^^^^^^
  File "/home/G1nxx/Projects/IGI/353502_BURCHUCK_5/IGI/LR5/Parking/p_env/lib/python3.13/site-packages/django/template/base.py", line 977, in render_annotated
    return self.render(context)
           ~~~~~~~~~~~^^^^^^^^^
  File "/home/G1nxx/Projects/IGI/353502_BURCHUCK_5/IGI/LR5/Parking/p_env/lib/python3.13/site-packages/django/template/loader_tags.py", line 159, in render
    return compiled_parent._render(context)
           ~~~~~~~~~~~~~~~~~~~~~~~^^^^^^^^^
  File "/home/G1nxx/Projects/IGI/353502_BURCHUCK_5/IGI/LR5/Parking/p_env/lib/python3.13/site-packages/django/template/base.py", line 163, in _render
    return self.nodelist.render(context)
           ~~~~~~~~~~~~~~~~~~~~^^^^^^^^^
  File "/home/G1nxx/Projects/IGI/353502_BURCHUCK_5/IGI/LR5/Parking/p_env/lib/python3.13/site-packages/django/template/base.py", line 1016, in render
    return SafeString("".join([node.render_annotated(context) for node in self]))
                               ~~~~~~~~~~~~~~~~~~~~~^^^^^^^^^
  File "/home/G1nxx/Projects/IGI/353502_BURCHUCK_5/IGI/LR5/Parking/p_env/lib/python3.13/site-packages/django/template/base.py", line 977, in render_annotated
    return self.render(context)
           ~~~~~~~~~~~^^^^^^^^^
  File "/home/G1nxx/Projects/IGI/353502_BURCHUCK_5/IGI/LR5/Parking/p_env/lib/python3.13/site-packages/django/template/loader_tags.py", line 65, in render
    result = block.nodelist.render(context)
  File "/home/G1nxx/Projects/IGI/353502_BURCHUCK_5/IGI/LR5/Parking/p_env/lib/python3.13/site-packages/django/template/base.py", line 1016, in render
    return SafeString("".join([node.render_annotated(context) for node in self]))
                               ~~~~~~~~~~~~~~~~~~~~~^^^^^^^^^
  File "/home/G1nxx/Projects/IGI/353502_BURCHUCK_5/IGI/LR5/Parking/p_env/lib/python3.13/site-packages/django/template/base.py", line 977, in render_annotated
    return self.render(context)
           ~~~~~~~~~~~^^^^^^^^^
  File "/home/G1nxx/Projects/IGI/353502_BURCHUCK_5/IGI/LR5/Parking/p_env/lib/python3.13/site-packages/django/template/defaulttags.py", line 243, in render
    nodelist.append(node.render_annotated(context))
                    ~~~~~~~~~~~~~~~~~~~~~^^^^^^^^^
  File "/home/G1nxx/Projects/IGI/353502_BURCHUCK_5/IGI/LR5/Parking/p_env/lib/python3.13/site-packages/django/template/base.py", line 977, in render_annotated
    return self.render(context)
           ~~~~~~~~~~~^^^^^^^^^
  File "/home/G1nxx/Projects/IGI/353502_BURCHUCK_5/IGI/LR5/Parking/p_env/lib/python3.13/site-packages/django/template/defaulttags.py", line 327, in render
    return nodelist.render(context)
           ~~~~~~~~~~~~~~~^^^^^^^^^
  File "/home/G1nxx/Projects/IGI/353502_BURCHUCK_5/IGI/LR5/Parking/p_env/lib/python3.13/site-packages/django/template/base.py", line 1016, in render
    return SafeString("".join([node.render_annotated(context) for node in self]))
                               ~~~~~~~~~~~~~~~~~~~~~^^^^^^^^^
  File "/home/G1nxx/Projects/IGI/353502_BURCHUCK_5/IGI/LR5/Parking/p_env/lib/python3.13/site-packages/django/template/base.py", line 977, in render_annotated
    return self.render(context)
           ~~~~~~~~~~~^^^^^^^^^
  File "/home/G1nxx/Projects/IGI/353502_BURCHUCK_5/IGI/LR5/Parking/p_env/lib/python3.13/site-packages/django/template/defaulttags.py", line 480, in render
    url = reverse(view_name, args=args, kwargs=kwargs, current_app=current_app)
  File "/home/G1nxx/Projects/IGI/353502_BURCHUCK_5/IGI/LR5/Parking/p_env/lib/python3.13/site-packages/django/urls/base.py", line 98, in reverse
    resolved_url = resolver._reverse_with_prefix(view, prefix, *args, **kwargs)
  File "/home/G1nxx/Projects/IGI/353502_BURCHUCK_5/IGI/LR5/Parking/p_env/lib/python3.13/site-packages/django/urls/resolvers.py", line 831, in _reverse_with_prefix
    raise NoReverseMatch(msg)
django.urls.exceptions.NoReverseMatch: Reverse for 'park_car' not found. 'park_car' is not a valid view function or pattern name.
ERROR 2025-05-13 04:18:03,601 basehttp "GET /client_dashboard/ HTTP/1.1" 500 195862
INFO 2025-05-13 04:18:53,081 autoreload /home/G1nxx/Projects/IGI/353502_BURCHUCK_5/IGI/LR5/Parking/auto_car/urls.py changed, reloading.
INFO 2025-05-13 04:18:54,006 autoreload Watching for file changes with StatReloader
INFO 2025-05-13 04:19:00,488 autoreload /home/G1nxx/Projects/IGI/353502_BURCHUCK_5/IGI/LR5/Parking/auto_car/urls.py changed, reloading.
INFO 2025-05-13 04:19:01,545 autoreload Watching for file changes with StatReloader
INFO 2025-05-13 04:19:03,825 autoreload /home/G1nxx/Projects/IGI/353502_BURCHUCK_5/IGI/LR5/Parking/auto_car/urls.py changed, reloading.
INFO 2025-05-13 04:19:04,517 autoreload Watching for file changes with StatReloader
INFO 2025-05-13 04:19:17,923 autoreload /home/G1nxx/Projects/IGI/353502_BURCHUCK_5/IGI/LR5/Parking/auto_car/urls.py changed, reloading.
INFO 2025-05-13 04:19:18,770 autoreload Watching for file changes with StatReloader
INFO 2025-05-13 04:19:28,160 autoreload /home/G1nxx/Projects/IGI/353502_BURCHUCK_5/IGI/LR5/Parking/auto_car/views.py changed, reloading.
INFO 2025-05-13 04:19:29,233 autoreload Watching for file changes with StatReloader
INFO 2025-05-13 04:19:31,404 autoreload /home/G1nxx/Projects/IGI/353502_BURCHUCK_5/IGI/LR5/Parking/auto_car/views.py changed, reloading.
INFO 2025-05-13 04:19:32,150 autoreload Watching for file changes with StatReloader
INFO 2025-05-13 04:19:36,310 autoreload /home/G1nxx/Projects/IGI/353502_BURCHUCK_5/IGI/LR5/Parking/auto_car/views.py changed, reloading.
INFO 2025-05-13 04:19:37,034 autoreload Watching for file changes with StatReloader
INFO 2025-05-13 04:19:41,192 autoreload /home/G1nxx/Projects/IGI/353502_BURCHUCK_5/IGI/LR5/Parking/auto_car/views.py changed, reloading.
INFO 2025-05-13 04:19:42,016 autoreload Watching for file changes with StatReloader
INFO 2025-05-13 04:19:47,175 autoreload /home/G1nxx/Projects/IGI/353502_BURCHUCK_5/IGI/LR5/Parking/auto_car/views.py changed, reloading.
INFO 2025-05-13 04:19:48,029 autoreload Watching for file changes with StatReloader
INFO 2025-05-13 04:19:52,365 autoreload /home/G1nxx/Projects/IGI/353502_BURCHUCK_5/IGI/LR5/Parking/auto_car/views.py changed, reloading.
INFO 2025-05-13 04:19:53,322 autoreload Watching for file changes with StatReloader
INFO 2025-05-13 04:20:01,693 autoreload /home/G1nxx/Projects/IGI/353502_BURCHUCK_5/IGI/LR5/Parking/auto_car/views.py changed, reloading.
INFO 2025-05-13 04:20:02,807 autoreload Watching for file changes with StatReloader
INFO 2025-05-13 04:20:05,118 autoreload /home/G1nxx/Projects/IGI/353502_BURCHUCK_5/IGI/LR5/Parking/auto_car/views.py changed, reloading.
INFO 2025-05-13 04:20:06,009 autoreload Watching for file changes with StatReloader
INFO 2025-05-13 04:20:07,284 autoreload /home/G1nxx/Projects/IGI/353502_BURCHUCK_5/IGI/LR5/Parking/auto_car/views.py changed, reloading.
INFO 2025-05-13 04:20:08,207 autoreload Watching for file changes with StatReloader
INFO 2025-05-13 04:20:15,488 autoreload /home/G1nxx/Projects/IGI/353502_BURCHUCK_5/IGI/LR5/Parking/auto_car/urls.py changed, reloading.
INFO 2025-05-13 04:20:16,423 autoreload Watching for file changes with StatReloader
INFO 2025-05-13 04:20:22,600 autoreload /home/G1nxx/Projects/IGI/353502_BURCHUCK_5/IGI/LR5/Parking/auto_car/urls.py changed, reloading.
INFO 2025-05-13 04:20:23,431 autoreload Watching for file changes with StatReloader
INFO 2025-05-13 04:20:26,881 autoreload /home/G1nxx/Projects/IGI/353502_BURCHUCK_5/IGI/LR5/Parking/auto_car/urls.py changed, reloading.
INFO 2025-05-13 04:20:27,990 autoreload Watching for file changes with StatReloader
INFO 2025-05-13 04:20:29,689 autoreload /home/G1nxx/Projects/IGI/353502_BURCHUCK_5/IGI/LR5/Parking/auto_car/urls.py changed, reloading.
INFO 2025-05-13 04:20:30,651 autoreload Watching for file changes with StatReloader
INFO 2025-05-13 04:20:33,777 autoreload /home/G1nxx/Projects/IGI/353502_BURCHUCK_5/IGI/LR5/Parking/auto_car/urls.py changed, reloading.
INFO 2025-05-13 04:20:34,605 autoreload Watching for file changes with StatReloader
ERROR 2025-05-13 04:20:37,311 log Internal Server Error: /client_dashboard/
Traceback (most recent call last):
  File "/home/G1nxx/Projects/IGI/353502_BURCHUCK_5/IGI/LR5/Parking/p_env/lib/python3.13/site-packages/django/core/handlers/exception.py", line 55, in inner
    response = get_response(request)
  File "/home/G1nxx/Projects/IGI/353502_BURCHUCK_5/IGI/LR5/Parking/p_env/lib/python3.13/site-packages/django/core/handlers/base.py", line 197, in _get_response
    response = wrapped_callback(request, *callback_args, **callback_kwargs)
  File "/home/G1nxx/Projects/IGI/353502_BURCHUCK_5/IGI/LR5/Parking/p_env/lib/python3.13/site-packages/django/contrib/auth/decorators.py", line 59, in _view_wrapper
    return view_func(request, *args, **kwargs)
  File "/home/G1nxx/Projects/IGI/353502_BURCHUCK_5/IGI/LR5/Parking/auto_car/views.py", line 93, in client_dashboard
    return render(request, 'auto_car/client_dashboard.html', context)
  File "/home/G1nxx/Projects/IGI/353502_BURCHUCK_5/IGI/LR5/Parking/p_env/lib/python3.13/site-packages/django/shortcuts.py", line 25, in render
    content = loader.render_to_string(template_name, context, request, using=using)
  File "/home/G1nxx/Projects/IGI/353502_BURCHUCK_5/IGI/LR5/Parking/p_env/lib/python3.13/site-packages/django/template/loader.py", line 62, in render_to_string
    return template.render(context, request)
           ~~~~~~~~~~~~~~~^^^^^^^^^^^^^^^^^^
  File "/home/G1nxx/Projects/IGI/353502_BURCHUCK_5/IGI/LR5/Parking/p_env/lib/python3.13/site-packages/django/template/backends/django.py", line 107, in render
    return self.template.render(context)
           ~~~~~~~~~~~~~~~~~~~~^^^^^^^^^
  File "/home/G1nxx/Projects/IGI/353502_BURCHUCK_5/IGI/LR5/Parking/p_env/lib/python3.13/site-packages/django/template/base.py", line 171, in render
    return self._render(context)
           ~~~~~~~~~~~~^^^^^^^^^
  File "/home/G1nxx/Projects/IGI/353502_BURCHUCK_5/IGI/LR5/Parking/p_env/lib/python3.13/site-packages/django/template/base.py", line 163, in _render
    return self.nodelist.render(context)
           ~~~~~~~~~~~~~~~~~~~~^^^^^^^^^
  File "/home/G1nxx/Projects/IGI/353502_BURCHUCK_5/IGI/LR5/Parking/p_env/lib/python3.13/site-packages/django/template/base.py", line 1016, in render
    return SafeString("".join([node.render_annotated(context) for node in self]))
                               ~~~~~~~~~~~~~~~~~~~~~^^^^^^^^^
  File "/home/G1nxx/Projects/IGI/353502_BURCHUCK_5/IGI/LR5/Parking/p_env/lib/python3.13/site-packages/django/template/base.py", line 977, in render_annotated
    return self.render(context)
           ~~~~~~~~~~~^^^^^^^^^
  File "/home/G1nxx/Projects/IGI/353502_BURCHUCK_5/IGI/LR5/Parking/p_env/lib/python3.13/site-packages/django/template/loader_tags.py", line 159, in render
    return compiled_parent._render(context)
           ~~~~~~~~~~~~~~~~~~~~~~~^^^^^^^^^
  File "/home/G1nxx/Projects/IGI/353502_BURCHUCK_5/IGI/LR5/Parking/p_env/lib/python3.13/site-packages/django/template/base.py", line 163, in _render
    return self.nodelist.render(context)
           ~~~~~~~~~~~~~~~~~~~~^^^^^^^^^
  File "/home/G1nxx/Projects/IGI/353502_BURCHUCK_5/IGI/LR5/Parking/p_env/lib/python3.13/site-packages/django/template/base.py", line 1016, in render
    return SafeString("".join([node.render_annotated(context) for node in self]))
                               ~~~~~~~~~~~~~~~~~~~~~^^^^^^^^^
  File "/home/G1nxx/Projects/IGI/353502_BURCHUCK_5/IGI/LR5/Parking/p_env/lib/python3.13/site-packages/django/template/base.py", line 977, in render_annotated
    return self.render(context)
           ~~~~~~~~~~~^^^^^^^^^
  File "/home/G1nxx/Projects/IGI/353502_BURCHUCK_5/IGI/LR5/Parking/p_env/lib/python3.13/site-packages/django/template/loader_tags.py", line 65, in render
    result = block.nodelist.render(context)
  File "/home/G1nxx/Projects/IGI/353502_BURCHUCK_5/IGI/LR5/Parking/p_env/lib/python3.13/site-packages/django/template/base.py", line 1016, in render
    return SafeString("".join([node.render_annotated(context) for node in self]))
                               ~~~~~~~~~~~~~~~~~~~~~^^^^^^^^^
  File "/home/G1nxx/Projects/IGI/353502_BURCHUCK_5/IGI/LR5/Parking/p_env/lib/python3.13/site-packages/django/template/base.py", line 977, in render_annotated
    return self.render(context)
           ~~~~~~~~~~~^^^^^^^^^
  File "/home/G1nxx/Projects/IGI/353502_BURCHUCK_5/IGI/LR5/Parking/p_env/lib/python3.13/site-packages/django/template/defaulttags.py", line 243, in render
    nodelist.append(node.render_annotated(context))
                    ~~~~~~~~~~~~~~~~~~~~~^^^^^^^^^
  File "/home/G1nxx/Projects/IGI/353502_BURCHUCK_5/IGI/LR5/Parking/p_env/lib/python3.13/site-packages/django/template/base.py", line 977, in render_annotated
    return self.render(context)
           ~~~~~~~~~~~^^^^^^^^^
  File "/home/G1nxx/Projects/IGI/353502_BURCHUCK_5/IGI/LR5/Parking/p_env/lib/python3.13/site-packages/django/template/defaulttags.py", line 327, in render
    return nodelist.render(context)
           ~~~~~~~~~~~~~~~^^^^^^^^^
  File "/home/G1nxx/Projects/IGI/353502_BURCHUCK_5/IGI/LR5/Parking/p_env/lib/python3.13/site-packages/django/template/base.py", line 1016, in render
    return SafeString("".join([node.render_annotated(context) for node in self]))
                               ~~~~~~~~~~~~~~~~~~~~~^^^^^^^^^
  File "/home/G1nxx/Projects/IGI/353502_BURCHUCK_5/IGI/LR5/Parking/p_env/lib/python3.13/site-packages/django/template/base.py", line 977, in render_annotated
    return self.render(context)
           ~~~~~~~~~~~^^^^^^^^^
  File "/home/G1nxx/Projects/IGI/353502_BURCHUCK_5/IGI/LR5/Parking/p_env/lib/python3.13/site-packages/django/template/defaulttags.py", line 480, in render
    url = reverse(view_name, args=args, kwargs=kwargs, current_app=current_app)
  File "/home/G1nxx/Projects/IGI/353502_BURCHUCK_5/IGI/LR5/Parking/p_env/lib/python3.13/site-packages/django/urls/base.py", line 98, in reverse
    resolved_url = resolver._reverse_with_prefix(view, prefix, *args, **kwargs)
  File "/home/G1nxx/Projects/IGI/353502_BURCHUCK_5/IGI/LR5/Parking/p_env/lib/python3.13/site-packages/django/urls/resolvers.py", line 831, in _reverse_with_prefix
    raise NoReverseMatch(msg)
django.urls.exceptions.NoReverseMatch: Reverse for 'park_car' not found. 'park_car' is not a valid view function or pattern name.
ERROR 2025-05-13 04:20:37,323 basehttp "GET /client_dashboard/ HTTP/1.1" 500 195862
INFO 2025-05-13 04:21:26,229 autoreload /home/G1nxx/Projects/IGI/353502_BURCHUCK_5/IGI/LR5/Parking/auto_car/urls.py changed, reloading.
INFO 2025-05-13 04:21:27,258 autoreload Watching for file changes with StatReloader
ERROR 2025-05-13 04:21:29,419 log Internal Server Error: /client_dashboard/
Traceback (most recent call last):
  File "/home/G1nxx/Projects/IGI/353502_BURCHUCK_5/IGI/LR5/Parking/p_env/lib/python3.13/site-packages/django/core/handlers/exception.py", line 55, in inner
    response = get_response(request)
  File "/home/G1nxx/Projects/IGI/353502_BURCHUCK_5/IGI/LR5/Parking/p_env/lib/python3.13/site-packages/django/core/handlers/base.py", line 197, in _get_response
    response = wrapped_callback(request, *callback_args, **callback_kwargs)
  File "/home/G1nxx/Projects/IGI/353502_BURCHUCK_5/IGI/LR5/Parking/p_env/lib/python3.13/site-packages/django/contrib/auth/decorators.py", line 59, in _view_wrapper
    return view_func(request, *args, **kwargs)
  File "/home/G1nxx/Projects/IGI/353502_BURCHUCK_5/IGI/LR5/Parking/auto_car/views.py", line 93, in client_dashboard
    return render(request, 'auto_car/client_dashboard.html', context)
  File "/home/G1nxx/Projects/IGI/353502_BURCHUCK_5/IGI/LR5/Parking/p_env/lib/python3.13/site-packages/django/shortcuts.py", line 25, in render
    content = loader.render_to_string(template_name, context, request, using=using)
  File "/home/G1nxx/Projects/IGI/353502_BURCHUCK_5/IGI/LR5/Parking/p_env/lib/python3.13/site-packages/django/template/loader.py", line 62, in render_to_string
    return template.render(context, request)
           ~~~~~~~~~~~~~~~^^^^^^^^^^^^^^^^^^
  File "/home/G1nxx/Projects/IGI/353502_BURCHUCK_5/IGI/LR5/Parking/p_env/lib/python3.13/site-packages/django/template/backends/django.py", line 107, in render
    return self.template.render(context)
           ~~~~~~~~~~~~~~~~~~~~^^^^^^^^^
  File "/home/G1nxx/Projects/IGI/353502_BURCHUCK_5/IGI/LR5/Parking/p_env/lib/python3.13/site-packages/django/template/base.py", line 171, in render
    return self._render(context)
           ~~~~~~~~~~~~^^^^^^^^^
  File "/home/G1nxx/Projects/IGI/353502_BURCHUCK_5/IGI/LR5/Parking/p_env/lib/python3.13/site-packages/django/template/base.py", line 163, in _render
    return self.nodelist.render(context)
           ~~~~~~~~~~~~~~~~~~~~^^^^^^^^^
  File "/home/G1nxx/Projects/IGI/353502_BURCHUCK_5/IGI/LR5/Parking/p_env/lib/python3.13/site-packages/django/template/base.py", line 1016, in render
    return SafeString("".join([node.render_annotated(context) for node in self]))
                               ~~~~~~~~~~~~~~~~~~~~~^^^^^^^^^
  File "/home/G1nxx/Projects/IGI/353502_BURCHUCK_5/IGI/LR5/Parking/p_env/lib/python3.13/site-packages/django/template/base.py", line 977, in render_annotated
    return self.render(context)
           ~~~~~~~~~~~^^^^^^^^^
  File "/home/G1nxx/Projects/IGI/353502_BURCHUCK_5/IGI/LR5/Parking/p_env/lib/python3.13/site-packages/django/template/loader_tags.py", line 159, in render
    return compiled_parent._render(context)
           ~~~~~~~~~~~~~~~~~~~~~~~^^^^^^^^^
  File "/home/G1nxx/Projects/IGI/353502_BURCHUCK_5/IGI/LR5/Parking/p_env/lib/python3.13/site-packages/django/template/base.py", line 163, in _render
    return self.nodelist.render(context)
           ~~~~~~~~~~~~~~~~~~~~^^^^^^^^^
  File "/home/G1nxx/Projects/IGI/353502_BURCHUCK_5/IGI/LR5/Parking/p_env/lib/python3.13/site-packages/django/template/base.py", line 1016, in render
    return SafeString("".join([node.render_annotated(context) for node in self]))
                               ~~~~~~~~~~~~~~~~~~~~~^^^^^^^^^
  File "/home/G1nxx/Projects/IGI/353502_BURCHUCK_5/IGI/LR5/Parking/p_env/lib/python3.13/site-packages/django/template/base.py", line 977, in render_annotated
    return self.render(context)
           ~~~~~~~~~~~^^^^^^^^^
  File "/home/G1nxx/Projects/IGI/353502_BURCHUCK_5/IGI/LR5/Parking/p_env/lib/python3.13/site-packages/django/template/loader_tags.py", line 65, in render
    result = block.nodelist.render(context)
  File "/home/G1nxx/Projects/IGI/353502_BURCHUCK_5/IGI/LR5/Parking/p_env/lib/python3.13/site-packages/django/template/base.py", line 1016, in render
    return SafeString("".join([node.render_annotated(context) for node in self]))
                               ~~~~~~~~~~~~~~~~~~~~~^^^^^^^^^
  File "/home/G1nxx/Projects/IGI/353502_BURCHUCK_5/IGI/LR5/Parking/p_env/lib/python3.13/site-packages/django/template/base.py", line 977, in render_annotated
    return self.render(context)
           ~~~~~~~~~~~^^^^^^^^^
  File "/home/G1nxx/Projects/IGI/353502_BURCHUCK_5/IGI/LR5/Parking/p_env/lib/python3.13/site-packages/django/template/defaulttags.py", line 243, in render
    nodelist.append(node.render_annotated(context))
                    ~~~~~~~~~~~~~~~~~~~~~^^^^^^^^^
  File "/home/G1nxx/Projects/IGI/353502_BURCHUCK_5/IGI/LR5/Parking/p_env/lib/python3.13/site-packages/django/template/base.py", line 977, in render_annotated
    return self.render(context)
           ~~~~~~~~~~~^^^^^^^^^
  File "/home/G1nxx/Projects/IGI/353502_BURCHUCK_5/IGI/LR5/Parking/p_env/lib/python3.13/site-packages/django/template/defaulttags.py", line 327, in render
    return nodelist.render(context)
           ~~~~~~~~~~~~~~~^^^^^^^^^
  File "/home/G1nxx/Projects/IGI/353502_BURCHUCK_5/IGI/LR5/Parking/p_env/lib/python3.13/site-packages/django/template/base.py", line 1016, in render
    return SafeString("".join([node.render_annotated(context) for node in self]))
                               ~~~~~~~~~~~~~~~~~~~~~^^^^^^^^^
  File "/home/G1nxx/Projects/IGI/353502_BURCHUCK_5/IGI/LR5/Parking/p_env/lib/python3.13/site-packages/django/template/base.py", line 977, in render_annotated
    return self.render(context)
           ~~~~~~~~~~~^^^^^^^^^
  File "/home/G1nxx/Projects/IGI/353502_BURCHUCK_5/IGI/LR5/Parking/p_env/lib/python3.13/site-packages/django/template/defaulttags.py", line 480, in render
    url = reverse(view_name, args=args, kwargs=kwargs, current_app=current_app)
  File "/home/G1nxx/Projects/IGI/353502_BURCHUCK_5/IGI/LR5/Parking/p_env/lib/python3.13/site-packages/django/urls/base.py", line 98, in reverse
    resolved_url = resolver._reverse_with_prefix(view, prefix, *args, **kwargs)
  File "/home/G1nxx/Projects/IGI/353502_BURCHUCK_5/IGI/LR5/Parking/p_env/lib/python3.13/site-packages/django/urls/resolvers.py", line 831, in _reverse_with_prefix
    raise NoReverseMatch(msg)
django.urls.exceptions.NoReverseMatch: Reverse for 'park_car' not found. 'park_car' is not a valid view function or pattern name.
ERROR 2025-05-13 04:21:29,430 basehttp "GET /client_dashboard/ HTTP/1.1" 500 195862
INFO 2025-05-13 04:21:54,552 autoreload /home/G1nxx/Projects/IGI/353502_BURCHUCK_5/IGI/LR5/Parking/auto_car/views.py changed, reloading.
INFO 2025-05-13 04:21:55,621 autoreload Watching for file changes with StatReloader
ERROR 2025-05-13 04:21:57,943 log Internal Server Error: /client_dashboard/
Traceback (most recent call last):
  File "/home/G1nxx/Projects/IGI/353502_BURCHUCK_5/IGI/LR5/Parking/p_env/lib/python3.13/site-packages/django/core/handlers/exception.py", line 55, in inner
    response = get_response(request)
  File "/home/G1nxx/Projects/IGI/353502_BURCHUCK_5/IGI/LR5/Parking/p_env/lib/python3.13/site-packages/django/core/handlers/base.py", line 197, in _get_response
    response = wrapped_callback(request, *callback_args, **callback_kwargs)
  File "/home/G1nxx/Projects/IGI/353502_BURCHUCK_5/IGI/LR5/Parking/p_env/lib/python3.13/site-packages/django/contrib/auth/decorators.py", line 59, in _view_wrapper
    return view_func(request, *args, **kwargs)
  File "/home/G1nxx/Projects/IGI/353502_BURCHUCK_5/IGI/LR5/Parking/auto_car/views.py", line 93, in client_dashboard
    return render(request, 'auto_car/client_dashboard.html', context)
  File "/home/G1nxx/Projects/IGI/353502_BURCHUCK_5/IGI/LR5/Parking/p_env/lib/python3.13/site-packages/django/shortcuts.py", line 25, in render
    content = loader.render_to_string(template_name, context, request, using=using)
  File "/home/G1nxx/Projects/IGI/353502_BURCHUCK_5/IGI/LR5/Parking/p_env/lib/python3.13/site-packages/django/template/loader.py", line 62, in render_to_string
    return template.render(context, request)
           ~~~~~~~~~~~~~~~^^^^^^^^^^^^^^^^^^
  File "/home/G1nxx/Projects/IGI/353502_BURCHUCK_5/IGI/LR5/Parking/p_env/lib/python3.13/site-packages/django/template/backends/django.py", line 107, in render
    return self.template.render(context)
           ~~~~~~~~~~~~~~~~~~~~^^^^^^^^^
  File "/home/G1nxx/Projects/IGI/353502_BURCHUCK_5/IGI/LR5/Parking/p_env/lib/python3.13/site-packages/django/template/base.py", line 171, in render
    return self._render(context)
           ~~~~~~~~~~~~^^^^^^^^^
  File "/home/G1nxx/Projects/IGI/353502_BURCHUCK_5/IGI/LR5/Parking/p_env/lib/python3.13/site-packages/django/template/base.py", line 163, in _render
    return self.nodelist.render(context)
           ~~~~~~~~~~~~~~~~~~~~^^^^^^^^^
  File "/home/G1nxx/Projects/IGI/353502_BURCHUCK_5/IGI/LR5/Parking/p_env/lib/python3.13/site-packages/django/template/base.py", line 1016, in render
    return SafeString("".join([node.render_annotated(context) for node in self]))
                               ~~~~~~~~~~~~~~~~~~~~~^^^^^^^^^
  File "/home/G1nxx/Projects/IGI/353502_BURCHUCK_5/IGI/LR5/Parking/p_env/lib/python3.13/site-packages/django/template/base.py", line 977, in render_annotated
    return self.render(context)
           ~~~~~~~~~~~^^^^^^^^^
  File "/home/G1nxx/Projects/IGI/353502_BURCHUCK_5/IGI/LR5/Parking/p_env/lib/python3.13/site-packages/django/template/loader_tags.py", line 159, in render
    return compiled_parent._render(context)
           ~~~~~~~~~~~~~~~~~~~~~~~^^^^^^^^^
  File "/home/G1nxx/Projects/IGI/353502_BURCHUCK_5/IGI/LR5/Parking/p_env/lib/python3.13/site-packages/django/template/base.py", line 163, in _render
    return self.nodelist.render(context)
           ~~~~~~~~~~~~~~~~~~~~^^^^^^^^^
  File "/home/G1nxx/Projects/IGI/353502_BURCHUCK_5/IGI/LR5/Parking/p_env/lib/python3.13/site-packages/django/template/base.py", line 1016, in render
    return SafeString("".join([node.render_annotated(context) for node in self]))
                               ~~~~~~~~~~~~~~~~~~~~~^^^^^^^^^
  File "/home/G1nxx/Projects/IGI/353502_BURCHUCK_5/IGI/LR5/Parking/p_env/lib/python3.13/site-packages/django/template/base.py", line 977, in render_annotated
    return self.render(context)
           ~~~~~~~~~~~^^^^^^^^^
  File "/home/G1nxx/Projects/IGI/353502_BURCHUCK_5/IGI/LR5/Parking/p_env/lib/python3.13/site-packages/django/template/loader_tags.py", line 65, in render
    result = block.nodelist.render(context)
  File "/home/G1nxx/Projects/IGI/353502_BURCHUCK_5/IGI/LR5/Parking/p_env/lib/python3.13/site-packages/django/template/base.py", line 1016, in render
    return SafeString("".join([node.render_annotated(context) for node in self]))
                               ~~~~~~~~~~~~~~~~~~~~~^^^^^^^^^
  File "/home/G1nxx/Projects/IGI/353502_BURCHUCK_5/IGI/LR5/Parking/p_env/lib/python3.13/site-packages/django/template/base.py", line 977, in render_annotated
    return self.render(context)
           ~~~~~~~~~~~^^^^^^^^^
  File "/home/G1nxx/Projects/IGI/353502_BURCHUCK_5/IGI/LR5/Parking/p_env/lib/python3.13/site-packages/django/template/defaulttags.py", line 243, in render
    nodelist.append(node.render_annotated(context))
                    ~~~~~~~~~~~~~~~~~~~~~^^^^^^^^^
  File "/home/G1nxx/Projects/IGI/353502_BURCHUCK_5/IGI/LR5/Parking/p_env/lib/python3.13/site-packages/django/template/base.py", line 977, in render_annotated
    return self.render(context)
           ~~~~~~~~~~~^^^^^^^^^
  File "/home/G1nxx/Projects/IGI/353502_BURCHUCK_5/IGI/LR5/Parking/p_env/lib/python3.13/site-packages/django/template/defaulttags.py", line 327, in render
    return nodelist.render(context)
           ~~~~~~~~~~~~~~~^^^^^^^^^
  File "/home/G1nxx/Projects/IGI/353502_BURCHUCK_5/IGI/LR5/Parking/p_env/lib/python3.13/site-packages/django/template/base.py", line 1016, in render
    return SafeString("".join([node.render_annotated(context) for node in self]))
                               ~~~~~~~~~~~~~~~~~~~~~^^^^^^^^^
  File "/home/G1nxx/Projects/IGI/353502_BURCHUCK_5/IGI/LR5/Parking/p_env/lib/python3.13/site-packages/django/template/base.py", line 977, in render_annotated
    return self.render(context)
           ~~~~~~~~~~~^^^^^^^^^
  File "/home/G1nxx/Projects/IGI/353502_BURCHUCK_5/IGI/LR5/Parking/p_env/lib/python3.13/site-packages/django/template/defaulttags.py", line 480, in render
    url = reverse(view_name, args=args, kwargs=kwargs, current_app=current_app)
  File "/home/G1nxx/Projects/IGI/353502_BURCHUCK_5/IGI/LR5/Parking/p_env/lib/python3.13/site-packages/django/urls/base.py", line 98, in reverse
    resolved_url = resolver._reverse_with_prefix(view, prefix, *args, **kwargs)
  File "/home/G1nxx/Projects/IGI/353502_BURCHUCK_5/IGI/LR5/Parking/p_env/lib/python3.13/site-packages/django/urls/resolvers.py", line 831, in _reverse_with_prefix
    raise NoReverseMatch(msg)
django.urls.exceptions.NoReverseMatch: Reverse for 'park_car' not found. 'park_car' is not a valid view function or pattern name.
ERROR 2025-05-13 04:21:57,955 basehttp "GET /client_dashboard/ HTTP/1.1" 500 195862
INFO 2025-05-13 04:22:26,772 autoreload /home/G1nxx/Projects/IGI/353502_BURCHUCK_5/IGI/LR5/Parking/auto_car/views.py changed, reloading.
INFO 2025-05-13 04:22:27,630 autoreload Watching for file changes with StatReloader
ERROR 2025-05-13 04:22:54,144 log Internal Server Error: /client_dashboard/
Traceback (most recent call last):
  File "/home/G1nxx/Projects/IGI/353502_BURCHUCK_5/IGI/LR5/Parking/p_env/lib/python3.13/site-packages/django/core/handlers/exception.py", line 55, in inner
    response = get_response(request)
  File "/home/G1nxx/Projects/IGI/353502_BURCHUCK_5/IGI/LR5/Parking/p_env/lib/python3.13/site-packages/django/core/handlers/base.py", line 197, in _get_response
    response = wrapped_callback(request, *callback_args, **callback_kwargs)
  File "/home/G1nxx/Projects/IGI/353502_BURCHUCK_5/IGI/LR5/Parking/p_env/lib/python3.13/site-packages/django/contrib/auth/decorators.py", line 59, in _view_wrapper
    return view_func(request, *args, **kwargs)
  File "/home/G1nxx/Projects/IGI/353502_BURCHUCK_5/IGI/LR5/Parking/auto_car/views.py", line 93, in client_dashboard
    return render(request, 'auto_car/client_dashboard.html', context)
  File "/home/G1nxx/Projects/IGI/353502_BURCHUCK_5/IGI/LR5/Parking/p_env/lib/python3.13/site-packages/django/shortcuts.py", line 25, in render
    content = loader.render_to_string(template_name, context, request, using=using)
  File "/home/G1nxx/Projects/IGI/353502_BURCHUCK_5/IGI/LR5/Parking/p_env/lib/python3.13/site-packages/django/template/loader.py", line 62, in render_to_string
    return template.render(context, request)
           ~~~~~~~~~~~~~~~^^^^^^^^^^^^^^^^^^
  File "/home/G1nxx/Projects/IGI/353502_BURCHUCK_5/IGI/LR5/Parking/p_env/lib/python3.13/site-packages/django/template/backends/django.py", line 107, in render
    return self.template.render(context)
           ~~~~~~~~~~~~~~~~~~~~^^^^^^^^^
  File "/home/G1nxx/Projects/IGI/353502_BURCHUCK_5/IGI/LR5/Parking/p_env/lib/python3.13/site-packages/django/template/base.py", line 171, in render
    return self._render(context)
           ~~~~~~~~~~~~^^^^^^^^^
  File "/home/G1nxx/Projects/IGI/353502_BURCHUCK_5/IGI/LR5/Parking/p_env/lib/python3.13/site-packages/django/template/base.py", line 163, in _render
    return self.nodelist.render(context)
           ~~~~~~~~~~~~~~~~~~~~^^^^^^^^^
  File "/home/G1nxx/Projects/IGI/353502_BURCHUCK_5/IGI/LR5/Parking/p_env/lib/python3.13/site-packages/django/template/base.py", line 1016, in render
    return SafeString("".join([node.render_annotated(context) for node in self]))
                               ~~~~~~~~~~~~~~~~~~~~~^^^^^^^^^
  File "/home/G1nxx/Projects/IGI/353502_BURCHUCK_5/IGI/LR5/Parking/p_env/lib/python3.13/site-packages/django/template/base.py", line 977, in render_annotated
    return self.render(context)
           ~~~~~~~~~~~^^^^^^^^^
  File "/home/G1nxx/Projects/IGI/353502_BURCHUCK_5/IGI/LR5/Parking/p_env/lib/python3.13/site-packages/django/template/loader_tags.py", line 159, in render
    return compiled_parent._render(context)
           ~~~~~~~~~~~~~~~~~~~~~~~^^^^^^^^^
  File "/home/G1nxx/Projects/IGI/353502_BURCHUCK_5/IGI/LR5/Parking/p_env/lib/python3.13/site-packages/django/template/base.py", line 163, in _render
    return self.nodelist.render(context)
           ~~~~~~~~~~~~~~~~~~~~^^^^^^^^^
  File "/home/G1nxx/Projects/IGI/353502_BURCHUCK_5/IGI/LR5/Parking/p_env/lib/python3.13/site-packages/django/template/base.py", line 1016, in render
    return SafeString("".join([node.render_annotated(context) for node in self]))
                               ~~~~~~~~~~~~~~~~~~~~~^^^^^^^^^
  File "/home/G1nxx/Projects/IGI/353502_BURCHUCK_5/IGI/LR5/Parking/p_env/lib/python3.13/site-packages/django/template/base.py", line 977, in render_annotated
    return self.render(context)
           ~~~~~~~~~~~^^^^^^^^^
  File "/home/G1nxx/Projects/IGI/353502_BURCHUCK_5/IGI/LR5/Parking/p_env/lib/python3.13/site-packages/django/template/loader_tags.py", line 65, in render
    result = block.nodelist.render(context)
  File "/home/G1nxx/Projects/IGI/353502_BURCHUCK_5/IGI/LR5/Parking/p_env/lib/python3.13/site-packages/django/template/base.py", line 1016, in render
    return SafeString("".join([node.render_annotated(context) for node in self]))
                               ~~~~~~~~~~~~~~~~~~~~~^^^^^^^^^
  File "/home/G1nxx/Projects/IGI/353502_BURCHUCK_5/IGI/LR5/Parking/p_env/lib/python3.13/site-packages/django/template/base.py", line 977, in render_annotated
    return self.render(context)
           ~~~~~~~~~~~^^^^^^^^^
  File "/home/G1nxx/Projects/IGI/353502_BURCHUCK_5/IGI/LR5/Parking/p_env/lib/python3.13/site-packages/django/template/defaulttags.py", line 243, in render
    nodelist.append(node.render_annotated(context))
                    ~~~~~~~~~~~~~~~~~~~~~^^^^^^^^^
  File "/home/G1nxx/Projects/IGI/353502_BURCHUCK_5/IGI/LR5/Parking/p_env/lib/python3.13/site-packages/django/template/base.py", line 977, in render_annotated
    return self.render(context)
           ~~~~~~~~~~~^^^^^^^^^
  File "/home/G1nxx/Projects/IGI/353502_BURCHUCK_5/IGI/LR5/Parking/p_env/lib/python3.13/site-packages/django/template/defaulttags.py", line 327, in render
    return nodelist.render(context)
           ~~~~~~~~~~~~~~~^^^^^^^^^
  File "/home/G1nxx/Projects/IGI/353502_BURCHUCK_5/IGI/LR5/Parking/p_env/lib/python3.13/site-packages/django/template/base.py", line 1016, in render
    return SafeString("".join([node.render_annotated(context) for node in self]))
                               ~~~~~~~~~~~~~~~~~~~~~^^^^^^^^^
  File "/home/G1nxx/Projects/IGI/353502_BURCHUCK_5/IGI/LR5/Parking/p_env/lib/python3.13/site-packages/django/template/base.py", line 977, in render_annotated
    return self.render(context)
           ~~~~~~~~~~~^^^^^^^^^
  File "/home/G1nxx/Projects/IGI/353502_BURCHUCK_5/IGI/LR5/Parking/p_env/lib/python3.13/site-packages/django/template/defaulttags.py", line 480, in render
    url = reverse(view_name, args=args, kwargs=kwargs, current_app=current_app)
  File "/home/G1nxx/Projects/IGI/353502_BURCHUCK_5/IGI/LR5/Parking/p_env/lib/python3.13/site-packages/django/urls/base.py", line 98, in reverse
    resolved_url = resolver._reverse_with_prefix(view, prefix, *args, **kwargs)
  File "/home/G1nxx/Projects/IGI/353502_BURCHUCK_5/IGI/LR5/Parking/p_env/lib/python3.13/site-packages/django/urls/resolvers.py", line 831, in _reverse_with_prefix
    raise NoReverseMatch(msg)
django.urls.exceptions.NoReverseMatch: Reverse for 'park_car' with arguments '(1,)' not found. 1 pattern(s) tried: ['park_car/\\Z']
ERROR 2025-05-13 04:22:54,162 basehttp "GET /client_dashboard/ HTTP/1.1" 500 198261
INFO 2025-05-13 04:23:07,916 autoreload /home/G1nxx/Projects/IGI/353502_BURCHUCK_5/IGI/LR5/Parking/auto_car/views.py changed, reloading.
INFO 2025-05-13 04:23:09,131 autoreload Watching for file changes with StatReloader
ERROR 2025-05-13 04:23:09,888 log Internal Server Error: /client_dashboard/
Traceback (most recent call last):
  File "/home/G1nxx/Projects/IGI/353502_BURCHUCK_5/IGI/LR5/Parking/p_env/lib/python3.13/site-packages/django/core/handlers/exception.py", line 55, in inner
    response = get_response(request)
  File "/home/G1nxx/Projects/IGI/353502_BURCHUCK_5/IGI/LR5/Parking/p_env/lib/python3.13/site-packages/django/core/handlers/base.py", line 197, in _get_response
    response = wrapped_callback(request, *callback_args, **callback_kwargs)
  File "/home/G1nxx/Projects/IGI/353502_BURCHUCK_5/IGI/LR5/Parking/p_env/lib/python3.13/site-packages/django/contrib/auth/decorators.py", line 59, in _view_wrapper
    return view_func(request, *args, **kwargs)
  File "/home/G1nxx/Projects/IGI/353502_BURCHUCK_5/IGI/LR5/Parking/auto_car/views.py", line 93, in client_dashboard
    return render(request, 'auto_car/client_dashboard.html', context)
  File "/home/G1nxx/Projects/IGI/353502_BURCHUCK_5/IGI/LR5/Parking/p_env/lib/python3.13/site-packages/django/shortcuts.py", line 25, in render
    content = loader.render_to_string(template_name, context, request, using=using)
  File "/home/G1nxx/Projects/IGI/353502_BURCHUCK_5/IGI/LR5/Parking/p_env/lib/python3.13/site-packages/django/template/loader.py", line 62, in render_to_string
    return template.render(context, request)
           ~~~~~~~~~~~~~~~^^^^^^^^^^^^^^^^^^
  File "/home/G1nxx/Projects/IGI/353502_BURCHUCK_5/IGI/LR5/Parking/p_env/lib/python3.13/site-packages/django/template/backends/django.py", line 107, in render
    return self.template.render(context)
           ~~~~~~~~~~~~~~~~~~~~^^^^^^^^^
  File "/home/G1nxx/Projects/IGI/353502_BURCHUCK_5/IGI/LR5/Parking/p_env/lib/python3.13/site-packages/django/template/base.py", line 171, in render
    return self._render(context)
           ~~~~~~~~~~~~^^^^^^^^^
  File "/home/G1nxx/Projects/IGI/353502_BURCHUCK_5/IGI/LR5/Parking/p_env/lib/python3.13/site-packages/django/template/base.py", line 163, in _render
    return self.nodelist.render(context)
           ~~~~~~~~~~~~~~~~~~~~^^^^^^^^^
  File "/home/G1nxx/Projects/IGI/353502_BURCHUCK_5/IGI/LR5/Parking/p_env/lib/python3.13/site-packages/django/template/base.py", line 1016, in render
    return SafeString("".join([node.render_annotated(context) for node in self]))
                               ~~~~~~~~~~~~~~~~~~~~~^^^^^^^^^
  File "/home/G1nxx/Projects/IGI/353502_BURCHUCK_5/IGI/LR5/Parking/p_env/lib/python3.13/site-packages/django/template/base.py", line 977, in render_annotated
    return self.render(context)
           ~~~~~~~~~~~^^^^^^^^^
  File "/home/G1nxx/Projects/IGI/353502_BURCHUCK_5/IGI/LR5/Parking/p_env/lib/python3.13/site-packages/django/template/loader_tags.py", line 159, in render
    return compiled_parent._render(context)
           ~~~~~~~~~~~~~~~~~~~~~~~^^^^^^^^^
  File "/home/G1nxx/Projects/IGI/353502_BURCHUCK_5/IGI/LR5/Parking/p_env/lib/python3.13/site-packages/django/template/base.py", line 163, in _render
    return self.nodelist.render(context)
           ~~~~~~~~~~~~~~~~~~~~^^^^^^^^^
  File "/home/G1nxx/Projects/IGI/353502_BURCHUCK_5/IGI/LR5/Parking/p_env/lib/python3.13/site-packages/django/template/base.py", line 1016, in render
    return SafeString("".join([node.render_annotated(context) for node in self]))
                               ~~~~~~~~~~~~~~~~~~~~~^^^^^^^^^
  File "/home/G1nxx/Projects/IGI/353502_BURCHUCK_5/IGI/LR5/Parking/p_env/lib/python3.13/site-packages/django/template/base.py", line 977, in render_annotated
    return self.render(context)
           ~~~~~~~~~~~^^^^^^^^^
  File "/home/G1nxx/Projects/IGI/353502_BURCHUCK_5/IGI/LR5/Parking/p_env/lib/python3.13/site-packages/django/template/loader_tags.py", line 65, in render
    result = block.nodelist.render(context)
  File "/home/G1nxx/Projects/IGI/353502_BURCHUCK_5/IGI/LR5/Parking/p_env/lib/python3.13/site-packages/django/template/base.py", line 1016, in render
    return SafeString("".join([node.render_annotated(context) for node in self]))
                               ~~~~~~~~~~~~~~~~~~~~~^^^^^^^^^
  File "/home/G1nxx/Projects/IGI/353502_BURCHUCK_5/IGI/LR5/Parking/p_env/lib/python3.13/site-packages/django/template/base.py", line 977, in render_annotated
    return self.render(context)
           ~~~~~~~~~~~^^^^^^^^^
  File "/home/G1nxx/Projects/IGI/353502_BURCHUCK_5/IGI/LR5/Parking/p_env/lib/python3.13/site-packages/django/template/defaulttags.py", line 243, in render
    nodelist.append(node.render_annotated(context))
                    ~~~~~~~~~~~~~~~~~~~~~^^^^^^^^^
  File "/home/G1nxx/Projects/IGI/353502_BURCHUCK_5/IGI/LR5/Parking/p_env/lib/python3.13/site-packages/django/template/base.py", line 977, in render_annotated
    return self.render(context)
           ~~~~~~~~~~~^^^^^^^^^
  File "/home/G1nxx/Projects/IGI/353502_BURCHUCK_5/IGI/LR5/Parking/p_env/lib/python3.13/site-packages/django/template/defaulttags.py", line 327, in render
    return nodelist.render(context)
           ~~~~~~~~~~~~~~~^^^^^^^^^
  File "/home/G1nxx/Projects/IGI/353502_BURCHUCK_5/IGI/LR5/Parking/p_env/lib/python3.13/site-packages/django/template/base.py", line 1016, in render
    return SafeString("".join([node.render_annotated(context) for node in self]))
                               ~~~~~~~~~~~~~~~~~~~~~^^^^^^^^^
  File "/home/G1nxx/Projects/IGI/353502_BURCHUCK_5/IGI/LR5/Parking/p_env/lib/python3.13/site-packages/django/template/base.py", line 977, in render_annotated
    return self.render(context)
           ~~~~~~~~~~~^^^^^^^^^
  File "/home/G1nxx/Projects/IGI/353502_BURCHUCK_5/IGI/LR5/Parking/p_env/lib/python3.13/site-packages/django/template/defaulttags.py", line 480, in render
    url = reverse(view_name, args=args, kwargs=kwargs, current_app=current_app)
  File "/home/G1nxx/Projects/IGI/353502_BURCHUCK_5/IGI/LR5/Parking/p_env/lib/python3.13/site-packages/django/urls/base.py", line 98, in reverse
    resolved_url = resolver._reverse_with_prefix(view, prefix, *args, **kwargs)
  File "/home/G1nxx/Projects/IGI/353502_BURCHUCK_5/IGI/LR5/Parking/p_env/lib/python3.13/site-packages/django/urls/resolvers.py", line 831, in _reverse_with_prefix
    raise NoReverseMatch(msg)
django.urls.exceptions.NoReverseMatch: Reverse for 'park_car' with arguments '(1,)' not found. 1 pattern(s) tried: ['park_car/\\Z']
ERROR 2025-05-13 04:23:09,899 basehttp "GET /client_dashboard/ HTTP/1.1" 500 198261
INFO 2025-05-13 04:25:16,803 autoreload /home/G1nxx/Projects/IGI/353502_BURCHUCK_5/IGI/LR5/Parking/auto_car/urls.py changed, reloading.
INFO 2025-05-13 04:25:17,867 autoreload Watching for file changes with StatReloader
INFO 2025-05-13 04:25:19,399 autoreload /home/G1nxx/Projects/IGI/353502_BURCHUCK_5/IGI/LR5/Parking/auto_car/urls.py changed, reloading.
INFO 2025-05-13 04:25:20,336 autoreload Watching for file changes with StatReloader
INFO 2025-05-13 04:25:28,478 basehttp "GET /client_dashboard/ HTTP/1.1" 200 2874
INFO 2025-05-13 04:25:54,003 basehttp "GET / HTTP/1.1" 200 2231
INFO 2025-05-13 04:25:57,085 basehttp "GET /client_dashboard/ HTTP/1.1" 200 2874
ERROR 2025-05-13 04:25:58,967 log Internal Server Error: /park_car/1/
Traceback (most recent call last):
  File "/home/G1nxx/Projects/IGI/353502_BURCHUCK_5/IGI/LR5/Parking/p_env/lib/python3.13/site-packages/django/core/handlers/exception.py", line 55, in inner
    response = get_response(request)
  File "/home/G1nxx/Projects/IGI/353502_BURCHUCK_5/IGI/LR5/Parking/p_env/lib/python3.13/site-packages/django/core/handlers/base.py", line 197, in _get_response
    response = wrapped_callback(request, *callback_args, **callback_kwargs)
TypeError: park_car() got an unexpected keyword argument 'car_id'
ERROR 2025-05-13 04:25:58,970 basehttp "POST /park_car/1/ HTTP/1.1" 500 74626
INFO 2025-05-13 04:25:59,923 basehttp "GET / HTTP/1.1" 200 2170
INFO 2025-05-13 04:26:30,153 basehttp "GET /client_dashboard/ HTTP/1.1" 200 2872
INFO 2025-05-13 04:27:09,868 basehttp "GET /client_dashboard/ HTTP/1.1" 200 2914
ERROR 2025-05-13 04:28:53,538 log Internal Server Error: /park_car/1/
Traceback (most recent call last):
  File "/home/G1nxx/Projects/IGI/353502_BURCHUCK_5/IGI/LR5/Parking/p_env/lib/python3.13/site-packages/django/core/handlers/exception.py", line 55, in inner
    response = get_response(request)
  File "/home/G1nxx/Projects/IGI/353502_BURCHUCK_5/IGI/LR5/Parking/p_env/lib/python3.13/site-packages/django/core/handlers/base.py", line 197, in _get_response
    response = wrapped_callback(request, *callback_args, **callback_kwargs)
TypeError: park_car() got an unexpected keyword argument 'car_id'
ERROR 2025-05-13 04:28:53,541 basehttp "POST /park_car/1/ HTTP/1.1" 500 74626
INFO 2025-05-13 04:29:16,241 basehttp "GET /client_dashboard/ HTTP/1.1" 200 2914
INFO 2025-05-13 04:29:16,688 autoreload /home/G1nxx/Projects/IGI/353502_BURCHUCK_5/IGI/LR5/Parking/auto_car/urls.py changed, reloading.
INFO 2025-05-13 04:29:17,451 autoreload Watching for file changes with StatReloader
INFO 2025-05-13 04:29:47,475 autoreload /home/G1nxx/Projects/IGI/353502_BURCHUCK_5/IGI/LR5/Parking/auto_car/urls.py changed, reloading.
INFO 2025-05-13 04:29:48,554 autoreload Watching for file changes with StatReloader
INFO 2025-05-13 04:29:49,999 basehttp "GET /client_dashboard/ HTTP/1.1" 200 2914
INFO 2025-05-13 04:29:53,197 basehttp "GET /client_dashboard/ HTTP/1.1" 200 2914
INFO 2025-05-13 04:29:53,234 autoreload /home/G1nxx/Projects/IGI/353502_BURCHUCK_5/IGI/LR5/Parking/auto_car/urls.py changed, reloading.
INFO 2025-05-13 04:29:54,227 autoreload Watching for file changes with StatReloader
WARNING 2025-05-13 04:29:55,637 log Not Found: /park_car/1/
WARNING 2025-05-13 04:29:55,639 basehttp "POST /park_car/1/ HTTP/1.1" 404 6119
WARNING 2025-05-13 04:30:05,239 log Not Found: /park_car/1/
WARNING 2025-05-13 04:30:05,240 basehttp "POST /park_car/1/ HTTP/1.1" 404 6119
ERROR 2025-05-13 04:30:31,818 log Internal Server Error: /client_dashboard/
Traceback (most recent call last):
  File "/home/G1nxx/Projects/IGI/353502_BURCHUCK_5/IGI/LR5/Parking/p_env/lib/python3.13/site-packages/django/core/handlers/exception.py", line 55, in inner
    response = get_response(request)
  File "/home/G1nxx/Projects/IGI/353502_BURCHUCK_5/IGI/LR5/Parking/p_env/lib/python3.13/site-packages/django/core/handlers/base.py", line 197, in _get_response
    response = wrapped_callback(request, *callback_args, **callback_kwargs)
  File "/home/G1nxx/Projects/IGI/353502_BURCHUCK_5/IGI/LR5/Parking/p_env/lib/python3.13/site-packages/django/contrib/auth/decorators.py", line 59, in _view_wrapper
    return view_func(request, *args, **kwargs)
  File "/home/G1nxx/Projects/IGI/353502_BURCHUCK_5/IGI/LR5/Parking/auto_car/views.py", line 93, in client_dashboard
    return render(request, 'auto_car/client_dashboard.html', context)
  File "/home/G1nxx/Projects/IGI/353502_BURCHUCK_5/IGI/LR5/Parking/p_env/lib/python3.13/site-packages/django/shortcuts.py", line 25, in render
    content = loader.render_to_string(template_name, context, request, using=using)
  File "/home/G1nxx/Projects/IGI/353502_BURCHUCK_5/IGI/LR5/Parking/p_env/lib/python3.13/site-packages/django/template/loader.py", line 62, in render_to_string
    return template.render(context, request)
           ~~~~~~~~~~~~~~~^^^^^^^^^^^^^^^^^^
  File "/home/G1nxx/Projects/IGI/353502_BURCHUCK_5/IGI/LR5/Parking/p_env/lib/python3.13/site-packages/django/template/backends/django.py", line 107, in render
    return self.template.render(context)
           ~~~~~~~~~~~~~~~~~~~~^^^^^^^^^
  File "/home/G1nxx/Projects/IGI/353502_BURCHUCK_5/IGI/LR5/Parking/p_env/lib/python3.13/site-packages/django/template/base.py", line 171, in render
    return self._render(context)
           ~~~~~~~~~~~~^^^^^^^^^
  File "/home/G1nxx/Projects/IGI/353502_BURCHUCK_5/IGI/LR5/Parking/p_env/lib/python3.13/site-packages/django/template/base.py", line 163, in _render
    return self.nodelist.render(context)
           ~~~~~~~~~~~~~~~~~~~~^^^^^^^^^
  File "/home/G1nxx/Projects/IGI/353502_BURCHUCK_5/IGI/LR5/Parking/p_env/lib/python3.13/site-packages/django/template/base.py", line 1016, in render
    return SafeString("".join([node.render_annotated(context) for node in self]))
                               ~~~~~~~~~~~~~~~~~~~~~^^^^^^^^^
  File "/home/G1nxx/Projects/IGI/353502_BURCHUCK_5/IGI/LR5/Parking/p_env/lib/python3.13/site-packages/django/template/base.py", line 977, in render_annotated
    return self.render(context)
           ~~~~~~~~~~~^^^^^^^^^
  File "/home/G1nxx/Projects/IGI/353502_BURCHUCK_5/IGI/LR5/Parking/p_env/lib/python3.13/site-packages/django/template/loader_tags.py", line 159, in render
    return compiled_parent._render(context)
           ~~~~~~~~~~~~~~~~~~~~~~~^^^^^^^^^
  File "/home/G1nxx/Projects/IGI/353502_BURCHUCK_5/IGI/LR5/Parking/p_env/lib/python3.13/site-packages/django/template/base.py", line 163, in _render
    return self.nodelist.render(context)
           ~~~~~~~~~~~~~~~~~~~~^^^^^^^^^
  File "/home/G1nxx/Projects/IGI/353502_BURCHUCK_5/IGI/LR5/Parking/p_env/lib/python3.13/site-packages/django/template/base.py", line 1016, in render
    return SafeString("".join([node.render_annotated(context) for node in self]))
                               ~~~~~~~~~~~~~~~~~~~~~^^^^^^^^^
  File "/home/G1nxx/Projects/IGI/353502_BURCHUCK_5/IGI/LR5/Parking/p_env/lib/python3.13/site-packages/django/template/base.py", line 977, in render_annotated
    return self.render(context)
           ~~~~~~~~~~~^^^^^^^^^
  File "/home/G1nxx/Projects/IGI/353502_BURCHUCK_5/IGI/LR5/Parking/p_env/lib/python3.13/site-packages/django/template/loader_tags.py", line 65, in render
    result = block.nodelist.render(context)
  File "/home/G1nxx/Projects/IGI/353502_BURCHUCK_5/IGI/LR5/Parking/p_env/lib/python3.13/site-packages/django/template/base.py", line 1016, in render
    return SafeString("".join([node.render_annotated(context) for node in self]))
                               ~~~~~~~~~~~~~~~~~~~~~^^^^^^^^^
  File "/home/G1nxx/Projects/IGI/353502_BURCHUCK_5/IGI/LR5/Parking/p_env/lib/python3.13/site-packages/django/template/base.py", line 977, in render_annotated
    return self.render(context)
           ~~~~~~~~~~~^^^^^^^^^
  File "/home/G1nxx/Projects/IGI/353502_BURCHUCK_5/IGI/LR5/Parking/p_env/lib/python3.13/site-packages/django/template/defaulttags.py", line 243, in render
    nodelist.append(node.render_annotated(context))
                    ~~~~~~~~~~~~~~~~~~~~~^^^^^^^^^
  File "/home/G1nxx/Projects/IGI/353502_BURCHUCK_5/IGI/LR5/Parking/p_env/lib/python3.13/site-packages/django/template/base.py", line 977, in render_annotated
    return self.render(context)
           ~~~~~~~~~~~^^^^^^^^^
  File "/home/G1nxx/Projects/IGI/353502_BURCHUCK_5/IGI/LR5/Parking/p_env/lib/python3.13/site-packages/django/template/defaulttags.py", line 327, in render
    return nodelist.render(context)
           ~~~~~~~~~~~~~~~^^^^^^^^^
  File "/home/G1nxx/Projects/IGI/353502_BURCHUCK_5/IGI/LR5/Parking/p_env/lib/python3.13/site-packages/django/template/base.py", line 1016, in render
    return SafeString("".join([node.render_annotated(context) for node in self]))
                               ~~~~~~~~~~~~~~~~~~~~~^^^^^^^^^
  File "/home/G1nxx/Projects/IGI/353502_BURCHUCK_5/IGI/LR5/Parking/p_env/lib/python3.13/site-packages/django/template/base.py", line 977, in render_annotated
    return self.render(context)
           ~~~~~~~~~~~^^^^^^^^^
  File "/home/G1nxx/Projects/IGI/353502_BURCHUCK_5/IGI/LR5/Parking/p_env/lib/python3.13/site-packages/django/template/defaulttags.py", line 480, in render
    url = reverse(view_name, args=args, kwargs=kwargs, current_app=current_app)
  File "/home/G1nxx/Projects/IGI/353502_BURCHUCK_5/IGI/LR5/Parking/p_env/lib/python3.13/site-packages/django/urls/base.py", line 98, in reverse
    resolved_url = resolver._reverse_with_prefix(view, prefix, *args, **kwargs)
  File "/home/G1nxx/Projects/IGI/353502_BURCHUCK_5/IGI/LR5/Parking/p_env/lib/python3.13/site-packages/django/urls/resolvers.py", line 831, in _reverse_with_prefix
    raise NoReverseMatch(msg)
django.urls.exceptions.NoReverseMatch: Reverse for 'client_dashboard/park_car' not found. 'client_dashboard/park_car' is not a valid view function or pattern name.
ERROR 2025-05-13 04:30:31,829 basehttp "GET /client_dashboard/ HTTP/1.1" 500 197350
ERROR 2025-05-13 04:30:58,884 log Internal Server Error: /client_dashboard/
Traceback (most recent call last):
  File "/home/G1nxx/Projects/IGI/353502_BURCHUCK_5/IGI/LR5/Parking/p_env/lib/python3.13/site-packages/django/core/handlers/exception.py", line 55, in inner
    response = get_response(request)
  File "/home/G1nxx/Projects/IGI/353502_BURCHUCK_5/IGI/LR5/Parking/p_env/lib/python3.13/site-packages/django/core/handlers/base.py", line 197, in _get_response
    response = wrapped_callback(request, *callback_args, **callback_kwargs)
  File "/home/G1nxx/Projects/IGI/353502_BURCHUCK_5/IGI/LR5/Parking/p_env/lib/python3.13/site-packages/django/contrib/auth/decorators.py", line 59, in _view_wrapper
    return view_func(request, *args, **kwargs)
  File "/home/G1nxx/Projects/IGI/353502_BURCHUCK_5/IGI/LR5/Parking/auto_car/views.py", line 93, in client_dashboard
    return render(request, 'auto_car/client_dashboard.html', context)
  File "/home/G1nxx/Projects/IGI/353502_BURCHUCK_5/IGI/LR5/Parking/p_env/lib/python3.13/site-packages/django/shortcuts.py", line 25, in render
    content = loader.render_to_string(template_name, context, request, using=using)
  File "/home/G1nxx/Projects/IGI/353502_BURCHUCK_5/IGI/LR5/Parking/p_env/lib/python3.13/site-packages/django/template/loader.py", line 62, in render_to_string
    return template.render(context, request)
           ~~~~~~~~~~~~~~~^^^^^^^^^^^^^^^^^^
  File "/home/G1nxx/Projects/IGI/353502_BURCHUCK_5/IGI/LR5/Parking/p_env/lib/python3.13/site-packages/django/template/backends/django.py", line 107, in render
    return self.template.render(context)
           ~~~~~~~~~~~~~~~~~~~~^^^^^^^^^
  File "/home/G1nxx/Projects/IGI/353502_BURCHUCK_5/IGI/LR5/Parking/p_env/lib/python3.13/site-packages/django/template/base.py", line 171, in render
    return self._render(context)
           ~~~~~~~~~~~~^^^^^^^^^
  File "/home/G1nxx/Projects/IGI/353502_BURCHUCK_5/IGI/LR5/Parking/p_env/lib/python3.13/site-packages/django/template/base.py", line 163, in _render
    return self.nodelist.render(context)
           ~~~~~~~~~~~~~~~~~~~~^^^^^^^^^
  File "/home/G1nxx/Projects/IGI/353502_BURCHUCK_5/IGI/LR5/Parking/p_env/lib/python3.13/site-packages/django/template/base.py", line 1016, in render
    return SafeString("".join([node.render_annotated(context) for node in self]))
                               ~~~~~~~~~~~~~~~~~~~~~^^^^^^^^^
  File "/home/G1nxx/Projects/IGI/353502_BURCHUCK_5/IGI/LR5/Parking/p_env/lib/python3.13/site-packages/django/template/base.py", line 977, in render_annotated
    return self.render(context)
           ~~~~~~~~~~~^^^^^^^^^
  File "/home/G1nxx/Projects/IGI/353502_BURCHUCK_5/IGI/LR5/Parking/p_env/lib/python3.13/site-packages/django/template/loader_tags.py", line 159, in render
    return compiled_parent._render(context)
           ~~~~~~~~~~~~~~~~~~~~~~~^^^^^^^^^
  File "/home/G1nxx/Projects/IGI/353502_BURCHUCK_5/IGI/LR5/Parking/p_env/lib/python3.13/site-packages/django/template/base.py", line 163, in _render
    return self.nodelist.render(context)
           ~~~~~~~~~~~~~~~~~~~~^^^^^^^^^
  File "/home/G1nxx/Projects/IGI/353502_BURCHUCK_5/IGI/LR5/Parking/p_env/lib/python3.13/site-packages/django/template/base.py", line 1016, in render
    return SafeString("".join([node.render_annotated(context) for node in self]))
                               ~~~~~~~~~~~~~~~~~~~~~^^^^^^^^^
  File "/home/G1nxx/Projects/IGI/353502_BURCHUCK_5/IGI/LR5/Parking/p_env/lib/python3.13/site-packages/django/template/base.py", line 977, in render_annotated
    return self.render(context)
           ~~~~~~~~~~~^^^^^^^^^
  File "/home/G1nxx/Projects/IGI/353502_BURCHUCK_5/IGI/LR5/Parking/p_env/lib/python3.13/site-packages/django/template/loader_tags.py", line 65, in render
    result = block.nodelist.render(context)
  File "/home/G1nxx/Projects/IGI/353502_BURCHUCK_5/IGI/LR5/Parking/p_env/lib/python3.13/site-packages/django/template/base.py", line 1016, in render
    return SafeString("".join([node.render_annotated(context) for node in self]))
                               ~~~~~~~~~~~~~~~~~~~~~^^^^^^^^^
  File "/home/G1nxx/Projects/IGI/353502_BURCHUCK_5/IGI/LR5/Parking/p_env/lib/python3.13/site-packages/django/template/base.py", line 977, in render_annotated
    return self.render(context)
           ~~~~~~~~~~~^^^^^^^^^
  File "/home/G1nxx/Projects/IGI/353502_BURCHUCK_5/IGI/LR5/Parking/p_env/lib/python3.13/site-packages/django/template/defaulttags.py", line 243, in render
    nodelist.append(node.render_annotated(context))
                    ~~~~~~~~~~~~~~~~~~~~~^^^^^^^^^
  File "/home/G1nxx/Projects/IGI/353502_BURCHUCK_5/IGI/LR5/Parking/p_env/lib/python3.13/site-packages/django/template/base.py", line 977, in render_annotated
    return self.render(context)
           ~~~~~~~~~~~^^^^^^^^^
  File "/home/G1nxx/Projects/IGI/353502_BURCHUCK_5/IGI/LR5/Parking/p_env/lib/python3.13/site-packages/django/template/defaulttags.py", line 327, in render
    return nodelist.render(context)
           ~~~~~~~~~~~~~~~^^^^^^^^^
  File "/home/G1nxx/Projects/IGI/353502_BURCHUCK_5/IGI/LR5/Parking/p_env/lib/python3.13/site-packages/django/template/base.py", line 1016, in render
    return SafeString("".join([node.render_annotated(context) for node in self]))
                               ~~~~~~~~~~~~~~~~~~~~~^^^^^^^^^
  File "/home/G1nxx/Projects/IGI/353502_BURCHUCK_5/IGI/LR5/Parking/p_env/lib/python3.13/site-packages/django/template/base.py", line 977, in render_annotated
    return self.render(context)
           ~~~~~~~~~~~^^^^^^^^^
  File "/home/G1nxx/Projects/IGI/353502_BURCHUCK_5/IGI/LR5/Parking/p_env/lib/python3.13/site-packages/django/template/defaulttags.py", line 480, in render
    url = reverse(view_name, args=args, kwargs=kwargs, current_app=current_app)
  File "/home/G1nxx/Projects/IGI/353502_BURCHUCK_5/IGI/LR5/Parking/p_env/lib/python3.13/site-packages/django/urls/base.py", line 98, in reverse
    resolved_url = resolver._reverse_with_prefix(view, prefix, *args, **kwargs)
  File "/home/G1nxx/Projects/IGI/353502_BURCHUCK_5/IGI/LR5/Parking/p_env/lib/python3.13/site-packages/django/urls/resolvers.py", line 831, in _reverse_with_prefix
    raise NoReverseMatch(msg)
django.urls.exceptions.NoReverseMatch: Reverse for 'client_dashboard/park_car' not found. 'client_dashboard/park_car' is not a valid view function or pattern name.
ERROR 2025-05-13 04:30:58,892 basehttp "GET /client_dashboard/ HTTP/1.1" 500 197350
INFO 2025-05-13 04:30:59,026 autoreload /home/G1nxx/Projects/IGI/353502_BURCHUCK_5/IGI/LR5/Parking/auto_car/urls.py changed, reloading.
INFO 2025-05-13 04:31:00,056 autoreload Watching for file changes with StatReloader
INFO 2025-05-13 04:31:01,648 basehttp "GET /client_dashboard/ HTTP/1.1" 200 2931
ERROR 2025-05-13 04:31:02,939 log Internal Server Error: /client_dashboard/park_car/1/
Traceback (most recent call last):
  File "/home/G1nxx/Projects/IGI/353502_BURCHUCK_5/IGI/LR5/Parking/p_env/lib/python3.13/site-packages/django/core/handlers/exception.py", line 55, in inner
    response = get_response(request)
  File "/home/G1nxx/Projects/IGI/353502_BURCHUCK_5/IGI/LR5/Parking/p_env/lib/python3.13/site-packages/django/core/handlers/base.py", line 197, in _get_response
    response = wrapped_callback(request, *callback_args, **callback_kwargs)
TypeError: park_car() got an unexpected keyword argument 'car_id'
ERROR 2025-05-13 04:31:02,946 basehttp "POST /client_dashboard/park_car/1/ HTTP/1.1" 500 74779
INFO 2025-05-13 04:33:15,079 autoreload /home/G1nxx/Projects/IGI/353502_BURCHUCK_5/IGI/LR5/Parking/auto_car/views.py changed, reloading.
INFO 2025-05-13 04:33:15,998 autoreload Watching for file changes with StatReloader
INFO 2025-05-13 04:33:19,663 autoreload /home/G1nxx/Projects/IGI/353502_BURCHUCK_5/IGI/LR5/Parking/auto_car/views.py changed, reloading.
INFO 2025-05-13 04:33:20,550 autoreload Watching for file changes with StatReloader
INFO 2025-05-13 04:33:24,242 autoreload /home/G1nxx/Projects/IGI/353502_BURCHUCK_5/IGI/LR5/Parking/auto_car/views.py changed, reloading.
INFO 2025-05-13 04:33:25,219 autoreload Watching for file changes with StatReloader
INFO 2025-05-13 04:33:29,710 basehttp "GET /client_dashboard/ HTTP/1.1" 200 2931
INFO 2025-05-13 04:33:30,017 autoreload /home/G1nxx/Projects/IGI/353502_BURCHUCK_5/IGI/LR5/Parking/auto_car/views.py changed, reloading.
INFO 2025-05-13 04:33:30,997 autoreload Watching for file changes with StatReloader
ERROR 2025-05-13 04:33:33,955 log Internal Server Error: /client_dashboard/park_car/1/
Traceback (most recent call last):
  File "/home/G1nxx/Projects/IGI/353502_BURCHUCK_5/IGI/LR5/Parking/p_env/lib/python3.13/site-packages/django/core/handlers/exception.py", line 55, in inner
    response = get_response(request)
  File "/home/G1nxx/Projects/IGI/353502_BURCHUCK_5/IGI/LR5/Parking/p_env/lib/python3.13/site-packages/django/core/handlers/base.py", line 197, in _get_response
    response = wrapped_callback(request, *callback_args, **callback_kwargs)
TypeError: park_car() got an unexpected keyword argument 'car_id'
ERROR 2025-05-13 04:33:33,959 basehttp "POST /client_dashboard/park_car/1/ HTTP/1.1" 500 74779
INFO 2025-05-13 04:33:43,975 autoreload /home/G1nxx/Projects/IGI/353502_BURCHUCK_5/IGI/LR5/Parking/auto_car/views.py changed, reloading.
INFO 2025-05-13 04:33:44,875 autoreload Watching for file changes with StatReloader
ERROR 2025-05-13 04:33:47,114 log Internal Server Error: /client_dashboard/park_car/1/
Traceback (most recent call last):
  File "/home/G1nxx/Projects/IGI/353502_BURCHUCK_5/IGI/LR5/Parking/p_env/lib/python3.13/site-packages/django/core/handlers/exception.py", line 55, in inner
    response = get_response(request)
  File "/home/G1nxx/Projects/IGI/353502_BURCHUCK_5/IGI/LR5/Parking/p_env/lib/python3.13/site-packages/django/core/handlers/base.py", line 197, in _get_response
    response = wrapped_callback(request, *callback_args, **callback_kwargs)
TypeError: park_car() got an unexpected keyword argument 'car_id'
ERROR 2025-05-13 04:33:47,116 basehttp "POST /client_dashboard/park_car/1/ HTTP/1.1" 500 74779
INFO 2025-05-13 04:34:00,602 autoreload /home/G1nxx/Projects/IGI/353502_BURCHUCK_5/IGI/LR5/Parking/auto_car/views.py changed, reloading.
INFO 2025-05-13 04:34:01,684 autoreload Watching for file changes with StatReloader
INFO 2025-05-13 04:34:02,276 basehttp "POST /client_dashboard/park_car/1/ HTTP/1.1" 200 1896
INFO 2025-05-13 04:35:27,774 autoreload /home/G1nxx/Projects/IGI/353502_BURCHUCK_5/IGI/LR5/Parking/parking/settings.py changed, reloading.
INFO 2025-05-13 04:35:28,650 autoreload Watching for file changes with StatReloader
INFO 2025-05-13 04:35:30,194 autoreload /home/G1nxx/Projects/IGI/353502_BURCHUCK_5/IGI/LR5/Parking/parking/settings.py changed, reloading.
INFO 2025-05-13 04:35:31,108 autoreload Watching for file changes with StatReloader
INFO 2025-05-13 04:35:33,187 basehttp "GET /client_dashboard/ HTTP/1.1" 200 2931
INFO 2025-05-13 04:36:44,855 autoreload /home/G1nxx/Projects/IGI/353502_BURCHUCK_5/IGI/LR5/Parking/auto_car/views.py changed, reloading.
INFO 2025-05-13 04:36:45,668 autoreload Watching for file changes with StatReloader
INFO 2025-05-13 04:36:48,287 autoreload /home/G1nxx/Projects/IGI/353502_BURCHUCK_5/IGI/LR5/Parking/auto_car/views.py changed, reloading.
INFO 2025-05-13 04:36:49,125 autoreload Watching for file changes with StatReloader
INFO 2025-05-13 04:36:52,800 autoreload /home/G1nxx/Projects/IGI/353502_BURCHUCK_5/IGI/LR5/Parking/auto_car/views.py changed, reloading.
INFO 2025-05-13 04:36:53,938 autoreload Watching for file changes with StatReloader
INFO 2025-05-13 04:36:58,719 autoreload /home/G1nxx/Projects/IGI/353502_BURCHUCK_5/IGI/LR5/Parking/auto_car/views.py changed, reloading.
INFO 2025-05-13 04:36:59,745 autoreload Watching for file changes with StatReloader
INFO 2025-05-13 04:37:03,290 autoreload /home/G1nxx/Projects/IGI/353502_BURCHUCK_5/IGI/LR5/Parking/auto_car/views.py changed, reloading.
INFO 2025-05-13 04:37:04,387 autoreload Watching for file changes with StatReloader
INFO 2025-05-13 04:37:05,594 autoreload /home/G1nxx/Projects/IGI/353502_BURCHUCK_5/IGI/LR5/Parking/auto_car/views.py changed, reloading.
INFO 2025-05-13 04:37:06,579 autoreload Watching for file changes with StatReloader
INFO 2025-05-13 04:37:07,717 autoreload /home/G1nxx/Projects/IGI/353502_BURCHUCK_5/IGI/LR5/Parking/auto_car/views.py changed, reloading.
INFO 2025-05-13 04:37:08,515 autoreload Watching for file changes with StatReloader
INFO 2025-05-13 04:37:14,659 autoreload /home/G1nxx/Projects/IGI/353502_BURCHUCK_5/IGI/LR5/Parking/auto_car/views.py changed, reloading.
INFO 2025-05-13 04:37:15,514 autoreload Watching for file changes with StatReloader
INFO 2025-05-13 04:37:21,730 autoreload /home/G1nxx/Projects/IGI/353502_BURCHUCK_5/IGI/LR5/Parking/auto_car/views.py changed, reloading.
INFO 2025-05-13 04:37:22,562 autoreload Watching for file changes with StatReloader
INFO 2025-05-13 04:39:22,119 autoreload /home/G1nxx/Projects/IGI/353502_BURCHUCK_5/IGI/LR5/Parking/auto_car/views.py changed, reloading.
INFO 2025-05-13 04:39:23,071 autoreload Watching for file changes with StatReloader
INFO 2025-05-13 04:39:25,320 autoreload /home/G1nxx/Projects/IGI/353502_BURCHUCK_5/IGI/LR5/Parking/auto_car/views.py changed, reloading.
INFO 2025-05-13 04:39:26,268 autoreload Watching for file changes with StatReloader
INFO 2025-05-13 04:39:34,006 autoreload /home/G1nxx/Projects/IGI/353502_BURCHUCK_5/IGI/LR5/Parking/auto_car/views.py changed, reloading.
INFO 2025-05-13 04:39:35,097 autoreload Watching for file changes with StatReloader
INFO 2025-05-13 04:45:12,945 autoreload /home/G1nxx/Projects/IGI/353502_BURCHUCK_5/IGI/LR5/Parking/auto_car/urls.py changed, reloading.
INFO 2025-05-13 04:45:14,122 autoreload Watching for file changes with StatReloader
INFO 2025-05-13 04:45:19,702 autoreload /home/G1nxx/Projects/IGI/353502_BURCHUCK_5/IGI/LR5/Parking/auto_car/urls.py changed, reloading.
INFO 2025-05-13 04:45:20,765 autoreload Watching for file changes with StatReloader
INFO 2025-05-13 04:45:26,497 autoreload /home/G1nxx/Projects/IGI/353502_BURCHUCK_5/IGI/LR5/Parking/auto_car/urls.py changed, reloading.
INFO 2025-05-13 04:45:27,445 autoreload Watching for file changes with StatReloader
INFO 2025-05-13 04:45:33,566 basehttp "GET /client_dashboard/ HTTP/1.1" 200 2931
INFO 2025-05-13 04:45:34,909 basehttp "POST /client_dashboard/park_car/1/ HTTP/1.1" 200 8303
INFO 2025-05-13 04:45:49,096 basehttp "GET /client_dashboard/ HTTP/1.1" 200 2931
INFO 2025-05-13 04:45:55,738 basehttp "GET /logout/ HTTP/1.1" 302 0
INFO 2025-05-13 04:45:55,762 basehttp "GET / HTTP/1.1" 200 2170
INFO 2025-05-13 04:45:58,991 basehttp "GET /login/ HTTP/1.1" 200 2215
INFO 2025-05-13 04:46:08,115 basehttp "POST /login/ HTTP/1.1" 302 0
INFO 2025-05-13 04:46:08,144 basehttp "GET / HTTP/1.1" 200 2231
INFO 2025-05-13 04:51:48,378 autoreload /home/G1nxx/Projects/IGI/353502_BURCHUCK_5/IGI/LR5/Parking/auto_car/views.py changed, reloading.
INFO 2025-05-13 04:51:49,312 autoreload Watching for file changes with StatReloader
INFO 2025-05-13 04:51:54,030 autoreload /home/G1nxx/Projects/IGI/353502_BURCHUCK_5/IGI/LR5/Parking/auto_car/views.py changed, reloading.
INFO 2025-05-13 04:51:55,060 autoreload Watching for file changes with StatReloader
INFO 2025-05-13 04:51:57,734 autoreload /home/G1nxx/Projects/IGI/353502_BURCHUCK_5/IGI/LR5/Parking/auto_car/views.py changed, reloading.
INFO 2025-05-13 04:51:58,570 autoreload Watching for file changes with StatReloader
INFO 2025-05-13 04:52:00,119 autoreload /home/G1nxx/Projects/IGI/353502_BURCHUCK_5/IGI/LR5/Parking/auto_car/views.py changed, reloading.
INFO 2025-05-13 04:52:01,109 autoreload Watching for file changes with StatReloader
INFO 2025-05-13 04:52:02,305 autoreload /home/G1nxx/Projects/IGI/353502_BURCHUCK_5/IGI/LR5/Parking/auto_car/views.py changed, reloading.
INFO 2025-05-13 04:52:03,244 autoreload Watching for file changes with StatReloader
INFO 2025-05-13 04:52:04,419 autoreload /home/G1nxx/Projects/IGI/353502_BURCHUCK_5/IGI/LR5/Parking/auto_car/views.py changed, reloading.
INFO 2025-05-13 04:52:05,345 autoreload Watching for file changes with StatReloader
INFO 2025-05-13 04:52:08,473 autoreload /home/G1nxx/Projects/IGI/353502_BURCHUCK_5/IGI/LR5/Parking/auto_car/views.py changed, reloading.
INFO 2025-05-13 04:52:09,281 autoreload Watching for file changes with StatReloader
INFO 2025-05-13 04:52:11,967 autoreload /home/G1nxx/Projects/IGI/353502_BURCHUCK_5/IGI/LR5/Parking/auto_car/views.py changed, reloading.
INFO 2025-05-13 04:52:13,039 autoreload Watching for file changes with StatReloader
INFO 2025-05-13 04:52:15,559 autoreload /home/G1nxx/Projects/IGI/353502_BURCHUCK_5/IGI/LR5/Parking/auto_car/views.py changed, reloading.
INFO 2025-05-13 04:52:16,597 autoreload Watching for file changes with StatReloader
INFO 2025-05-13 04:52:17,757 autoreload /home/G1nxx/Projects/IGI/353502_BURCHUCK_5/IGI/LR5/Parking/auto_car/views.py changed, reloading.
INFO 2025-05-13 04:52:18,746 autoreload Watching for file changes with StatReloader
INFO 2025-05-13 04:52:20,923 autoreload /home/G1nxx/Projects/IGI/353502_BURCHUCK_5/IGI/LR5/Parking/auto_car/views.py changed, reloading.
INFO 2025-05-13 04:52:21,887 autoreload Watching for file changes with StatReloader
INFO 2025-05-13 04:52:23,063 autoreload /home/G1nxx/Projects/IGI/353502_BURCHUCK_5/IGI/LR5/Parking/auto_car/views.py changed, reloading.
INFO 2025-05-13 04:52:24,065 autoreload Watching for file changes with StatReloader
INFO 2025-05-13 04:52:26,294 autoreload /home/G1nxx/Projects/IGI/353502_BURCHUCK_5/IGI/LR5/Parking/auto_car/views.py changed, reloading.
INFO 2025-05-13 04:52:27,289 autoreload Watching for file changes with StatReloader
INFO 2025-05-13 04:52:28,441 autoreload /home/G1nxx/Projects/IGI/353502_BURCHUCK_5/IGI/LR5/Parking/auto_car/views.py changed, reloading.
INFO 2025-05-13 04:52:29,441 autoreload Watching for file changes with StatReloader
INFO 2025-05-13 04:52:30,544 autoreload /home/G1nxx/Projects/IGI/353502_BURCHUCK_5/IGI/LR5/Parking/auto_car/views.py changed, reloading.
INFO 2025-05-13 04:52:31,480 autoreload Watching for file changes with StatReloader
INFO 2025-05-13 04:52:38,732 autoreload /home/G1nxx/Projects/IGI/353502_BURCHUCK_5/IGI/LR5/Parking/auto_car/views.py changed, reloading.
INFO 2025-05-13 04:52:39,419 autoreload Watching for file changes with StatReloader
INFO 2025-05-13 04:52:43,574 autoreload /home/G1nxx/Projects/IGI/353502_BURCHUCK_5/IGI/LR5/Parking/auto_car/views.py changed, reloading.
INFO 2025-05-13 04:52:44,529 autoreload Watching for file changes with StatReloader
INFO 2025-05-13 04:52:47,739 autoreload /home/G1nxx/Projects/IGI/353502_BURCHUCK_5/IGI/LR5/Parking/auto_car/views.py changed, reloading.
INFO 2025-05-13 04:52:48,558 autoreload Watching for file changes with StatReloader
INFO 2025-05-13 04:52:49,725 autoreload /home/G1nxx/Projects/IGI/353502_BURCHUCK_5/IGI/LR5/Parking/auto_car/views.py changed, reloading.
INFO 2025-05-13 04:52:50,708 autoreload Watching for file changes with StatReloader
INFO 2025-05-13 04:52:51,868 autoreload /home/G1nxx/Projects/IGI/353502_BURCHUCK_5/IGI/LR5/Parking/auto_car/views.py changed, reloading.
INFO 2025-05-13 04:52:52,652 autoreload Watching for file changes with StatReloader
INFO 2025-05-13 04:52:59,887 autoreload /home/G1nxx/Projects/IGI/353502_BURCHUCK_5/IGI/LR5/Parking/auto_car/views.py changed, reloading.
INFO 2025-05-13 04:53:00,721 autoreload Watching for file changes with StatReloader
INFO 2025-05-13 04:53:03,371 autoreload /home/G1nxx/Projects/IGI/353502_BURCHUCK_5/IGI/LR5/Parking/auto_car/views.py changed, reloading.
INFO 2025-05-13 04:53:04,309 autoreload Watching for file changes with StatReloader
INFO 2025-05-13 04:53:07,006 autoreload /home/G1nxx/Projects/IGI/353502_BURCHUCK_5/IGI/LR5/Parking/auto_car/views.py changed, reloading.
INFO 2025-05-13 04:53:07,899 autoreload Watching for file changes with StatReloader
INFO 2025-05-13 04:53:12,343 autoreload /home/G1nxx/Projects/IGI/353502_BURCHUCK_5/IGI/LR5/Parking/auto_car/views.py changed, reloading.
INFO 2025-05-13 04:53:13,417 autoreload Watching for file changes with StatReloader
INFO 2025-05-13 04:53:27,138 autoreload /home/G1nxx/Projects/IGI/353502_BURCHUCK_5/IGI/LR5/Parking/auto_car/usecase/company.py changed, reloading.
INFO 2025-05-13 04:53:27,999 autoreload Watching for file changes with StatReloader
INFO 2025-05-13 04:53:29,356 autoreload /home/G1nxx/Projects/IGI/353502_BURCHUCK_5/IGI/LR5/Parking/auto_car/usecase/company.py changed, reloading.
INFO 2025-05-13 04:53:30,400 autoreload Watching for file changes with StatReloader
INFO 2025-05-13 04:53:31,757 autoreload /home/G1nxx/Projects/IGI/353502_BURCHUCK_5/IGI/LR5/Parking/auto_car/usecase/company.py changed, reloading.
INFO 2025-05-13 04:53:32,374 autoreload Watching for file changes with StatReloader
INFO 2025-05-13 04:53:37,699 autoreload /home/G1nxx/Projects/IGI/353502_BURCHUCK_5/IGI/LR5/Parking/auto_car/usecase/company.py changed, reloading.
INFO 2025-05-13 04:53:38,553 autoreload Watching for file changes with StatReloader
INFO 2025-05-13 04:53:41,196 autoreload /home/G1nxx/Projects/IGI/353502_BURCHUCK_5/IGI/LR5/Parking/auto_car/usecase/company.py changed, reloading.
INFO 2025-05-13 04:53:42,267 autoreload Watching for file changes with StatReloader
INFO 2025-05-13 04:53:43,978 autoreload /home/G1nxx/Projects/IGI/353502_BURCHUCK_5/IGI/LR5/Parking/auto_car/usecase/company.py changed, reloading.
INFO 2025-05-13 04:53:45,046 autoreload Watching for file changes with StatReloader
INFO 2025-05-13 04:53:46,662 autoreload /home/G1nxx/Projects/IGI/353502_BURCHUCK_5/IGI/LR5/Parking/auto_car/usecase/company.py changed, reloading.
INFO 2025-05-13 04:53:47,651 autoreload Watching for file changes with StatReloader
INFO 2025-05-13 04:53:51,316 autoreload /home/G1nxx/Projects/IGI/353502_BURCHUCK_5/IGI/LR5/Parking/auto_car/repository/company.py changed, reloading.
INFO 2025-05-13 04:53:52,197 autoreload Watching for file changes with StatReloader
INFO 2025-05-13 04:53:56,569 autoreload /home/G1nxx/Projects/IGI/353502_BURCHUCK_5/IGI/LR5/Parking/auto_car/repository/company.py changed, reloading.
INFO 2025-05-13 04:53:57,526 autoreload Watching for file changes with StatReloader
INFO 2025-05-13 04:54:06,950 autoreload /home/G1nxx/Projects/IGI/353502_BURCHUCK_5/IGI/LR5/Parking/auto_car/repository/company.py changed, reloading.
INFO 2025-05-13 04:54:07,899 autoreload Watching for file changes with StatReloader
INFO 2025-05-13 04:54:10,624 autoreload /home/G1nxx/Projects/IGI/353502_BURCHUCK_5/IGI/LR5/Parking/auto_car/repository/company.py changed, reloading.
INFO 2025-05-13 04:54:11,516 autoreload Watching for file changes with StatReloader
INFO 2025-05-13 04:54:14,195 autoreload /home/G1nxx/Projects/IGI/353502_BURCHUCK_5/IGI/LR5/Parking/auto_car/repository/company.py changed, reloading.
INFO 2025-05-13 04:54:15,067 autoreload Watching for file changes with StatReloader
INFO 2025-05-13 04:54:17,389 autoreload /home/G1nxx/Projects/IGI/353502_BURCHUCK_5/IGI/LR5/Parking/auto_car/repository/company.py changed, reloading.
INFO 2025-05-13 04:54:18,263 autoreload Watching for file changes with StatReloader
ERROR 2025-05-13 04:54:22,201 log Internal Server Error: /
Traceback (most recent call last):
  File "/home/G1nxx/Projects/IGI/353502_BURCHUCK_5/IGI/LR5/Parking/p_env/lib/python3.13/site-packages/django/core/handlers/exception.py", line 55, in inner
    response = get_response(request)
  File "/home/G1nxx/Projects/IGI/353502_BURCHUCK_5/IGI/LR5/Parking/p_env/lib/python3.13/site-packages/django/core/handlers/base.py", line 197, in _get_response
    response = wrapped_callback(request, *callback_args, **callback_kwargs)
  File "/home/G1nxx/Projects/IGI/353502_BURCHUCK_5/IGI/LR5/Parking/auto_car/views.py", line 12, in index
    "cars": company_usecases.get_cars(request.session['id'])
            ~~~~~~~~~~~~~~~~~~~~~~~~~^^^^^^^^^^^^^^^^^^^^^^^
  File "/home/G1nxx/Projects/IGI/353502_BURCHUCK_5/IGI/LR5/Parking/auto_car/usecase/company.py", line 10, in get_cars
    company_db.get_cars(id)
    ~~~~~~~~~~~~~~~~~~~^^^^
TypeError: get_cars() takes 0 positional arguments but 1 was given
ERROR 2025-05-13 04:54:22,206 basehttp "GET / HTTP/1.1" 500 80230
ERROR 2025-05-13 04:54:25,609 log Internal Server Error: /
Traceback (most recent call last):
  File "/home/G1nxx/Projects/IGI/353502_BURCHUCK_5/IGI/LR5/Parking/p_env/lib/python3.13/site-packages/django/core/handlers/exception.py", line 55, in inner
    response = get_response(request)
  File "/home/G1nxx/Projects/IGI/353502_BURCHUCK_5/IGI/LR5/Parking/p_env/lib/python3.13/site-packages/django/core/handlers/base.py", line 197, in _get_response
    response = wrapped_callback(request, *callback_args, **callback_kwargs)
  File "/home/G1nxx/Projects/IGI/353502_BURCHUCK_5/IGI/LR5/Parking/auto_car/views.py", line 12, in index
    "cars": company_usecases.get_cars(request.session['id'])
            ~~~~~~~~~~~~~~~~~~~~~~~~~^^^^^^^^^^^^^^^^^^^^^^^
  File "/home/G1nxx/Projects/IGI/353502_BURCHUCK_5/IGI/LR5/Parking/auto_car/usecase/company.py", line 10, in get_cars
    company_db.get_cars(id)
    ~~~~~~~~~~~~~~~~~~~^^^^
TypeError: get_cars() takes 0 positional arguments but 1 was given
ERROR 2025-05-13 04:54:25,614 basehttp "GET / HTTP/1.1" 500 80230
INFO 2025-05-13 04:54:33,255 autoreload /home/G1nxx/Projects/IGI/353502_BURCHUCK_5/IGI/LR5/Parking/auto_car/repository/company.py changed, reloading.
INFO 2025-05-13 04:54:34,237 autoreload Watching for file changes with StatReloader
INFO 2025-05-13 04:54:41,994 autoreload /home/G1nxx/Projects/IGI/353502_BURCHUCK_5/IGI/LR5/Parking/auto_car/repository/company.py changed, reloading.
INFO 2025-05-13 04:54:42,848 autoreload Watching for file changes with StatReloader
INFO 2025-05-13 04:54:49,616 autoreload /home/G1nxx/Projects/IGI/353502_BURCHUCK_5/IGI/LR5/Parking/auto_car/repository/company.py changed, reloading.
INFO 2025-05-13 04:54:50,385 autoreload Watching for file changes with StatReloader
INFO 2025-05-13 04:54:52,176 autoreload /home/G1nxx/Projects/IGI/353502_BURCHUCK_5/IGI/LR5/Parking/auto_car/repository/company.py changed, reloading.
INFO 2025-05-13 04:54:52,898 autoreload Watching for file changes with StatReloader
INFO 2025-05-13 04:54:56,439 autoreload /home/G1nxx/Projects/IGI/353502_BURCHUCK_5/IGI/LR5/Parking/auto_car/repository/company.py changed, reloading.
INFO 2025-05-13 04:54:57,109 autoreload Watching for file changes with StatReloader
INFO 2025-05-13 04:54:59,403 autoreload /home/G1nxx/Projects/IGI/353502_BURCHUCK_5/IGI/LR5/Parking/auto_car/repository/company.py changed, reloading.
INFO 2025-05-13 04:55:00,123 autoreload Watching for file changes with StatReloader
INFO 2025-05-13 04:55:54,503 autoreload /home/G1nxx/Projects/IGI/353502_BURCHUCK_5/IGI/LR5/Parking/auto_car/repository/company.py changed, reloading.
INFO 2025-05-13 04:55:55,642 autoreload Watching for file changes with StatReloader
INFO 2025-05-13 04:56:07,015 basehttp "GET / HTTP/1.1" 200 2231
INFO 2025-05-13 04:56:27,800 autoreload /home/G1nxx/Projects/IGI/353502_BURCHUCK_5/IGI/LR5/Parking/auto_car/usecase/company.py changed, reloading.
INFO 2025-05-13 04:56:28,807 autoreload Watching for file changes with StatReloader
INFO 2025-05-13 04:56:31,102 basehttp "GET / HTTP/1.1" 200 2232
INFO 2025-05-13 05:00:36,024 autoreload /home/G1nxx/Projects/IGI/353502_BURCHUCK_5/IGI/LR5/Parking/auto_car/views.py changed, reloading.
INFO 2025-05-13 05:00:36,983 autoreload Watching for file changes with StatReloader
INFO 2025-05-13 05:00:55,357 autoreload /home/G1nxx/Projects/IGI/353502_BURCHUCK_5/IGI/LR5/Parking/auto_car/views.py changed, reloading.
INFO 2025-05-13 05:00:56,372 autoreload Watching for file changes with StatReloader
INFO 2025-05-13 05:00:57,536 autoreload /home/G1nxx/Projects/IGI/353502_BURCHUCK_5/IGI/LR5/Parking/auto_car/views.py changed, reloading.
INFO 2025-05-13 05:00:58,525 autoreload Watching for file changes with StatReloader
INFO 2025-05-13 05:00:59,714 autoreload /home/G1nxx/Projects/IGI/353502_BURCHUCK_5/IGI/LR5/Parking/auto_car/views.py changed, reloading.
INFO 2025-05-13 05:01:00,493 autoreload Watching for file changes with StatReloader
INFO 2025-05-13 05:01:03,685 autoreload /home/G1nxx/Projects/IGI/353502_BURCHUCK_5/IGI/LR5/Parking/auto_car/views.py changed, reloading.
INFO 2025-05-13 05:01:04,640 autoreload Watching for file changes with StatReloader
INFO 2025-05-13 05:06:28,781 basehttp "GET /client_dashboard/ HTTP/1.1" 200 2931
INFO 2025-05-13 05:06:29,784 basehttp "POST /client_dashboard/park_car/1/ HTTP/1.1" 200 8303
INFO 2025-05-13 05:06:31,028 basehttp "POST /client_dashboard/park_car/park/1/ HTTP/1.1" 200 8303
INFO 2025-05-13 05:07:24,138 autoreload /home/G1nxx/Projects/IGI/353502_BURCHUCK_5/IGI/LR5/Parking/auto_car/views.py changed, reloading.
INFO 2025-05-13 05:07:25,373 autoreload Watching for file changes with StatReloader
INFO 2025-05-13 05:07:26,950 autoreload /home/G1nxx/Projects/IGI/353502_BURCHUCK_5/IGI/LR5/Parking/auto_car/views.py changed, reloading.
INFO 2025-05-13 05:07:27,871 autoreload Watching for file changes with StatReloader
INFO 2025-05-13 05:07:30,494 autoreload /home/G1nxx/Projects/IGI/353502_BURCHUCK_5/IGI/LR5/Parking/auto_car/views.py changed, reloading.
INFO 2025-05-13 05:07:31,497 autoreload Watching for file changes with StatReloader
INFO 2025-05-13 05:08:03,595 autoreload /home/G1nxx/Projects/IGI/353502_BURCHUCK_5/IGI/LR5/Parking/auto_car/views.py changed, reloading.
INFO 2025-05-13 05:08:04,631 autoreload Watching for file changes with StatReloader
INFO 2025-05-13 05:08:06,652 basehttp "POST /client_dashboard/park_car/park/1/ HTTP/1.1" 200 8303
INFO 2025-05-13 05:08:30,857 autoreload /home/G1nxx/Projects/IGI/353502_BURCHUCK_5/IGI/LR5/Parking/auto_car/views.py changed, reloading.
INFO 2025-05-13 05:08:31,994 autoreload Watching for file changes with StatReloader
INFO 2025-05-13 05:08:35,313 basehttp "POST /client_dashboard/park_car/park/1/ HTTP/1.1" 200 8303
INFO 2025-05-13 05:08:36,277 basehttp "POST /client_dashboard/park_car/park/1/ HTTP/1.1" 200 8303
INFO 2025-05-13 05:08:38,628 basehttp "POST /client_dashboard/park_car/park/1/ HTTP/1.1" 200 8303
INFO 2025-05-13 05:09:17,815 basehttp "POST /client_dashboard/park_car/park/1/ HTTP/1.1" 200 8303
INFO 2025-05-13 05:09:20,212 basehttp "POST /client_dashboard/park_car/park/1/ HTTP/1.1" 200 8303
INFO 2025-05-13 05:09:49,768 basehttp "POST /client_dashboard/park_car/park/1/ HTTP/1.1" 200 8303
INFO 2025-05-13 05:10:06,072 autoreload /home/G1nxx/Projects/IGI/353502_BURCHUCK_5/IGI/LR5/Parking/auto_car/views.py changed, reloading.
INFO 2025-05-13 05:10:07,227 autoreload Watching for file changes with StatReloader
INFO 2025-05-13 05:10:07,685 basehttp "POST /client_dashboard/park_car/park/1/ HTTP/1.1" 200 8303
INFO 2025-05-13 05:10:09,019 basehttp "POST /client_dashboard/park_car/park/1/ HTTP/1.1" 200 8303
INFO 2025-05-13 05:10:59,127 basehttp "POST /client_dashboard/park_car/park/1/ HTTP/1.1" 200 8303
INFO 2025-05-13 05:11:00,046 basehttp "POST /client_dashboard/park_car/park/1/ HTTP/1.1" 200 8303
INFO 2025-05-13 05:11:06,658 autoreload /home/G1nxx/Projects/IGI/353502_BURCHUCK_5/IGI/LR5/Parking/auto_car/urls.py changed, reloading.
INFO 2025-05-13 05:11:07,669 autoreload Watching for file changes with StatReloader
INFO 2025-05-13 05:11:11,220 autoreload /home/G1nxx/Projects/IGI/353502_BURCHUCK_5/IGI/LR5/Parking/auto_car/urls.py changed, reloading.
INFO 2025-05-13 05:11:12,167 autoreload Watching for file changes with StatReloader
WARNING 2025-05-13 05:11:16,004 log Not Found: /client_dashboard/park_car/park/1/
WARNING 2025-05-13 05:11:16,006 basehttp "POST /client_dashboard/park_car/park/1/ HTTP/1.1" 404 6506
WARNING 2025-05-13 05:11:27,056 log Not Found: /client_dashboard/park_car/park/1/
WARNING 2025-05-13 05:11:27,057 basehttp "POST /client_dashboard/park_car/park/1/ HTTP/1.1" 404 6506
WARNING 2025-05-13 05:11:29,485 log Not Found: /client_dashboard/park_car/park/1/
WARNING 2025-05-13 05:11:29,486 basehttp "POST /client_dashboard/park_car/park/1/ HTTP/1.1" 404 6506
WARNING 2025-05-13 05:11:33,953 log Not Found: /client_dashboard/park_car/park/1/
WARNING 2025-05-13 05:11:33,954 basehttp "POST /client_dashboard/park_car/park/1/ HTTP/1.1" 404 6506
INFO 2025-05-13 05:12:35,174 autoreload /home/G1nxx/Projects/IGI/353502_BURCHUCK_5/IGI/LR5/Parking/auto_car/urls.py changed, reloading.
INFO 2025-05-13 05:12:35,944 autoreload Watching for file changes with StatReloader
INFO 2025-05-13 05:12:43,590 autoreload /home/G1nxx/Projects/IGI/353502_BURCHUCK_5/IGI/LR5/Parking/auto_car/urls.py changed, reloading.
INFO 2025-05-13 05:12:44,409 autoreload Watching for file changes with StatReloader
INFO 2025-05-13 05:12:46,946 autoreload /home/G1nxx/Projects/IGI/353502_BURCHUCK_5/IGI/LR5/Parking/auto_car/urls.py changed, reloading.
INFO 2025-05-13 05:12:47,844 autoreload Watching for file changes with StatReloader
INFO 2025-05-13 05:12:58,212 basehttp "POST /client_dashboard/park_car/park/1/ HTTP/1.1" 200 1896
INFO 2025-05-13 05:15:31,062 basehttp "POST /client_dashboard/park_car/park/1/ HTTP/1.1" 200 1996
INFO 2025-05-13 05:15:42,234 autoreload /home/G1nxx/Projects/IGI/353502_BURCHUCK_5/IGI/LR5/Parking/auto_car/views.py changed, reloading.
INFO 2025-05-13 05:15:43,200 autoreload Watching for file changes with StatReloader
INFO 2025-05-13 05:15:44,833 autoreload /home/G1nxx/Projects/IGI/353502_BURCHUCK_5/IGI/LR5/Parking/auto_car/views.py changed, reloading.
INFO 2025-05-13 05:15:45,785 autoreload Watching for file changes with StatReloader
INFO 2025-05-13 05:15:46,959 autoreload /home/G1nxx/Projects/IGI/353502_BURCHUCK_5/IGI/LR5/Parking/auto_car/views.py changed, reloading.
INFO 2025-05-13 05:15:47,734 autoreload Watching for file changes with StatReloader
INFO 2025-05-13 05:15:48,918 autoreload /home/G1nxx/Projects/IGI/353502_BURCHUCK_5/IGI/LR5/Parking/auto_car/views.py changed, reloading.
INFO 2025-05-13 05:15:49,780 autoreload Watching for file changes with StatReloader
INFO 2025-05-13 05:15:50,964 autoreload /home/G1nxx/Projects/IGI/353502_BURCHUCK_5/IGI/LR5/Parking/auto_car/views.py changed, reloading.
INFO 2025-05-13 05:15:51,849 autoreload Watching for file changes with StatReloader
INFO 2025-05-13 05:15:52,603 basehttp "POST /client_dashboard/park_car/park/1/ HTTP/1.1" 200 2006
INFO 2025-05-13 05:20:41,901 autoreload /home/G1nxx/Projects/IGI/353502_BURCHUCK_5/IGI/LR5/Parking/auto_car/views.py changed, reloading.
INFO 2025-05-13 05:20:42,875 autoreload Watching for file changes with StatReloader
INFO 2025-05-13 05:20:44,515 autoreload /home/G1nxx/Projects/IGI/353502_BURCHUCK_5/IGI/LR5/Parking/auto_car/views.py changed, reloading.
INFO 2025-05-13 05:20:45,228 autoreload Watching for file changes with StatReloader
INFO 2025-05-13 05:20:46,815 autoreload /home/G1nxx/Projects/IGI/353502_BURCHUCK_5/IGI/LR5/Parking/auto_car/views.py changed, reloading.
INFO 2025-05-13 05:20:47,626 autoreload Watching for file changes with StatReloader
ERROR 2025-05-13 05:21:17,998 log Internal Server Error: /client_dashboard/park_car/park/1/
Traceback (most recent call last):
  File "/home/G1nxx/Projects/IGI/353502_BURCHUCK_5/IGI/LR5/Parking/p_env/lib/python3.13/site-packages/django/core/handlers/exception.py", line 55, in inner
    response = get_response(request)
  File "/home/G1nxx/Projects/IGI/353502_BURCHUCK_5/IGI/LR5/Parking/p_env/lib/python3.13/site-packages/django/core/handlers/base.py", line 197, in _get_response
    response = wrapped_callback(request, *callback_args, **callback_kwargs)
  File "/home/G1nxx/Projects/IGI/353502_BURCHUCK_5/IGI/LR5/Parking/auto_car/views.py", line 140, in park
    company_usecases.park_car()
    ^^^^^^^^^^^^^^^^^^^^^^^^^
AttributeError: module 'auto_car.usecase.company' has no attribute 'park_car'
ERROR 2025-05-13 05:21:18,005 basehttp "POST /client_dashboard/park_car/park/1/ HTTP/1.1" 500 78769
ERROR 2025-05-13 05:21:23,056 log Internal Server Error: /client_dashboard/park_car/park/1/
Traceback (most recent call last):
  File "/home/G1nxx/Projects/IGI/353502_BURCHUCK_5/IGI/LR5/Parking/p_env/lib/python3.13/site-packages/django/core/handlers/exception.py", line 55, in inner
    response = get_response(request)
  File "/home/G1nxx/Projects/IGI/353502_BURCHUCK_5/IGI/LR5/Parking/p_env/lib/python3.13/site-packages/django/core/handlers/base.py", line 197, in _get_response
    response = wrapped_callback(request, *callback_args, **callback_kwargs)
  File "/home/G1nxx/Projects/IGI/353502_BURCHUCK_5/IGI/LR5/Parking/auto_car/views.py", line 140, in park
    company_usecases.park_car()
    ^^^^^^^^^^^^^^^^^^^^^^^^^
AttributeError: module 'auto_car.usecase.company' has no attribute 'park_car'
ERROR 2025-05-13 05:21:23,060 basehttp "POST /client_dashboard/park_car/park/1/ HTTP/1.1" 500 78769
ERROR 2025-05-13 05:21:46,097 log Internal Server Error: /client_dashboard/park_car/park/1/
Traceback (most recent call last):
  File "/home/G1nxx/Projects/IGI/353502_BURCHUCK_5/IGI/LR5/Parking/p_env/lib/python3.13/site-packages/django/core/handlers/exception.py", line 55, in inner
    response = get_response(request)
  File "/home/G1nxx/Projects/IGI/353502_BURCHUCK_5/IGI/LR5/Parking/p_env/lib/python3.13/site-packages/django/core/handlers/base.py", line 197, in _get_response
    response = wrapped_callback(request, *callback_args, **callback_kwargs)
  File "/home/G1nxx/Projects/IGI/353502_BURCHUCK_5/IGI/LR5/Parking/auto_car/views.py", line 140, in park
    company_usecases.park_car()
    ^^^^^^^^^^^^^^^^^^^^^^^^^
AttributeError: module 'auto_car.usecase.company' has no attribute 'park_car'
ERROR 2025-05-13 05:21:46,100 basehttp "POST /client_dashboard/park_car/park/1/ HTTP/1.1" 500 78769
INFO 2025-05-13 05:22:10,813 autoreload /home/G1nxx/Projects/IGI/353502_BURCHUCK_5/IGI/LR5/Parking/auto_car/urls.py changed, reloading.
INFO 2025-05-13 05:22:11,736 autoreload Watching for file changes with StatReloader
INFO 2025-05-13 05:22:14,389 autoreload /home/G1nxx/Projects/IGI/353502_BURCHUCK_5/IGI/LR5/Parking/auto_car/urls.py changed, reloading.
INFO 2025-05-13 05:22:15,416 autoreload Watching for file changes with StatReloader
INFO 2025-05-13 05:22:23,241 autoreload /home/G1nxx/Projects/IGI/353502_BURCHUCK_5/IGI/LR5/Parking/auto_car/views.py changed, reloading.
INFO 2025-05-13 05:22:24,147 autoreload Watching for file changes with StatReloader
INFO 2025-05-13 05:22:25,809 autoreload /home/G1nxx/Projects/IGI/353502_BURCHUCK_5/IGI/LR5/Parking/auto_car/views.py changed, reloading.
INFO 2025-05-13 05:22:26,803 autoreload Watching for file changes with StatReloader
INFO 2025-05-13 05:22:28,549 autoreload /home/G1nxx/Projects/IGI/353502_BURCHUCK_5/IGI/LR5/Parking/auto_car/views.py changed, reloading.
INFO 2025-05-13 05:22:29,127 autoreload Watching for file changes with StatReloader
INFO 2025-05-13 05:22:30,803 autoreload /home/G1nxx/Projects/IGI/353502_BURCHUCK_5/IGI/LR5/Parking/auto_car/views.py changed, reloading.
INFO 2025-05-13 05:22:31,694 autoreload Watching for file changes with StatReloader
INFO 2025-05-13 05:22:36,269 autoreload /home/G1nxx/Projects/IGI/353502_BURCHUCK_5/IGI/LR5/Parking/auto_car/views.py changed, reloading.
INFO 2025-05-13 05:22:37,323 autoreload Watching for file changes with StatReloader
INFO 2025-05-13 05:22:41,095 autoreload /home/G1nxx/Projects/IGI/353502_BURCHUCK_5/IGI/LR5/Parking/auto_car/views.py changed, reloading.
INFO 2025-05-13 05:22:41,914 autoreload Watching for file changes with StatReloader
INFO 2025-05-13 05:22:47,585 autoreload /home/G1nxx/Projects/IGI/353502_BURCHUCK_5/IGI/LR5/Parking/auto_car/views.py changed, reloading.
INFO 2025-05-13 05:22:48,566 autoreload Watching for file changes with StatReloader
INFO 2025-05-13 05:22:50,254 autoreload /home/G1nxx/Projects/IGI/353502_BURCHUCK_5/IGI/LR5/Parking/auto_car/views.py changed, reloading.
INFO 2025-05-13 05:22:51,092 autoreload Watching for file changes with StatReloader
INFO 2025-05-13 05:22:52,789 autoreload /home/G1nxx/Projects/IGI/353502_BURCHUCK_5/IGI/LR5/Parking/auto_car/views.py changed, reloading.
INFO 2025-05-13 05:22:53,794 autoreload Watching for file changes with StatReloader
INFO 2025-05-13 05:22:57,550 autoreload /home/G1nxx/Projects/IGI/353502_BURCHUCK_5/IGI/LR5/Parking/auto_car/usecase/company.py changed, reloading.
INFO 2025-05-13 05:22:58,504 autoreload Watching for file changes with StatReloader
INFO 2025-05-13 05:23:03,037 autoreload /home/G1nxx/Projects/IGI/353502_BURCHUCK_5/IGI/LR5/Parking/auto_car/usecase/company.py changed, reloading.
INFO 2025-05-13 05:23:04,074 autoreload Watching for file changes with StatReloader
INFO 2025-05-13 05:23:06,398 autoreload /home/G1nxx/Projects/IGI/353502_BURCHUCK_5/IGI/LR5/Parking/auto_car/usecase/company.py changed, reloading.
INFO 2025-05-13 05:23:07,659 autoreload Watching for file changes with StatReloader
INFO 2025-05-13 05:23:10,100 autoreload /home/G1nxx/Projects/IGI/353502_BURCHUCK_5/IGI/LR5/Parking/auto_car/usecase/company.py changed, reloading.
INFO 2025-05-13 05:23:11,012 autoreload Watching for file changes with StatReloader
INFO 2025-05-13 05:23:12,454 autoreload /home/G1nxx/Projects/IGI/353502_BURCHUCK_5/IGI/LR5/Parking/auto_car/usecase/company.py changed, reloading.
INFO 2025-05-13 05:23:13,572 autoreload Watching for file changes with StatReloader
INFO 2025-05-13 05:23:18,935 autoreload /home/G1nxx/Projects/IGI/353502_BURCHUCK_5/IGI/LR5/Parking/auto_car/usecase/company.py changed, reloading.
INFO 2025-05-13 05:23:19,775 autoreload Watching for file changes with StatReloader
INFO 2025-05-13 05:23:21,402 autoreload /home/G1nxx/Projects/IGI/353502_BURCHUCK_5/IGI/LR5/Parking/auto_car/usecase/company.py changed, reloading.
INFO 2025-05-13 05:23:22,242 autoreload Watching for file changes with StatReloader
INFO 2025-05-13 05:23:27,028 autoreload /home/G1nxx/Projects/IGI/353502_BURCHUCK_5/IGI/LR5/Parking/auto_car/usecase/company.py changed, reloading.
INFO 2025-05-13 05:23:27,961 autoreload Watching for file changes with StatReloader
INFO 2025-05-13 05:23:34,689 autoreload /home/G1nxx/Projects/IGI/353502_BURCHUCK_5/IGI/LR5/Parking/auto_car/repository/company.py changed, reloading.
INFO 2025-05-13 05:23:35,648 autoreload Watching for file changes with StatReloader
INFO 2025-05-13 05:23:37,333 autoreload /home/G1nxx/Projects/IGI/353502_BURCHUCK_5/IGI/LR5/Parking/auto_car/repository/company.py changed, reloading.
INFO 2025-05-13 05:23:38,121 autoreload Watching for file changes with StatReloader
INFO 2025-05-13 05:23:41,436 autoreload /home/G1nxx/Projects/IGI/353502_BURCHUCK_5/IGI/LR5/Parking/auto_car/repository/company.py changed, reloading.
INFO 2025-05-13 05:23:42,152 autoreload Watching for file changes with StatReloader
INFO 2025-05-13 05:23:47,698 autoreload /home/G1nxx/Projects/IGI/353502_BURCHUCK_5/IGI/LR5/Parking/auto_car/repository/company.py changed, reloading.
INFO 2025-05-13 05:23:48,564 autoreload Watching for file changes with StatReloader
INFO 2025-05-13 05:23:52,309 autoreload /home/G1nxx/Projects/IGI/353502_BURCHUCK_5/IGI/LR5/Parking/auto_car/repository/company.py changed, reloading.
INFO 2025-05-13 05:23:53,228 autoreload Watching for file changes with StatReloader
INFO 2025-05-13 05:23:57,776 autoreload /home/G1nxx/Projects/IGI/353502_BURCHUCK_5/IGI/LR5/Parking/auto_car/repository/company.py changed, reloading.
INFO 2025-05-13 05:23:58,806 autoreload Watching for file changes with StatReloader
INFO 2025-05-13 05:24:06,505 autoreload /home/G1nxx/Projects/IGI/353502_BURCHUCK_5/IGI/LR5/Parking/auto_car/repository/company.py changed, reloading.
INFO 2025-05-13 05:24:07,427 autoreload Watching for file changes with StatReloader
INFO 2025-05-13 05:24:09,871 autoreload /home/G1nxx/Projects/IGI/353502_BURCHUCK_5/IGI/LR5/Parking/auto_car/repository/company.py changed, reloading.
INFO 2025-05-13 05:24:10,676 autoreload Watching for file changes with StatReloader
INFO 2025-05-13 05:24:14,346 autoreload /home/G1nxx/Projects/IGI/353502_BURCHUCK_5/IGI/LR5/Parking/auto_car/repository/company.py changed, reloading.
INFO 2025-05-13 05:24:15,317 autoreload Watching for file changes with StatReloader
INFO 2025-05-13 05:24:16,968 autoreload /home/G1nxx/Projects/IGI/353502_BURCHUCK_5/IGI/LR5/Parking/auto_car/repository/company.py changed, reloading.
INFO 2025-05-13 05:24:17,762 autoreload Watching for file changes with StatReloader
INFO 2025-05-13 05:24:22,378 autoreload /home/G1nxx/Projects/IGI/353502_BURCHUCK_5/IGI/LR5/Parking/auto_car/repository/company.py changed, reloading.
INFO 2025-05-13 05:24:23,236 autoreload Watching for file changes with StatReloader
INFO 2025-05-13 05:24:24,522 autoreload /home/G1nxx/Projects/IGI/353502_BURCHUCK_5/IGI/LR5/Parking/auto_car/repository/company.py changed, reloading.
INFO 2025-05-13 05:24:25,463 autoreload Watching for file changes with StatReloader
INFO 2025-05-13 05:24:27,013 autoreload /home/G1nxx/Projects/IGI/353502_BURCHUCK_5/IGI/LR5/Parking/auto_car/repository/company.py changed, reloading.
INFO 2025-05-13 05:24:28,023 autoreload Watching for file changes with StatReloader
INFO 2025-05-13 05:24:29,286 autoreload /home/G1nxx/Projects/IGI/353502_BURCHUCK_5/IGI/LR5/Parking/auto_car/repository/company.py changed, reloading.
INFO 2025-05-13 05:24:30,085 autoreload Watching for file changes with StatReloader
INFO 2025-05-13 05:24:35,855 autoreload /home/G1nxx/Projects/IGI/353502_BURCHUCK_5/IGI/LR5/Parking/auto_car/repository/company.py changed, reloading.
INFO 2025-05-13 05:24:36,700 autoreload Watching for file changes with StatReloader
INFO 2025-05-13 05:24:42,388 autoreload /home/G1nxx/Projects/IGI/353502_BURCHUCK_5/IGI/LR5/Parking/auto_car/repository/company.py changed, reloading.
INFO 2025-05-13 05:24:43,244 autoreload Watching for file changes with StatReloader
INFO 2025-05-13 05:24:44,564 autoreload /home/G1nxx/Projects/IGI/353502_BURCHUCK_5/IGI/LR5/Parking/auto_car/repository/company.py changed, reloading.
INFO 2025-05-13 05:24:45,357 autoreload Watching for file changes with StatReloader
INFO 2025-05-13 05:24:47,708 autoreload /home/G1nxx/Projects/IGI/353502_BURCHUCK_5/IGI/LR5/Parking/auto_car/repository/company.py changed, reloading.
INFO 2025-05-13 05:24:48,506 autoreload Watching for file changes with StatReloader
INFO 2025-05-13 05:24:50,157 autoreload /home/G1nxx/Projects/IGI/353502_BURCHUCK_5/IGI/LR5/Parking/auto_car/repository/company.py changed, reloading.
INFO 2025-05-13 05:24:50,991 autoreload Watching for file changes with StatReloader
INFO 2025-05-13 05:25:02,719 autoreload /home/G1nxx/Projects/IGI/353502_BURCHUCK_5/IGI/LR5/Parking/auto_car/repository/company.py changed, reloading.
INFO 2025-05-13 05:25:03,601 autoreload Watching for file changes with StatReloader
INFO 2025-05-13 05:25:04,966 autoreload /home/G1nxx/Projects/IGI/353502_BURCHUCK_5/IGI/LR5/Parking/auto_car/repository/company.py changed, reloading.
INFO 2025-05-13 05:25:05,851 autoreload Watching for file changes with StatReloader
INFO 2025-05-13 05:25:15,729 autoreload /home/G1nxx/Projects/IGI/353502_BURCHUCK_5/IGI/LR5/Parking/auto_car/repository/company.py changed, reloading.
INFO 2025-05-13 05:25:16,931 autoreload Watching for file changes with StatReloader
INFO 2025-05-13 05:25:19,255 autoreload /home/G1nxx/Projects/IGI/353502_BURCHUCK_5/IGI/LR5/Parking/auto_car/repository/company.py changed, reloading.
INFO 2025-05-13 05:25:20,183 autoreload Watching for file changes with StatReloader
INFO 2025-05-13 05:25:24,844 autoreload /home/G1nxx/Projects/IGI/353502_BURCHUCK_5/IGI/LR5/Parking/auto_car/repository/company.py changed, reloading.
INFO 2025-05-13 05:25:25,681 autoreload Watching for file changes with StatReloader
INFO 2025-05-13 05:25:28,257 autoreload /home/G1nxx/Projects/IGI/353502_BURCHUCK_5/IGI/LR5/Parking/auto_car/repository/company.py changed, reloading.
INFO 2025-05-13 05:25:29,288 autoreload Watching for file changes with StatReloader
INFO 2025-05-13 05:25:31,844 autoreload /home/G1nxx/Projects/IGI/353502_BURCHUCK_5/IGI/LR5/Parking/auto_car/repository/company.py changed, reloading.
INFO 2025-05-13 05:25:32,792 autoreload Watching for file changes with StatReloader
INFO 2025-05-13 05:25:40,174 autoreload /home/G1nxx/Projects/IGI/353502_BURCHUCK_5/IGI/LR5/Parking/auto_car/repository/company.py changed, reloading.
INFO 2025-05-13 05:25:41,105 autoreload Watching for file changes with StatReloader
INFO 2025-05-13 05:25:47,492 autoreload /home/G1nxx/Projects/IGI/353502_BURCHUCK_5/IGI/LR5/Parking/auto_car/repository/company.py changed, reloading.
INFO 2025-05-13 05:25:48,821 autoreload Watching for file changes with StatReloader
INFO 2025-05-13 05:26:16,856 autoreload /home/G1nxx/Projects/IGI/353502_BURCHUCK_5/IGI/LR5/Parking/auto_car/models.py changed, reloading.
INFO 2025-05-13 05:26:17,689 autoreload Watching for file changes with StatReloader
INFO 2025-05-13 05:26:19,176 autoreload /home/G1nxx/Projects/IGI/353502_BURCHUCK_5/IGI/LR5/Parking/auto_car/models.py changed, reloading.
INFO 2025-05-13 05:26:20,006 autoreload Watching for file changes with StatReloader
INFO 2025-05-13 05:26:25,229 autoreload /home/G1nxx/Projects/IGI/353502_BURCHUCK_5/IGI/LR5/Parking/auto_car/models.py changed, reloading.
INFO 2025-05-13 05:26:26,003 autoreload Watching for file changes with StatReloader
INFO 2025-05-13 05:26:30,250 autoreload /home/G1nxx/Projects/IGI/353502_BURCHUCK_5/IGI/LR5/Parking/auto_car/models.py changed, reloading.
INFO 2025-05-13 05:26:31,122 autoreload Watching for file changes with StatReloader
INFO 2025-05-13 05:26:44,498 autoreload /home/G1nxx/Projects/IGI/353502_BURCHUCK_5/IGI/LR5/Parking/auto_car/models.py changed, reloading.
INFO 2025-05-13 05:26:45,221 autoreload Watching for file changes with StatReloader
INFO 2025-05-13 05:26:51,529 autoreload /home/G1nxx/Projects/IGI/353502_BURCHUCK_5/IGI/LR5/Parking/auto_car/models.py changed, reloading.
INFO 2025-05-13 05:26:52,432 autoreload Watching for file changes with StatReloader
INFO 2025-05-13 05:27:04,044 autoreload /home/G1nxx/Projects/IGI/353502_BURCHUCK_5/IGI/LR5/Parking/auto_car/repository/company.py changed, reloading.
INFO 2025-05-13 05:27:05,031 autoreload Watching for file changes with StatReloader
INFO 2025-05-13 05:27:07,752 autoreload /home/G1nxx/Projects/IGI/353502_BURCHUCK_5/IGI/LR5/Parking/auto_car/repository/company.py changed, reloading.
INFO 2025-05-13 05:27:08,704 autoreload Watching for file changes with StatReloader
INFO 2025-05-13 05:27:38,317 autoreload /home/G1nxx/Projects/IGI/353502_BURCHUCK_5/IGI/LR5/Parking/auto_car/repository/company.py changed, reloading.
INFO 2025-05-13 05:27:39,339 autoreload Watching for file changes with StatReloader
INFO 2025-05-13 05:28:22,568 autoreload /home/G1nxx/Projects/IGI/353502_BURCHUCK_5/IGI/LR5/Parking/auto_car/models.py changed, reloading.
INFO 2025-05-13 05:28:23,484 autoreload Watching for file changes with StatReloader
INFO 2025-05-13 05:28:24,699 autoreload /home/G1nxx/Projects/IGI/353502_BURCHUCK_5/IGI/LR5/Parking/auto_car/models.py changed, reloading.
INFO 2025-05-13 05:28:25,643 autoreload Watching for file changes with StatReloader
INFO 2025-05-13 05:29:41,247 autoreload /home/G1nxx/Projects/IGI/353502_BURCHUCK_5/IGI/LR5/Parking/auto_car/models.py changed, reloading.
INFO 2025-05-13 05:29:42,127 autoreload Watching for file changes with StatReloader
INFO 2025-05-13 05:30:08,004 autoreload /home/G1nxx/Projects/IGI/353502_BURCHUCK_5/IGI/LR5/Parking/auto_car/models.py changed, reloading.
INFO 2025-05-13 05:30:08,661 autoreload Watching for file changes with StatReloader
INFO 2025-05-13 05:30:19,136 autoreload /home/G1nxx/Projects/IGI/353502_BURCHUCK_5/IGI/LR5/Parking/auto_car/models.py changed, reloading.
INFO 2025-05-13 05:30:19,862 autoreload Watching for file changes with StatReloader
INFO 2025-05-13 05:30:24,059 autoreload /home/G1nxx/Projects/IGI/353502_BURCHUCK_5/IGI/LR5/Parking/auto_car/models.py changed, reloading.
INFO 2025-05-13 05:30:24,981 autoreload Watching for file changes with StatReloader
INFO 2025-05-13 05:30:41,853 autoreload /home/G1nxx/Projects/IGI/353502_BURCHUCK_5/IGI/LR5/Parking/auto_car/models.py changed, reloading.
INFO 2025-05-13 05:30:42,722 autoreload Watching for file changes with StatReloader
INFO 2025-05-13 05:31:52,136 autoreload /home/G1nxx/Projects/IGI/353502_BURCHUCK_5/IGI/LR5/Parking/auto_car/models.py changed, reloading.
INFO 2025-05-13 05:31:52,990 autoreload Watching for file changes with StatReloader
INFO 2025-05-13 05:32:00,529 autoreload /home/G1nxx/Projects/IGI/353502_BURCHUCK_5/IGI/LR5/Parking/auto_car/models.py changed, reloading.
INFO 2025-05-13 05:32:01,510 autoreload Watching for file changes with StatReloader
INFO 2025-05-13 05:32:05,768 autoreload /home/G1nxx/Projects/IGI/353502_BURCHUCK_5/IGI/LR5/Parking/auto_car/models.py changed, reloading.
INFO 2025-05-13 05:32:06,732 autoreload Watching for file changes with StatReloader
INFO 2025-05-13 05:32:30,617 autoreload /home/G1nxx/Projects/IGI/353502_BURCHUCK_5/IGI/LR5/Parking/auto_car/models.py changed, reloading.
INFO 2025-05-13 05:32:31,512 autoreload Watching for file changes with StatReloader
INFO 2025-05-13 05:41:19,658 autoreload Watching for file changes with StatReloader
WARNING 2025-05-13 05:41:21,382 log Not Found: /client_dashboard/park_car/park/1/
WARNING 2025-05-13 05:41:21,383 basehttp "POST /client_dashboard/park_car/park/1/ HTTP/1.1" 404 6547
INFO 2025-05-13 05:45:29,234 autoreload /home/G1nxx/Projects/IGI/353502_BURCHUCK_5/IGI/LR5/Parking/auto_car/urls.py changed, reloading.
INFO 2025-05-13 05:45:30,355 autoreload Watching for file changes with StatReloader
INFO 2025-05-13 05:46:35,905 autoreload /home/G1nxx/Projects/IGI/353502_BURCHUCK_5/IGI/LR5/Parking/auto_car/urls.py changed, reloading.
INFO 2025-05-13 05:46:36,836 autoreload Watching for file changes with StatReloader
INFO 2025-05-13 16:44:47,099 autoreload Watching for file changes with StatReloader
WARNING 2025-05-13 16:44:48,967 log Not Found: /client_dashboard/park_car/park/1/
WARNING 2025-05-13 16:44:48,968 basehttp "GET /client_dashboard/park_car/park/1/ HTTP/1.1" 404 6546
WARNING 2025-05-13 16:44:48,999 log Not Found: /favicon.ico
INFO 2025-05-13 16:45:02,270 autoreload /home/G1nxx/Projects/IGI/353502_BURCHUCK_5/IGI/LR5/Parking/auto_car/urls.py changed, reloading.
INFO 2025-05-13 16:45:02,471 autoreload Watching for file changes with StatReloader
INFO 2025-05-13 16:45:07,576 autoreload /home/G1nxx/Projects/IGI/353502_BURCHUCK_5/IGI/LR5/Parking/auto_car/urls.py changed, reloading.
INFO 2025-05-13 16:45:07,780 autoreload Watching for file changes with StatReloader
WARNING 2025-05-13 16:45:08,190 log Not Found: /client_dashboard/park_car/park/1/
WARNING 2025-05-13 16:45:08,191 basehttp "GET /client_dashboard/park_car/park/1/ HTTP/1.1" 404 6546
WARNING 2025-05-13 16:45:09,312 log Not Found: /client_dashboard/park_car/park/1/
WARNING 2025-05-13 16:45:09,312 basehttp "GET /client_dashboard/park_car/park/1/ HTTP/1.1" 404 6546
WARNING 2025-05-13 16:45:10,205 log Not Found: /client_dashboard/park_car/park/1/
WARNING 2025-05-13 16:45:10,205 basehttp "GET /client_dashboard/park_car/park/1/ HTTP/1.1" 404 6546
WARNING 2025-05-13 16:45:10,882 log Not Found: /client_dashboard/park_car/park/1/
WARNING 2025-05-13 16:45:12,317 log Not Found: /client_dashboard/park_car/park/1/
WARNING 2025-05-13 16:45:12,317 basehttp "POST /client_dashboard/park_car/park/1/ HTTP/1.1" 404 6547
INFO 2025-05-13 16:45:18,905 autoreload /home/G1nxx/Projects/IGI/353502_BURCHUCK_5/IGI/LR5/Parking/auto_car/urls.py changed, reloading.
INFO 2025-05-13 16:45:19,106 autoreload Watching for file changes with StatReloader
WARNING 2025-05-13 16:45:25,334 log Not Found: /client_dashboard/park_car/park/1/
WARNING 2025-05-13 16:45:25,334 basehttp "POST /client_dashboard/park_car/park/1/ HTTP/1.1" 404 6547
WARNING 2025-05-13 16:46:05,012 log Not Found: /client_dashboard/park_car/park/1/
WARNING 2025-05-13 16:46:05,012 basehttp "GET /client_dashboard/park_car/park/1/ HTTP/1.1" 404 6546
WARNING 2025-05-13 16:46:06,010 log Not Found: /client_dashboard/park_car/park/1/
WARNING 2025-05-13 16:46:06,010 basehttp "GET /client_dashboard/park_car/park/1/ HTTP/1.1" 404 6546
WARNING 2025-05-13 16:46:07,416 log Not Found: /client_dashboard/park_car/park/1/
WARNING 2025-05-13 16:46:07,416 basehttp "GET /client_dashboard/park_car/park/1/ HTTP/1.1" 404 6546
WARNING 2025-05-13 16:46:10,809 log Not Found: /client_dashboard/park_car/park/1/
WARNING 2025-05-13 16:46:10,810 basehttp "GET /client_dashboard/park_car/park/1/ HTTP/1.1" 404 6546
WARNING 2025-05-13 16:46:11,504 log Not Found: /client_dashboard/park_car/park/1/
WARNING 2025-05-13 16:46:11,504 basehttp "GET /client_dashboard/park_car/park/1/ HTTP/1.1" 404 6546
INFO 2025-05-13 16:46:15,513 basehttp "GET /client_dashboard/ HTTP/1.1" 200 2931
ERROR 2025-05-13 16:46:16,826 log Internal Server Error: /client_dashboard/park_car/1/
Traceback (most recent call last):
  File "/home/G1nxx/Projects/IGI/353502_BURCHUCK_5/IGI/LR5/Parking/p_env/lib/python3.13/site-packages/django/core/handlers/exception.py", line 55, in inner
    response = get_response(request)
  File "/home/G1nxx/Projects/IGI/353502_BURCHUCK_5/IGI/LR5/Parking/p_env/lib/python3.13/site-packages/django/core/handlers/base.py", line 197, in _get_response
    response = wrapped_callback(request, *callback_args, **callback_kwargs)
  File "/home/G1nxx/Projects/IGI/353502_BURCHUCK_5/IGI/LR5/Parking/auto_car/views.py", line 137, in park_car
    return render(request, 'auto_car/park_car.html', context)
  File "/home/G1nxx/Projects/IGI/353502_BURCHUCK_5/IGI/LR5/Parking/p_env/lib/python3.13/site-packages/django/shortcuts.py", line 25, in render
    content = loader.render_to_string(template_name, context, request, using=using)
  File "/home/G1nxx/Projects/IGI/353502_BURCHUCK_5/IGI/LR5/Parking/p_env/lib/python3.13/site-packages/django/template/loader.py", line 62, in render_to_string
    return template.render(context, request)
           ~~~~~~~~~~~~~~~^^^^^^^^^^^^^^^^^^
  File "/home/G1nxx/Projects/IGI/353502_BURCHUCK_5/IGI/LR5/Parking/p_env/lib/python3.13/site-packages/django/template/backends/django.py", line 107, in render
    return self.template.render(context)
           ~~~~~~~~~~~~~~~~~~~~^^^^^^^^^
  File "/home/G1nxx/Projects/IGI/353502_BURCHUCK_5/IGI/LR5/Parking/p_env/lib/python3.13/site-packages/django/template/base.py", line 171, in render
    return self._render(context)
           ~~~~~~~~~~~~^^^^^^^^^
  File "/home/G1nxx/Projects/IGI/353502_BURCHUCK_5/IGI/LR5/Parking/p_env/lib/python3.13/site-packages/django/template/base.py", line 163, in _render
    return self.nodelist.render(context)
           ~~~~~~~~~~~~~~~~~~~~^^^^^^^^^
  File "/home/G1nxx/Projects/IGI/353502_BURCHUCK_5/IGI/LR5/Parking/p_env/lib/python3.13/site-packages/django/template/base.py", line 1016, in render
    return SafeString("".join([node.render_annotated(context) for node in self]))
                               ~~~~~~~~~~~~~~~~~~~~~^^^^^^^^^
  File "/home/G1nxx/Projects/IGI/353502_BURCHUCK_5/IGI/LR5/Parking/p_env/lib/python3.13/site-packages/django/template/base.py", line 977, in render_annotated
    return self.render(context)
           ~~~~~~~~~~~^^^^^^^^^
  File "/home/G1nxx/Projects/IGI/353502_BURCHUCK_5/IGI/LR5/Parking/p_env/lib/python3.13/site-packages/django/template/loader_tags.py", line 159, in render
    return compiled_parent._render(context)
           ~~~~~~~~~~~~~~~~~~~~~~~^^^^^^^^^
  File "/home/G1nxx/Projects/IGI/353502_BURCHUCK_5/IGI/LR5/Parking/p_env/lib/python3.13/site-packages/django/template/base.py", line 163, in _render
    return self.nodelist.render(context)
           ~~~~~~~~~~~~~~~~~~~~^^^^^^^^^
  File "/home/G1nxx/Projects/IGI/353502_BURCHUCK_5/IGI/LR5/Parking/p_env/lib/python3.13/site-packages/django/template/base.py", line 1016, in render
    return SafeString("".join([node.render_annotated(context) for node in self]))
                               ~~~~~~~~~~~~~~~~~~~~~^^^^^^^^^
  File "/home/G1nxx/Projects/IGI/353502_BURCHUCK_5/IGI/LR5/Parking/p_env/lib/python3.13/site-packages/django/template/base.py", line 977, in render_annotated
    return self.render(context)
           ~~~~~~~~~~~^^^^^^^^^
  File "/home/G1nxx/Projects/IGI/353502_BURCHUCK_5/IGI/LR5/Parking/p_env/lib/python3.13/site-packages/django/template/loader_tags.py", line 65, in render
    result = block.nodelist.render(context)
  File "/home/G1nxx/Projects/IGI/353502_BURCHUCK_5/IGI/LR5/Parking/p_env/lib/python3.13/site-packages/django/template/base.py", line 1016, in render
    return SafeString("".join([node.render_annotated(context) for node in self]))
                               ~~~~~~~~~~~~~~~~~~~~~^^^^^^^^^
  File "/home/G1nxx/Projects/IGI/353502_BURCHUCK_5/IGI/LR5/Parking/p_env/lib/python3.13/site-packages/django/template/base.py", line 977, in render_annotated
    return self.render(context)
           ~~~~~~~~~~~^^^^^^^^^
  File "/home/G1nxx/Projects/IGI/353502_BURCHUCK_5/IGI/LR5/Parking/p_env/lib/python3.13/site-packages/django/template/defaulttags.py", line 243, in render
    nodelist.append(node.render_annotated(context))
                    ~~~~~~~~~~~~~~~~~~~~~^^^^^^^^^
  File "/home/G1nxx/Projects/IGI/353502_BURCHUCK_5/IGI/LR5/Parking/p_env/lib/python3.13/site-packages/django/template/base.py", line 977, in render_annotated
    return self.render(context)
           ~~~~~~~~~~~^^^^^^^^^
  File "/home/G1nxx/Projects/IGI/353502_BURCHUCK_5/IGI/LR5/Parking/p_env/lib/python3.13/site-packages/django/template/defaulttags.py", line 480, in render
    url = reverse(view_name, args=args, kwargs=kwargs, current_app=current_app)
  File "/home/G1nxx/Projects/IGI/353502_BURCHUCK_5/IGI/LR5/Parking/p_env/lib/python3.13/site-packages/django/urls/base.py", line 98, in reverse
    resolved_url = resolver._reverse_with_prefix(view, prefix, *args, **kwargs)
  File "/home/G1nxx/Projects/IGI/353502_BURCHUCK_5/IGI/LR5/Parking/p_env/lib/python3.13/site-packages/django/urls/resolvers.py", line 831, in _reverse_with_prefix
    raise NoReverseMatch(msg)
django.urls.exceptions.NoReverseMatch: Reverse for 'client_dashboard/park_car/park' with arguments '('A01', 1)' not found. 1 pattern(s) tried: ['client_dashboard/park_car/park/(?P<parking_id>[0-9]+)/(?P<car_id>[0-9]+)/\\Z']
ERROR 2025-05-13 16:46:16,829 basehttp "POST /client_dashboard/park_car/1/ HTTP/1.1" 500 196088
ERROR 2025-05-13 16:46:48,787 log Internal Server Error: /client_dashboard/park_car/1/
Traceback (most recent call last):
  File "/home/G1nxx/Projects/IGI/353502_BURCHUCK_5/IGI/LR5/Parking/p_env/lib/python3.13/site-packages/django/core/handlers/exception.py", line 55, in inner
    response = get_response(request)
  File "/home/G1nxx/Projects/IGI/353502_BURCHUCK_5/IGI/LR5/Parking/p_env/lib/python3.13/site-packages/django/core/handlers/base.py", line 197, in _get_response
    response = wrapped_callback(request, *callback_args, **callback_kwargs)
  File "/home/G1nxx/Projects/IGI/353502_BURCHUCK_5/IGI/LR5/Parking/auto_car/views.py", line 137, in park_car
    return render(request, 'auto_car/park_car.html', context)
  File "/home/G1nxx/Projects/IGI/353502_BURCHUCK_5/IGI/LR5/Parking/p_env/lib/python3.13/site-packages/django/shortcuts.py", line 25, in render
    content = loader.render_to_string(template_name, context, request, using=using)
  File "/home/G1nxx/Projects/IGI/353502_BURCHUCK_5/IGI/LR5/Parking/p_env/lib/python3.13/site-packages/django/template/loader.py", line 62, in render_to_string
    return template.render(context, request)
           ~~~~~~~~~~~~~~~^^^^^^^^^^^^^^^^^^
  File "/home/G1nxx/Projects/IGI/353502_BURCHUCK_5/IGI/LR5/Parking/p_env/lib/python3.13/site-packages/django/template/backends/django.py", line 107, in render
    return self.template.render(context)
           ~~~~~~~~~~~~~~~~~~~~^^^^^^^^^
  File "/home/G1nxx/Projects/IGI/353502_BURCHUCK_5/IGI/LR5/Parking/p_env/lib/python3.13/site-packages/django/template/base.py", line 171, in render
    return self._render(context)
           ~~~~~~~~~~~~^^^^^^^^^
  File "/home/G1nxx/Projects/IGI/353502_BURCHUCK_5/IGI/LR5/Parking/p_env/lib/python3.13/site-packages/django/template/base.py", line 163, in _render
    return self.nodelist.render(context)
           ~~~~~~~~~~~~~~~~~~~~^^^^^^^^^
  File "/home/G1nxx/Projects/IGI/353502_BURCHUCK_5/IGI/LR5/Parking/p_env/lib/python3.13/site-packages/django/template/base.py", line 1016, in render
    return SafeString("".join([node.render_annotated(context) for node in self]))
                               ~~~~~~~~~~~~~~~~~~~~~^^^^^^^^^
  File "/home/G1nxx/Projects/IGI/353502_BURCHUCK_5/IGI/LR5/Parking/p_env/lib/python3.13/site-packages/django/template/base.py", line 977, in render_annotated
    return self.render(context)
           ~~~~~~~~~~~^^^^^^^^^
  File "/home/G1nxx/Projects/IGI/353502_BURCHUCK_5/IGI/LR5/Parking/p_env/lib/python3.13/site-packages/django/template/loader_tags.py", line 159, in render
    return compiled_parent._render(context)
           ~~~~~~~~~~~~~~~~~~~~~~~^^^^^^^^^
  File "/home/G1nxx/Projects/IGI/353502_BURCHUCK_5/IGI/LR5/Parking/p_env/lib/python3.13/site-packages/django/template/base.py", line 163, in _render
    return self.nodelist.render(context)
           ~~~~~~~~~~~~~~~~~~~~^^^^^^^^^
  File "/home/G1nxx/Projects/IGI/353502_BURCHUCK_5/IGI/LR5/Parking/p_env/lib/python3.13/site-packages/django/template/base.py", line 1016, in render
    return SafeString("".join([node.render_annotated(context) for node in self]))
                               ~~~~~~~~~~~~~~~~~~~~~^^^^^^^^^
  File "/home/G1nxx/Projects/IGI/353502_BURCHUCK_5/IGI/LR5/Parking/p_env/lib/python3.13/site-packages/django/template/base.py", line 977, in render_annotated
    return self.render(context)
           ~~~~~~~~~~~^^^^^^^^^
  File "/home/G1nxx/Projects/IGI/353502_BURCHUCK_5/IGI/LR5/Parking/p_env/lib/python3.13/site-packages/django/template/loader_tags.py", line 65, in render
    result = block.nodelist.render(context)
  File "/home/G1nxx/Projects/IGI/353502_BURCHUCK_5/IGI/LR5/Parking/p_env/lib/python3.13/site-packages/django/template/base.py", line 1016, in render
    return SafeString("".join([node.render_annotated(context) for node in self]))
                               ~~~~~~~~~~~~~~~~~~~~~^^^^^^^^^
  File "/home/G1nxx/Projects/IGI/353502_BURCHUCK_5/IGI/LR5/Parking/p_env/lib/python3.13/site-packages/django/template/base.py", line 977, in render_annotated
    return self.render(context)
           ~~~~~~~~~~~^^^^^^^^^
  File "/home/G1nxx/Projects/IGI/353502_BURCHUCK_5/IGI/LR5/Parking/p_env/lib/python3.13/site-packages/django/template/defaulttags.py", line 243, in render
    nodelist.append(node.render_annotated(context))
                    ~~~~~~~~~~~~~~~~~~~~~^^^^^^^^^
  File "/home/G1nxx/Projects/IGI/353502_BURCHUCK_5/IGI/LR5/Parking/p_env/lib/python3.13/site-packages/django/template/base.py", line 977, in render_annotated
    return self.render(context)
           ~~~~~~~~~~~^^^^^^^^^
  File "/home/G1nxx/Projects/IGI/353502_BURCHUCK_5/IGI/LR5/Parking/p_env/lib/python3.13/site-packages/django/template/defaulttags.py", line 480, in render
    url = reverse(view_name, args=args, kwargs=kwargs, current_app=current_app)
  File "/home/G1nxx/Projects/IGI/353502_BURCHUCK_5/IGI/LR5/Parking/p_env/lib/python3.13/site-packages/django/urls/base.py", line 98, in reverse
    resolved_url = resolver._reverse_with_prefix(view, prefix, *args, **kwargs)
  File "/home/G1nxx/Projects/IGI/353502_BURCHUCK_5/IGI/LR5/Parking/p_env/lib/python3.13/site-packages/django/urls/resolvers.py", line 831, in _reverse_with_prefix
    raise NoReverseMatch(msg)
django.urls.exceptions.NoReverseMatch: Reverse for 'client_dashboard/park_car/park' with arguments '('A01', 1)' not found. 1 pattern(s) tried: ['client_dashboard/park_car/park/(?P<parking_id>[0-9]+)/(?P<car_id>[0-9]+)/\\Z']
ERROR 2025-05-13 16:46:48,788 basehttp "POST /client_dashboard/park_car/1/ HTTP/1.1" 500 196088
ERROR 2025-05-13 16:48:42,626 log Internal Server Error: /client_dashboard/park_car/1/
Traceback (most recent call last):
  File "/home/G1nxx/Projects/IGI/353502_BURCHUCK_5/IGI/LR5/Parking/p_env/lib/python3.13/site-packages/django/core/handlers/exception.py", line 55, in inner
    response = get_response(request)
  File "/home/G1nxx/Projects/IGI/353502_BURCHUCK_5/IGI/LR5/Parking/p_env/lib/python3.13/site-packages/django/core/handlers/base.py", line 197, in _get_response
    response = wrapped_callback(request, *callback_args, **callback_kwargs)
  File "/home/G1nxx/Projects/IGI/353502_BURCHUCK_5/IGI/LR5/Parking/auto_car/views.py", line 137, in park_car
    return render(request, 'auto_car/park_car.html', context)
  File "/home/G1nxx/Projects/IGI/353502_BURCHUCK_5/IGI/LR5/Parking/p_env/lib/python3.13/site-packages/django/shortcuts.py", line 25, in render
    content = loader.render_to_string(template_name, context, request, using=using)
  File "/home/G1nxx/Projects/IGI/353502_BURCHUCK_5/IGI/LR5/Parking/p_env/lib/python3.13/site-packages/django/template/loader.py", line 61, in render_to_string
    template = get_template(template_name, using=using)
  File "/home/G1nxx/Projects/IGI/353502_BURCHUCK_5/IGI/LR5/Parking/p_env/lib/python3.13/site-packages/django/template/loader.py", line 15, in get_template
    return engine.get_template(template_name)
           ~~~~~~~~~~~~~~~~~~~^^^^^^^^^^^^^^^
  File "/home/G1nxx/Projects/IGI/353502_BURCHUCK_5/IGI/LR5/Parking/p_env/lib/python3.13/site-packages/django/template/backends/django.py", line 79, in get_template
    return Template(self.engine.get_template(template_name), self)
                    ~~~~~~~~~~~~~~~~~~~~~~~~^^^^^^^^^^^^^^^
  File "/home/G1nxx/Projects/IGI/353502_BURCHUCK_5/IGI/LR5/Parking/p_env/lib/python3.13/site-packages/django/template/engine.py", line 177, in get_template
    template, origin = self.find_template(template_name)
                       ~~~~~~~~~~~~~~~~~~^^^^^^^^^^^^^^^
  File "/home/G1nxx/Projects/IGI/353502_BURCHUCK_5/IGI/LR5/Parking/p_env/lib/python3.13/site-packages/django/template/engine.py", line 159, in find_template
    template = loader.get_template(name, skip=skip)
  File "/home/G1nxx/Projects/IGI/353502_BURCHUCK_5/IGI/LR5/Parking/p_env/lib/python3.13/site-packages/django/template/loaders/cached.py", line 57, in get_template
    template = super().get_template(template_name, skip)
  File "/home/G1nxx/Projects/IGI/353502_BURCHUCK_5/IGI/LR5/Parking/p_env/lib/python3.13/site-packages/django/template/loaders/base.py", line 28, in get_template
    return Template(
        contents,
    ...<2 lines>...
        self.engine,
    )
  File "/home/G1nxx/Projects/IGI/353502_BURCHUCK_5/IGI/LR5/Parking/p_env/lib/python3.13/site-packages/django/template/base.py", line 154, in __init__
    self.nodelist = self.compile_nodelist()
                    ~~~~~~~~~~~~~~~~~~~~~^^
  File "/home/G1nxx/Projects/IGI/353502_BURCHUCK_5/IGI/LR5/Parking/p_env/lib/python3.13/site-packages/django/template/base.py", line 196, in compile_nodelist
    nodelist = parser.parse()
  File "/home/G1nxx/Projects/IGI/353502_BURCHUCK_5/IGI/LR5/Parking/p_env/lib/python3.13/site-packages/django/template/base.py", line 518, in parse
    raise self.error(token, e)
  File "/home/G1nxx/Projects/IGI/353502_BURCHUCK_5/IGI/LR5/Parking/p_env/lib/python3.13/site-packages/django/template/base.py", line 516, in parse
    compiled_result = compile_func(self, token)
  File "/home/G1nxx/Projects/IGI/353502_BURCHUCK_5/IGI/LR5/Parking/p_env/lib/python3.13/site-packages/django/template/loader_tags.py", line 299, in do_extends
    nodelist = parser.parse()
  File "/home/G1nxx/Projects/IGI/353502_BURCHUCK_5/IGI/LR5/Parking/p_env/lib/python3.13/site-packages/django/template/base.py", line 518, in parse
    raise self.error(token, e)
  File "/home/G1nxx/Projects/IGI/353502_BURCHUCK_5/IGI/LR5/Parking/p_env/lib/python3.13/site-packages/django/template/base.py", line 516, in parse
    compiled_result = compile_func(self, token)
  File "/home/G1nxx/Projects/IGI/353502_BURCHUCK_5/IGI/LR5/Parking/p_env/lib/python3.13/site-packages/django/template/loader_tags.py", line 234, in do_block
    nodelist = parser.parse(("endblock",))
  File "/home/G1nxx/Projects/IGI/353502_BURCHUCK_5/IGI/LR5/Parking/p_env/lib/python3.13/site-packages/django/template/base.py", line 518, in parse
    raise self.error(token, e)
  File "/home/G1nxx/Projects/IGI/353502_BURCHUCK_5/IGI/LR5/Parking/p_env/lib/python3.13/site-packages/django/template/base.py", line 516, in parse
    compiled_result = compile_func(self, token)
  File "/home/G1nxx/Projects/IGI/353502_BURCHUCK_5/IGI/LR5/Parking/p_env/lib/python3.13/site-packages/django/template/defaulttags.py", line 862, in do_for
    nodelist_loop = parser.parse(
        (
    ...<2 lines>...
        )
    )
  File "/home/G1nxx/Projects/IGI/353502_BURCHUCK_5/IGI/LR5/Parking/p_env/lib/python3.13/site-packages/django/template/base.py", line 518, in parse
    raise self.error(token, e)
  File "/home/G1nxx/Projects/IGI/353502_BURCHUCK_5/IGI/LR5/Parking/p_env/lib/python3.13/site-packages/django/template/base.py", line 516, in parse
    compiled_result = compile_func(self, token)
  File "/home/G1nxx/Projects/IGI/353502_BURCHUCK_5/IGI/LR5/Parking/p_env/lib/python3.13/site-packages/django/template/defaulttags.py", line 1421, in url
    viewname = parser.compile_filter(bits[1])
  File "/home/G1nxx/Projects/IGI/353502_BURCHUCK_5/IGI/LR5/Parking/p_env/lib/python3.13/site-packages/django/template/base.py", line 609, in compile_filter
    return FilterExpression(token, self)
  File "/home/G1nxx/Projects/IGI/353502_BURCHUCK_5/IGI/LR5/Parking/p_env/lib/python3.13/site-packages/django/template/base.py", line 710, in __init__
    raise TemplateSyntaxError(
    ...<2 lines>...
    )
django.template.exceptions.TemplateSyntaxError: Could not parse the remainder: '?parking.number?car_id' from ''auto_car:client_dashboard/park_car/park'?parking.number?car_id'
ERROR 2025-05-13 16:48:42,628 basehttp "POST /client_dashboard/park_car/1/ HTTP/1.1" 500 218056
ERROR 2025-05-13 16:48:47,008 log Internal Server Error: /client_dashboard/park_car/1/
Traceback (most recent call last):
  File "/home/G1nxx/Projects/IGI/353502_BURCHUCK_5/IGI/LR5/Parking/p_env/lib/python3.13/site-packages/django/core/handlers/exception.py", line 55, in inner
    response = get_response(request)
  File "/home/G1nxx/Projects/IGI/353502_BURCHUCK_5/IGI/LR5/Parking/p_env/lib/python3.13/site-packages/django/core/handlers/base.py", line 197, in _get_response
    response = wrapped_callback(request, *callback_args, **callback_kwargs)
  File "/home/G1nxx/Projects/IGI/353502_BURCHUCK_5/IGI/LR5/Parking/auto_car/views.py", line 137, in park_car
    return render(request, 'auto_car/park_car.html', context)
  File "/home/G1nxx/Projects/IGI/353502_BURCHUCK_5/IGI/LR5/Parking/p_env/lib/python3.13/site-packages/django/shortcuts.py", line 25, in render
    content = loader.render_to_string(template_name, context, request, using=using)
  File "/home/G1nxx/Projects/IGI/353502_BURCHUCK_5/IGI/LR5/Parking/p_env/lib/python3.13/site-packages/django/template/loader.py", line 61, in render_to_string
    template = get_template(template_name, using=using)
  File "/home/G1nxx/Projects/IGI/353502_BURCHUCK_5/IGI/LR5/Parking/p_env/lib/python3.13/site-packages/django/template/loader.py", line 15, in get_template
    return engine.get_template(template_name)
           ~~~~~~~~~~~~~~~~~~~^^^^^^^^^^^^^^^
  File "/home/G1nxx/Projects/IGI/353502_BURCHUCK_5/IGI/LR5/Parking/p_env/lib/python3.13/site-packages/django/template/backends/django.py", line 79, in get_template
    return Template(self.engine.get_template(template_name), self)
                    ~~~~~~~~~~~~~~~~~~~~~~~~^^^^^^^^^^^^^^^
  File "/home/G1nxx/Projects/IGI/353502_BURCHUCK_5/IGI/LR5/Parking/p_env/lib/python3.13/site-packages/django/template/engine.py", line 177, in get_template
    template, origin = self.find_template(template_name)
                       ~~~~~~~~~~~~~~~~~~^^^^^^^^^^^^^^^
  File "/home/G1nxx/Projects/IGI/353502_BURCHUCK_5/IGI/LR5/Parking/p_env/lib/python3.13/site-packages/django/template/engine.py", line 159, in find_template
    template = loader.get_template(name, skip=skip)
  File "/home/G1nxx/Projects/IGI/353502_BURCHUCK_5/IGI/LR5/Parking/p_env/lib/python3.13/site-packages/django/template/loaders/cached.py", line 57, in get_template
    template = super().get_template(template_name, skip)
  File "/home/G1nxx/Projects/IGI/353502_BURCHUCK_5/IGI/LR5/Parking/p_env/lib/python3.13/site-packages/django/template/loaders/base.py", line 28, in get_template
    return Template(
        contents,
    ...<2 lines>...
        self.engine,
    )
  File "/home/G1nxx/Projects/IGI/353502_BURCHUCK_5/IGI/LR5/Parking/p_env/lib/python3.13/site-packages/django/template/base.py", line 154, in __init__
    self.nodelist = self.compile_nodelist()
                    ~~~~~~~~~~~~~~~~~~~~~^^
  File "/home/G1nxx/Projects/IGI/353502_BURCHUCK_5/IGI/LR5/Parking/p_env/lib/python3.13/site-packages/django/template/base.py", line 196, in compile_nodelist
    nodelist = parser.parse()
  File "/home/G1nxx/Projects/IGI/353502_BURCHUCK_5/IGI/LR5/Parking/p_env/lib/python3.13/site-packages/django/template/base.py", line 518, in parse
    raise self.error(token, e)
  File "/home/G1nxx/Projects/IGI/353502_BURCHUCK_5/IGI/LR5/Parking/p_env/lib/python3.13/site-packages/django/template/base.py", line 516, in parse
    compiled_result = compile_func(self, token)
  File "/home/G1nxx/Projects/IGI/353502_BURCHUCK_5/IGI/LR5/Parking/p_env/lib/python3.13/site-packages/django/template/loader_tags.py", line 299, in do_extends
    nodelist = parser.parse()
  File "/home/G1nxx/Projects/IGI/353502_BURCHUCK_5/IGI/LR5/Parking/p_env/lib/python3.13/site-packages/django/template/base.py", line 518, in parse
    raise self.error(token, e)
  File "/home/G1nxx/Projects/IGI/353502_BURCHUCK_5/IGI/LR5/Parking/p_env/lib/python3.13/site-packages/django/template/base.py", line 516, in parse
    compiled_result = compile_func(self, token)
  File "/home/G1nxx/Projects/IGI/353502_BURCHUCK_5/IGI/LR5/Parking/p_env/lib/python3.13/site-packages/django/template/loader_tags.py", line 234, in do_block
    nodelist = parser.parse(("endblock",))
  File "/home/G1nxx/Projects/IGI/353502_BURCHUCK_5/IGI/LR5/Parking/p_env/lib/python3.13/site-packages/django/template/base.py", line 518, in parse
    raise self.error(token, e)
  File "/home/G1nxx/Projects/IGI/353502_BURCHUCK_5/IGI/LR5/Parking/p_env/lib/python3.13/site-packages/django/template/base.py", line 516, in parse
    compiled_result = compile_func(self, token)
  File "/home/G1nxx/Projects/IGI/353502_BURCHUCK_5/IGI/LR5/Parking/p_env/lib/python3.13/site-packages/django/template/defaulttags.py", line 862, in do_for
    nodelist_loop = parser.parse(
        (
    ...<2 lines>...
        )
    )
  File "/home/G1nxx/Projects/IGI/353502_BURCHUCK_5/IGI/LR5/Parking/p_env/lib/python3.13/site-packages/django/template/base.py", line 518, in parse
    raise self.error(token, e)
  File "/home/G1nxx/Projects/IGI/353502_BURCHUCK_5/IGI/LR5/Parking/p_env/lib/python3.13/site-packages/django/template/base.py", line 516, in parse
    compiled_result = compile_func(self, token)
  File "/home/G1nxx/Projects/IGI/353502_BURCHUCK_5/IGI/LR5/Parking/p_env/lib/python3.13/site-packages/django/template/defaulttags.py", line 1421, in url
    viewname = parser.compile_filter(bits[1])
  File "/home/G1nxx/Projects/IGI/353502_BURCHUCK_5/IGI/LR5/Parking/p_env/lib/python3.13/site-packages/django/template/base.py", line 609, in compile_filter
    return FilterExpression(token, self)
  File "/home/G1nxx/Projects/IGI/353502_BURCHUCK_5/IGI/LR5/Parking/p_env/lib/python3.13/site-packages/django/template/base.py", line 710, in __init__
    raise TemplateSyntaxError(
    ...<2 lines>...
    )
django.template.exceptions.TemplateSyntaxError: Could not parse the remainder: '?parking.number?car_id' from ''auto_car:client_dashboard/park_car/park'?parking.number?car_id'
ERROR 2025-05-13 16:48:47,010 basehttp "POST /client_dashboard/park_car/1/ HTTP/1.1" 500 218056
ERROR 2025-05-13 16:48:49,172 log Internal Server Error: /client_dashboard/park_car/1/
Traceback (most recent call last):
  File "/home/G1nxx/Projects/IGI/353502_BURCHUCK_5/IGI/LR5/Parking/p_env/lib/python3.13/site-packages/django/core/handlers/exception.py", line 55, in inner
    response = get_response(request)
  File "/home/G1nxx/Projects/IGI/353502_BURCHUCK_5/IGI/LR5/Parking/p_env/lib/python3.13/site-packages/django/core/handlers/base.py", line 197, in _get_response
    response = wrapped_callback(request, *callback_args, **callback_kwargs)
  File "/home/G1nxx/Projects/IGI/353502_BURCHUCK_5/IGI/LR5/Parking/auto_car/views.py", line 137, in park_car
    return render(request, 'auto_car/park_car.html', context)
  File "/home/G1nxx/Projects/IGI/353502_BURCHUCK_5/IGI/LR5/Parking/p_env/lib/python3.13/site-packages/django/shortcuts.py", line 25, in render
    content = loader.render_to_string(template_name, context, request, using=using)
  File "/home/G1nxx/Projects/IGI/353502_BURCHUCK_5/IGI/LR5/Parking/p_env/lib/python3.13/site-packages/django/template/loader.py", line 61, in render_to_string
    template = get_template(template_name, using=using)
  File "/home/G1nxx/Projects/IGI/353502_BURCHUCK_5/IGI/LR5/Parking/p_env/lib/python3.13/site-packages/django/template/loader.py", line 15, in get_template
    return engine.get_template(template_name)
           ~~~~~~~~~~~~~~~~~~~^^^^^^^^^^^^^^^
  File "/home/G1nxx/Projects/IGI/353502_BURCHUCK_5/IGI/LR5/Parking/p_env/lib/python3.13/site-packages/django/template/backends/django.py", line 79, in get_template
    return Template(self.engine.get_template(template_name), self)
                    ~~~~~~~~~~~~~~~~~~~~~~~~^^^^^^^^^^^^^^^
  File "/home/G1nxx/Projects/IGI/353502_BURCHUCK_5/IGI/LR5/Parking/p_env/lib/python3.13/site-packages/django/template/engine.py", line 177, in get_template
    template, origin = self.find_template(template_name)
                       ~~~~~~~~~~~~~~~~~~^^^^^^^^^^^^^^^
  File "/home/G1nxx/Projects/IGI/353502_BURCHUCK_5/IGI/LR5/Parking/p_env/lib/python3.13/site-packages/django/template/engine.py", line 159, in find_template
    template = loader.get_template(name, skip=skip)
  File "/home/G1nxx/Projects/IGI/353502_BURCHUCK_5/IGI/LR5/Parking/p_env/lib/python3.13/site-packages/django/template/loaders/cached.py", line 57, in get_template
    template = super().get_template(template_name, skip)
  File "/home/G1nxx/Projects/IGI/353502_BURCHUCK_5/IGI/LR5/Parking/p_env/lib/python3.13/site-packages/django/template/loaders/base.py", line 28, in get_template
    return Template(
        contents,
    ...<2 lines>...
        self.engine,
    )
  File "/home/G1nxx/Projects/IGI/353502_BURCHUCK_5/IGI/LR5/Parking/p_env/lib/python3.13/site-packages/django/template/base.py", line 154, in __init__
    self.nodelist = self.compile_nodelist()
                    ~~~~~~~~~~~~~~~~~~~~~^^
  File "/home/G1nxx/Projects/IGI/353502_BURCHUCK_5/IGI/LR5/Parking/p_env/lib/python3.13/site-packages/django/template/base.py", line 196, in compile_nodelist
    nodelist = parser.parse()
  File "/home/G1nxx/Projects/IGI/353502_BURCHUCK_5/IGI/LR5/Parking/p_env/lib/python3.13/site-packages/django/template/base.py", line 518, in parse
    raise self.error(token, e)
  File "/home/G1nxx/Projects/IGI/353502_BURCHUCK_5/IGI/LR5/Parking/p_env/lib/python3.13/site-packages/django/template/base.py", line 516, in parse
    compiled_result = compile_func(self, token)
  File "/home/G1nxx/Projects/IGI/353502_BURCHUCK_5/IGI/LR5/Parking/p_env/lib/python3.13/site-packages/django/template/loader_tags.py", line 299, in do_extends
    nodelist = parser.parse()
  File "/home/G1nxx/Projects/IGI/353502_BURCHUCK_5/IGI/LR5/Parking/p_env/lib/python3.13/site-packages/django/template/base.py", line 518, in parse
    raise self.error(token, e)
  File "/home/G1nxx/Projects/IGI/353502_BURCHUCK_5/IGI/LR5/Parking/p_env/lib/python3.13/site-packages/django/template/base.py", line 516, in parse
    compiled_result = compile_func(self, token)
  File "/home/G1nxx/Projects/IGI/353502_BURCHUCK_5/IGI/LR5/Parking/p_env/lib/python3.13/site-packages/django/template/loader_tags.py", line 234, in do_block
    nodelist = parser.parse(("endblock",))
  File "/home/G1nxx/Projects/IGI/353502_BURCHUCK_5/IGI/LR5/Parking/p_env/lib/python3.13/site-packages/django/template/base.py", line 518, in parse
    raise self.error(token, e)
  File "/home/G1nxx/Projects/IGI/353502_BURCHUCK_5/IGI/LR5/Parking/p_env/lib/python3.13/site-packages/django/template/base.py", line 516, in parse
    compiled_result = compile_func(self, token)
  File "/home/G1nxx/Projects/IGI/353502_BURCHUCK_5/IGI/LR5/Parking/p_env/lib/python3.13/site-packages/django/template/defaulttags.py", line 862, in do_for
    nodelist_loop = parser.parse(
        (
    ...<2 lines>...
        )
    )
  File "/home/G1nxx/Projects/IGI/353502_BURCHUCK_5/IGI/LR5/Parking/p_env/lib/python3.13/site-packages/django/template/base.py", line 518, in parse
    raise self.error(token, e)
  File "/home/G1nxx/Projects/IGI/353502_BURCHUCK_5/IGI/LR5/Parking/p_env/lib/python3.13/site-packages/django/template/base.py", line 516, in parse
    compiled_result = compile_func(self, token)
  File "/home/G1nxx/Projects/IGI/353502_BURCHUCK_5/IGI/LR5/Parking/p_env/lib/python3.13/site-packages/django/template/defaulttags.py", line 1421, in url
    viewname = parser.compile_filter(bits[1])
  File "/home/G1nxx/Projects/IGI/353502_BURCHUCK_5/IGI/LR5/Parking/p_env/lib/python3.13/site-packages/django/template/base.py", line 609, in compile_filter
    return FilterExpression(token, self)
  File "/home/G1nxx/Projects/IGI/353502_BURCHUCK_5/IGI/LR5/Parking/p_env/lib/python3.13/site-packages/django/template/base.py", line 710, in __init__
    raise TemplateSyntaxError(
    ...<2 lines>...
    )
django.template.exceptions.TemplateSyntaxError: Could not parse the remainder: '?parking.number?car_id' from ''auto_car:client_dashboard/park_car/park'?parking.number?car_id'
ERROR 2025-05-13 16:48:49,173 basehttp "POST /client_dashboard/park_car/1/ HTTP/1.1" 500 218056
ERROR 2025-05-13 16:48:56,369 log Internal Server Error: /client_dashboard/park_car/1/
Traceback (most recent call last):
  File "/home/G1nxx/Projects/IGI/353502_BURCHUCK_5/IGI/LR5/Parking/p_env/lib/python3.13/site-packages/django/core/handlers/exception.py", line 55, in inner
    response = get_response(request)
  File "/home/G1nxx/Projects/IGI/353502_BURCHUCK_5/IGI/LR5/Parking/p_env/lib/python3.13/site-packages/django/core/handlers/base.py", line 197, in _get_response
    response = wrapped_callback(request, *callback_args, **callback_kwargs)
  File "/home/G1nxx/Projects/IGI/353502_BURCHUCK_5/IGI/LR5/Parking/auto_car/views.py", line 137, in park_car
    return render(request, 'auto_car/park_car.html', context)
  File "/home/G1nxx/Projects/IGI/353502_BURCHUCK_5/IGI/LR5/Parking/p_env/lib/python3.13/site-packages/django/shortcuts.py", line 25, in render
    content = loader.render_to_string(template_name, context, request, using=using)
  File "/home/G1nxx/Projects/IGI/353502_BURCHUCK_5/IGI/LR5/Parking/p_env/lib/python3.13/site-packages/django/template/loader.py", line 61, in render_to_string
    template = get_template(template_name, using=using)
  File "/home/G1nxx/Projects/IGI/353502_BURCHUCK_5/IGI/LR5/Parking/p_env/lib/python3.13/site-packages/django/template/loader.py", line 15, in get_template
    return engine.get_template(template_name)
           ~~~~~~~~~~~~~~~~~~~^^^^^^^^^^^^^^^
  File "/home/G1nxx/Projects/IGI/353502_BURCHUCK_5/IGI/LR5/Parking/p_env/lib/python3.13/site-packages/django/template/backends/django.py", line 79, in get_template
    return Template(self.engine.get_template(template_name), self)
                    ~~~~~~~~~~~~~~~~~~~~~~~~^^^^^^^^^^^^^^^
  File "/home/G1nxx/Projects/IGI/353502_BURCHUCK_5/IGI/LR5/Parking/p_env/lib/python3.13/site-packages/django/template/engine.py", line 177, in get_template
    template, origin = self.find_template(template_name)
                       ~~~~~~~~~~~~~~~~~~^^^^^^^^^^^^^^^
  File "/home/G1nxx/Projects/IGI/353502_BURCHUCK_5/IGI/LR5/Parking/p_env/lib/python3.13/site-packages/django/template/engine.py", line 159, in find_template
    template = loader.get_template(name, skip=skip)
  File "/home/G1nxx/Projects/IGI/353502_BURCHUCK_5/IGI/LR5/Parking/p_env/lib/python3.13/site-packages/django/template/loaders/cached.py", line 57, in get_template
    template = super().get_template(template_name, skip)
  File "/home/G1nxx/Projects/IGI/353502_BURCHUCK_5/IGI/LR5/Parking/p_env/lib/python3.13/site-packages/django/template/loaders/base.py", line 28, in get_template
    return Template(
        contents,
    ...<2 lines>...
        self.engine,
    )
  File "/home/G1nxx/Projects/IGI/353502_BURCHUCK_5/IGI/LR5/Parking/p_env/lib/python3.13/site-packages/django/template/base.py", line 154, in __init__
    self.nodelist = self.compile_nodelist()
                    ~~~~~~~~~~~~~~~~~~~~~^^
  File "/home/G1nxx/Projects/IGI/353502_BURCHUCK_5/IGI/LR5/Parking/p_env/lib/python3.13/site-packages/django/template/base.py", line 196, in compile_nodelist
    nodelist = parser.parse()
  File "/home/G1nxx/Projects/IGI/353502_BURCHUCK_5/IGI/LR5/Parking/p_env/lib/python3.13/site-packages/django/template/base.py", line 518, in parse
    raise self.error(token, e)
  File "/home/G1nxx/Projects/IGI/353502_BURCHUCK_5/IGI/LR5/Parking/p_env/lib/python3.13/site-packages/django/template/base.py", line 516, in parse
    compiled_result = compile_func(self, token)
  File "/home/G1nxx/Projects/IGI/353502_BURCHUCK_5/IGI/LR5/Parking/p_env/lib/python3.13/site-packages/django/template/loader_tags.py", line 299, in do_extends
    nodelist = parser.parse()
  File "/home/G1nxx/Projects/IGI/353502_BURCHUCK_5/IGI/LR5/Parking/p_env/lib/python3.13/site-packages/django/template/base.py", line 518, in parse
    raise self.error(token, e)
  File "/home/G1nxx/Projects/IGI/353502_BURCHUCK_5/IGI/LR5/Parking/p_env/lib/python3.13/site-packages/django/template/base.py", line 516, in parse
    compiled_result = compile_func(self, token)
  File "/home/G1nxx/Projects/IGI/353502_BURCHUCK_5/IGI/LR5/Parking/p_env/lib/python3.13/site-packages/django/template/loader_tags.py", line 234, in do_block
    nodelist = parser.parse(("endblock",))
  File "/home/G1nxx/Projects/IGI/353502_BURCHUCK_5/IGI/LR5/Parking/p_env/lib/python3.13/site-packages/django/template/base.py", line 518, in parse
    raise self.error(token, e)
  File "/home/G1nxx/Projects/IGI/353502_BURCHUCK_5/IGI/LR5/Parking/p_env/lib/python3.13/site-packages/django/template/base.py", line 516, in parse
    compiled_result = compile_func(self, token)
  File "/home/G1nxx/Projects/IGI/353502_BURCHUCK_5/IGI/LR5/Parking/p_env/lib/python3.13/site-packages/django/template/defaulttags.py", line 862, in do_for
    nodelist_loop = parser.parse(
        (
    ...<2 lines>...
        )
    )
  File "/home/G1nxx/Projects/IGI/353502_BURCHUCK_5/IGI/LR5/Parking/p_env/lib/python3.13/site-packages/django/template/base.py", line 518, in parse
    raise self.error(token, e)
  File "/home/G1nxx/Projects/IGI/353502_BURCHUCK_5/IGI/LR5/Parking/p_env/lib/python3.13/site-packages/django/template/base.py", line 516, in parse
    compiled_result = compile_func(self, token)
  File "/home/G1nxx/Projects/IGI/353502_BURCHUCK_5/IGI/LR5/Parking/p_env/lib/python3.13/site-packages/django/template/defaulttags.py", line 1438, in url
    args.append(parser.compile_filter(value))
                ~~~~~~~~~~~~~~~~~~~~~^^^^^^^
  File "/home/G1nxx/Projects/IGI/353502_BURCHUCK_5/IGI/LR5/Parking/p_env/lib/python3.13/site-packages/django/template/base.py", line 609, in compile_filter
    return FilterExpression(token, self)
  File "/home/G1nxx/Projects/IGI/353502_BURCHUCK_5/IGI/LR5/Parking/p_env/lib/python3.13/site-packages/django/template/base.py", line 710, in __init__
    raise TemplateSyntaxError(
    ...<2 lines>...
    )
django.template.exceptions.TemplateSyntaxError: Could not parse the remainder: '?car_id' from 'parking.number?car_id'
ERROR 2025-05-13 16:48:56,371 basehttp "POST /client_dashboard/park_car/1/ HTTP/1.1" 500 218949
INFO 2025-05-13 16:49:01,726 basehttp "GET /client_dashboard/ HTTP/1.1" 200 2931
ERROR 2025-05-13 16:49:02,685 log Internal Server Error: /client_dashboard/park_car/1/
Traceback (most recent call last):
  File "/home/G1nxx/Projects/IGI/353502_BURCHUCK_5/IGI/LR5/Parking/p_env/lib/python3.13/site-packages/django/core/handlers/exception.py", line 55, in inner
    response = get_response(request)
  File "/home/G1nxx/Projects/IGI/353502_BURCHUCK_5/IGI/LR5/Parking/p_env/lib/python3.13/site-packages/django/core/handlers/base.py", line 197, in _get_response
    response = wrapped_callback(request, *callback_args, **callback_kwargs)
  File "/home/G1nxx/Projects/IGI/353502_BURCHUCK_5/IGI/LR5/Parking/auto_car/views.py", line 137, in park_car
    return render(request, 'auto_car/park_car.html', context)
  File "/home/G1nxx/Projects/IGI/353502_BURCHUCK_5/IGI/LR5/Parking/p_env/lib/python3.13/site-packages/django/shortcuts.py", line 25, in render
    content = loader.render_to_string(template_name, context, request, using=using)
  File "/home/G1nxx/Projects/IGI/353502_BURCHUCK_5/IGI/LR5/Parking/p_env/lib/python3.13/site-packages/django/template/loader.py", line 62, in render_to_string
    return template.render(context, request)
           ~~~~~~~~~~~~~~~^^^^^^^^^^^^^^^^^^
  File "/home/G1nxx/Projects/IGI/353502_BURCHUCK_5/IGI/LR5/Parking/p_env/lib/python3.13/site-packages/django/template/backends/django.py", line 107, in render
    return self.template.render(context)
           ~~~~~~~~~~~~~~~~~~~~^^^^^^^^^
  File "/home/G1nxx/Projects/IGI/353502_BURCHUCK_5/IGI/LR5/Parking/p_env/lib/python3.13/site-packages/django/template/base.py", line 171, in render
    return self._render(context)
           ~~~~~~~~~~~~^^^^^^^^^
  File "/home/G1nxx/Projects/IGI/353502_BURCHUCK_5/IGI/LR5/Parking/p_env/lib/python3.13/site-packages/django/template/base.py", line 163, in _render
    return self.nodelist.render(context)
           ~~~~~~~~~~~~~~~~~~~~^^^^^^^^^
  File "/home/G1nxx/Projects/IGI/353502_BURCHUCK_5/IGI/LR5/Parking/p_env/lib/python3.13/site-packages/django/template/base.py", line 1016, in render
    return SafeString("".join([node.render_annotated(context) for node in self]))
                               ~~~~~~~~~~~~~~~~~~~~~^^^^^^^^^
  File "/home/G1nxx/Projects/IGI/353502_BURCHUCK_5/IGI/LR5/Parking/p_env/lib/python3.13/site-packages/django/template/base.py", line 977, in render_annotated
    return self.render(context)
           ~~~~~~~~~~~^^^^^^^^^
  File "/home/G1nxx/Projects/IGI/353502_BURCHUCK_5/IGI/LR5/Parking/p_env/lib/python3.13/site-packages/django/template/loader_tags.py", line 159, in render
    return compiled_parent._render(context)
           ~~~~~~~~~~~~~~~~~~~~~~~^^^^^^^^^
  File "/home/G1nxx/Projects/IGI/353502_BURCHUCK_5/IGI/LR5/Parking/p_env/lib/python3.13/site-packages/django/template/base.py", line 163, in _render
    return self.nodelist.render(context)
           ~~~~~~~~~~~~~~~~~~~~^^^^^^^^^
  File "/home/G1nxx/Projects/IGI/353502_BURCHUCK_5/IGI/LR5/Parking/p_env/lib/python3.13/site-packages/django/template/base.py", line 1016, in render
    return SafeString("".join([node.render_annotated(context) for node in self]))
                               ~~~~~~~~~~~~~~~~~~~~~^^^^^^^^^
  File "/home/G1nxx/Projects/IGI/353502_BURCHUCK_5/IGI/LR5/Parking/p_env/lib/python3.13/site-packages/django/template/base.py", line 977, in render_annotated
    return self.render(context)
           ~~~~~~~~~~~^^^^^^^^^
  File "/home/G1nxx/Projects/IGI/353502_BURCHUCK_5/IGI/LR5/Parking/p_env/lib/python3.13/site-packages/django/template/loader_tags.py", line 65, in render
    result = block.nodelist.render(context)
  File "/home/G1nxx/Projects/IGI/353502_BURCHUCK_5/IGI/LR5/Parking/p_env/lib/python3.13/site-packages/django/template/base.py", line 1016, in render
    return SafeString("".join([node.render_annotated(context) for node in self]))
                               ~~~~~~~~~~~~~~~~~~~~~^^^^^^^^^
  File "/home/G1nxx/Projects/IGI/353502_BURCHUCK_5/IGI/LR5/Parking/p_env/lib/python3.13/site-packages/django/template/base.py", line 977, in render_annotated
    return self.render(context)
           ~~~~~~~~~~~^^^^^^^^^
  File "/home/G1nxx/Projects/IGI/353502_BURCHUCK_5/IGI/LR5/Parking/p_env/lib/python3.13/site-packages/django/template/defaulttags.py", line 243, in render
    nodelist.append(node.render_annotated(context))
                    ~~~~~~~~~~~~~~~~~~~~~^^^^^^^^^
  File "/home/G1nxx/Projects/IGI/353502_BURCHUCK_5/IGI/LR5/Parking/p_env/lib/python3.13/site-packages/django/template/base.py", line 977, in render_annotated
    return self.render(context)
           ~~~~~~~~~~~^^^^^^^^^
  File "/home/G1nxx/Projects/IGI/353502_BURCHUCK_5/IGI/LR5/Parking/p_env/lib/python3.13/site-packages/django/template/defaulttags.py", line 480, in render
    url = reverse(view_name, args=args, kwargs=kwargs, current_app=current_app)
  File "/home/G1nxx/Projects/IGI/353502_BURCHUCK_5/IGI/LR5/Parking/p_env/lib/python3.13/site-packages/django/urls/base.py", line 98, in reverse
    resolved_url = resolver._reverse_with_prefix(view, prefix, *args, **kwargs)
  File "/home/G1nxx/Projects/IGI/353502_BURCHUCK_5/IGI/LR5/Parking/p_env/lib/python3.13/site-packages/django/urls/resolvers.py", line 831, in _reverse_with_prefix
    raise NoReverseMatch(msg)
django.urls.exceptions.NoReverseMatch: Reverse for 'client_dashboard/park_car/park' with arguments '('A01', 1)' not found. 1 pattern(s) tried: ['client_dashboard/park_car/park/(?P<parking_id>[0-9]+)/(?P<car_id>[0-9]+)/\\Z']
ERROR 2025-05-13 16:49:02,686 basehttp "POST /client_dashboard/park_car/1/ HTTP/1.1" 500 196088
INFO 2025-05-13 16:49:41,014 autoreload /home/G1nxx/Projects/IGI/353502_BURCHUCK_5/IGI/LR5/Parking/auto_car/urls.py changed, reloading.
INFO 2025-05-13 16:49:41,204 autoreload Watching for file changes with StatReloader
INFO 2025-05-13 16:50:08,700 autoreload Watching for file changes with StatReloader
INFO 2025-05-13 16:50:11,144 basehttp "POST /client_dashboard/park_car/1/ HTTP/1.1" 200 8383
ERROR 2025-05-13 16:50:12,888 log Internal Server Error: /client_dashboard/park_car/park/A01/1/
Traceback (most recent call last):
  File "/home/G1nxx/Projects/IGI/353502_BURCHUCK_5/IGI/LR5/Parking/p_env/lib/python3.13/site-packages/django/db/models/options.py", line 683, in get_field
    return self.fields_map[field_name]
           ~~~~~~~~~~~~~~~^^^^^^^^^^^^
KeyError: 'park_car'

During handling of the above exception, another exception occurred:

Traceback (most recent call last):
  File "/home/G1nxx/Projects/IGI/353502_BURCHUCK_5/IGI/LR5/Parking/p_env/lib/python3.13/site-packages/django/core/handlers/exception.py", line 55, in inner
    response = get_response(request)
  File "/home/G1nxx/Projects/IGI/353502_BURCHUCK_5/IGI/LR5/Parking/p_env/lib/python3.13/site-packages/django/core/handlers/base.py", line 197, in _get_response
    response = wrapped_callback(request, *callback_args, **callback_kwargs)
  File "/home/G1nxx/Projects/IGI/353502_BURCHUCK_5/IGI/LR5/Parking/auto_car/views.py", line 141, in park
    'ok': company_usecases.park_car(parking_id, car_id)
          ~~~~~~~~~~~~~~~~~~~~~~~~~^^^^^^^^^^^^^^^^^^^^
  File "/home/G1nxx/Projects/IGI/353502_BURCHUCK_5/IGI/LR5/Parking/auto_car/usecase/company.py", line 13, in park_car
    return company_db.park_car(p_id, c_id)
           ~~~~~~~~~~~~~~~~~~~^^^^^^^^^^^^
  File "/home/G1nxx/Projects/IGI/353502_BURCHUCK_5/IGI/LR5/Parking/auto_car/repository/company.py", line 15, in park_car
    return ParkingSpace.objects.filter(number=p_id).update(is_free=False, park_car=car)
           ~~~~~~~~~~~~~~~~~~~~~~~~~~~~~~~~~~~~~~~~~~~~~~~^^^^^^^^^^^^^^^^^^^^^^^^^^^^^
  File "/home/G1nxx/Projects/IGI/353502_BURCHUCK_5/IGI/LR5/Parking/p_env/lib/python3.13/site-packages/django/db/models/query.py", line 1233, in update
    query.add_update_values(kwargs)
    ~~~~~~~~~~~~~~~~~~~~~~~^^^^^^^^
  File "/home/G1nxx/Projects/IGI/353502_BURCHUCK_5/IGI/LR5/Parking/p_env/lib/python3.13/site-packages/django/db/models/sql/subqueries.py", line 88, in add_update_values
    field = self.get_meta().get_field(name)
  File "/home/G1nxx/Projects/IGI/353502_BURCHUCK_5/IGI/LR5/Parking/p_env/lib/python3.13/site-packages/django/db/models/options.py", line 685, in get_field
    raise FieldDoesNotExist(
        "%s has no field named '%s'" % (self.object_name, field_name)
    )
django.core.exceptions.FieldDoesNotExist: ParkingSpace has no field named 'park_car'
ERROR 2025-05-13 16:50:12,890 basehttp "POST /client_dashboard/park_car/park/A01/1/ HTTP/1.1" 500 102756
INFO 2025-05-13 16:54:19,414 autoreload /home/G1nxx/Projects/IGI/353502_BURCHUCK_5/IGI/LR5/Parking/auto_car/repository/company.py changed, reloading.
INFO 2025-05-13 16:54:19,609 autoreload Watching for file changes with StatReloader
INFO 2025-05-13 16:54:27,726 autoreload /home/G1nxx/Projects/IGI/353502_BURCHUCK_5/IGI/LR5/Parking/auto_car/repository/company.py changed, reloading.
INFO 2025-05-13 16:54:27,930 autoreload Watching for file changes with StatReloader
INFO 2025-05-13 16:54:32,033 autoreload /home/G1nxx/Projects/IGI/353502_BURCHUCK_5/IGI/LR5/Parking/auto_car/repository/company.py changed, reloading.
INFO 2025-05-13 16:54:32,225 autoreload Watching for file changes with StatReloader
INFO 2025-05-13 16:54:33,322 autoreload /home/G1nxx/Projects/IGI/353502_BURCHUCK_5/IGI/LR5/Parking/auto_car/repository/company.py changed, reloading.
INFO 2025-05-13 16:54:33,517 autoreload Watching for file changes with StatReloader
INFO 2025-05-13 16:54:41,630 autoreload /home/G1nxx/Projects/IGI/353502_BURCHUCK_5/IGI/LR5/Parking/auto_car/repository/company.py changed, reloading.
INFO 2025-05-13 16:54:41,824 autoreload Watching for file changes with StatReloader
INFO 2025-05-13 16:54:44,923 autoreload /home/G1nxx/Projects/IGI/353502_BURCHUCK_5/IGI/LR5/Parking/auto_car/repository/company.py changed, reloading.
INFO 2025-05-13 16:54:45,118 autoreload Watching for file changes with StatReloader
INFO 2025-05-13 16:54:51,232 autoreload /home/G1nxx/Projects/IGI/353502_BURCHUCK_5/IGI/LR5/Parking/auto_car/repository/company.py changed, reloading.
INFO 2025-05-13 16:54:51,419 autoreload Watching for file changes with StatReloader
INFO 2025-05-13 16:54:53,514 autoreload /home/G1nxx/Projects/IGI/353502_BURCHUCK_5/IGI/LR5/Parking/auto_car/repository/company.py changed, reloading.
INFO 2025-05-13 16:54:53,712 autoreload Watching for file changes with StatReloader
INFO 2025-05-13 16:54:57,811 autoreload /home/G1nxx/Projects/IGI/353502_BURCHUCK_5/IGI/LR5/Parking/auto_car/repository/company.py changed, reloading.
INFO 2025-05-13 16:54:58,004 autoreload Watching for file changes with StatReloader
INFO 2025-05-13 16:55:00,097 autoreload /home/G1nxx/Projects/IGI/353502_BURCHUCK_5/IGI/LR5/Parking/auto_car/repository/company.py changed, reloading.
INFO 2025-05-13 16:55:00,287 autoreload Watching for file changes with StatReloader
INFO 2025-05-13 16:55:15,209 basehttp "POST /client_dashboard/park_car/park/A01/1/ HTTP/1.1" 200 2006
INFO 2025-05-13 17:10:12,640 basehttp "GET /client_dashboard/ HTTP/1.1" 200 2548
INFO 2025-05-13 17:12:03,832 basehttp "GET / HTTP/1.1" 200 2232
INFO 2025-05-13 17:12:24,407 basehttp "GET /client_dashboard/ HTTP/1.1" 200 2548
INFO 2025-05-13 17:12:40,799 basehttp "GET /logout/ HTTP/1.1" 302 0
ERROR 2025-05-13 17:12:40,814 log Internal Server Error: /
Traceback (most recent call last):
  File "/home/G1nxx/Projects/IGI/353502_BURCHUCK_5/IGI/LR5/Parking/p_env/lib/python3.13/site-packages/django/core/handlers/exception.py", line 55, in inner
    response = get_response(request)
  File "/home/G1nxx/Projects/IGI/353502_BURCHUCK_5/IGI/LR5/Parking/p_env/lib/python3.13/site-packages/django/core/handlers/base.py", line 197, in _get_response
    response = wrapped_callback(request, *callback_args, **callback_kwargs)
  File "/home/G1nxx/Projects/IGI/353502_BURCHUCK_5/IGI/LR5/Parking/auto_car/views.py", line 12, in index
    "cars": company_usecases.get_cars(request.session['id']),
                                      ~~~~~~~~~~~~~~~^^^^^^
  File "/home/G1nxx/Projects/IGI/353502_BURCHUCK_5/IGI/LR5/Parking/p_env/lib/python3.13/site-packages/django/contrib/sessions/backends/base.py", line 55, in __getitem__
    return self._session[key]
           ~~~~~~~~~~~~~^^^^^
KeyError: 'id'
ERROR 2025-05-13 17:12:40,815 basehttp "GET / HTTP/1.1" 500 81371
INFO 2025-05-13 17:12:47,108 basehttp "GET /logout/ HTTP/1.1" 302 0
WARNING 2025-05-13 17:12:47,152 log Not Found: /accounts/login/
WARNING 2025-05-13 17:12:47,152 basehttp "GET /accounts/login/?next=/logout/ HTTP/1.1" 404 6506
WARNING 2025-05-13 17:12:57,853 log Not Found: /accounts/login/
WARNING 2025-05-13 17:12:57,853 basehttp "GET /accounts/login/?next=/logout/ HTTP/1.1" 404 6506
WARNING 2025-05-13 17:12:58,628 log Not Found: /accounts/login/
WARNING 2025-05-13 17:12:58,628 basehttp "GET /accounts/login/?next=/logout/ HTTP/1.1" 404 6506
WARNING 2025-05-13 17:12:58,935 log Not Found: /accounts/login/
WARNING 2025-05-13 17:12:58,936 basehttp "GET /accounts/login/?next=/logout/ HTTP/1.1" 404 6506
INFO 2025-05-13 17:13:01,640 basehttp "GET /logout/ HTTP/1.1" 302 0
WARNING 2025-05-13 17:13:01,644 log Not Found: /accounts/login/
WARNING 2025-05-13 17:13:01,644 basehttp "GET /accounts/login/?next=/logout/ HTTP/1.1" 404 6506
ERROR 2025-05-13 17:13:30,782 log Internal Server Error: /
Traceback (most recent call last):
  File "/home/G1nxx/Projects/IGI/353502_BURCHUCK_5/IGI/LR5/Parking/p_env/lib/python3.13/site-packages/django/core/handlers/exception.py", line 55, in inner
    response = get_response(request)
  File "/home/G1nxx/Projects/IGI/353502_BURCHUCK_5/IGI/LR5/Parking/p_env/lib/python3.13/site-packages/django/core/handlers/base.py", line 197, in _get_response
    response = wrapped_callback(request, *callback_args, **callback_kwargs)
  File "/home/G1nxx/Projects/IGI/353502_BURCHUCK_5/IGI/LR5/Parking/auto_car/views.py", line 12, in index
    "cars": company_usecases.get_cars(request.session['id']),
                                      ~~~~~~~~~~~~~~~^^^^^^
  File "/home/G1nxx/Projects/IGI/353502_BURCHUCK_5/IGI/LR5/Parking/p_env/lib/python3.13/site-packages/django/contrib/sessions/backends/base.py", line 55, in __getitem__
    return self._session[key]
           ~~~~~~~~~~~~~^^^^^
KeyError: 'id'
ERROR 2025-05-13 17:13:30,783 basehttp "GET / HTTP/1.1" 500 81203
ERROR 2025-05-13 17:13:43,415 log Internal Server Error: /
Traceback (most recent call last):
  File "/home/G1nxx/Projects/IGI/353502_BURCHUCK_5/IGI/LR5/Parking/p_env/lib/python3.13/site-packages/django/core/handlers/exception.py", line 55, in inner
    response = get_response(request)
  File "/home/G1nxx/Projects/IGI/353502_BURCHUCK_5/IGI/LR5/Parking/p_env/lib/python3.13/site-packages/django/core/handlers/base.py", line 197, in _get_response
    response = wrapped_callback(request, *callback_args, **callback_kwargs)
  File "/home/G1nxx/Projects/IGI/353502_BURCHUCK_5/IGI/LR5/Parking/auto_car/views.py", line 12, in index
    "cars": company_usecases.get_cars(request.session['id']),
                                      ~~~~~~~~~~~~~~~^^^^^^
  File "/home/G1nxx/Projects/IGI/353502_BURCHUCK_5/IGI/LR5/Parking/p_env/lib/python3.13/site-packages/django/contrib/sessions/backends/base.py", line 55, in __getitem__
    return self._session[key]
           ~~~~~~~~~~~~~^^^^^
KeyError: 'id'
ERROR 2025-05-13 17:13:43,416 basehttp "GET / HTTP/1.1" 500 81203
INFO 2025-05-13 17:13:58,091 autoreload /home/G1nxx/Projects/IGI/353502_BURCHUCK_5/IGI/LR5/Parking/auto_car/views.py changed, reloading.
INFO 2025-05-13 17:13:58,284 autoreload Watching for file changes with StatReloader
INFO 2025-05-13 17:13:59,382 autoreload /home/G1nxx/Projects/IGI/353502_BURCHUCK_5/IGI/LR5/Parking/auto_car/views.py changed, reloading.
INFO 2025-05-13 17:13:59,572 autoreload Watching for file changes with StatReloader
INFO 2025-05-13 17:14:00,668 autoreload /home/G1nxx/Projects/IGI/353502_BURCHUCK_5/IGI/LR5/Parking/auto_car/views.py changed, reloading.
INFO 2025-05-13 17:14:00,855 autoreload Watching for file changes with StatReloader
INFO 2025-05-13 17:14:04,956 autoreload /home/G1nxx/Projects/IGI/353502_BURCHUCK_5/IGI/LR5/Parking/auto_car/views.py changed, reloading.
INFO 2025-05-13 17:14:05,163 autoreload Watching for file changes with StatReloader
INFO 2025-05-13 17:14:08,264 autoreload /home/G1nxx/Projects/IGI/353502_BURCHUCK_5/IGI/LR5/Parking/auto_car/views.py changed, reloading.
INFO 2025-05-13 17:14:08,481 autoreload Watching for file changes with StatReloader
ERROR 2025-05-13 17:14:08,726 log Internal Server Error: /
Traceback (most recent call last):
  File "/home/G1nxx/Projects/IGI/353502_BURCHUCK_5/IGI/LR5/Parking/p_env/lib/python3.13/site-packages/django/core/handlers/exception.py", line 55, in inner
    response = get_response(request)
  File "/home/G1nxx/Projects/IGI/353502_BURCHUCK_5/IGI/LR5/Parking/p_env/lib/python3.13/site-packages/django/core/handlers/base.py", line 197, in _get_response
    response = wrapped_callback(request, *callback_args, **callback_kwargs)
  File "/home/G1nxx/Projects/IGI/353502_BURCHUCK_5/IGI/LR5/Parking/auto_car/views.py", line 12, in index
    "cars": company_usecases.get_cars(request.session['id']),
                                      ~~~~~~~~~~~~~~~^^^^^^
  File "/home/G1nxx/Projects/IGI/353502_BURCHUCK_5/IGI/LR5/Parking/p_env/lib/python3.13/site-packages/django/contrib/sessions/backends/base.py", line 55, in __getitem__
    return self._session[key]
           ~~~~~~~~~~~~~^^^^^
KeyError: 'id'
ERROR 2025-05-13 17:14:08,727 basehttp "GET / HTTP/1.1" 500 81203
ERROR 2025-05-13 17:14:09,431 log Internal Server Error: /
Traceback (most recent call last):
  File "/home/G1nxx/Projects/IGI/353502_BURCHUCK_5/IGI/LR5/Parking/p_env/lib/python3.13/site-packages/django/core/handlers/exception.py", line 55, in inner
    response = get_response(request)
  File "/home/G1nxx/Projects/IGI/353502_BURCHUCK_5/IGI/LR5/Parking/p_env/lib/python3.13/site-packages/django/core/handlers/base.py", line 197, in _get_response
    response = wrapped_callback(request, *callback_args, **callback_kwargs)
  File "/home/G1nxx/Projects/IGI/353502_BURCHUCK_5/IGI/LR5/Parking/auto_car/views.py", line 12, in index
    "cars": company_usecases.get_cars(request.session['id']),
                                      ~~~~~~~~~~~~~~~^^^^^^
  File "/home/G1nxx/Projects/IGI/353502_BURCHUCK_5/IGI/LR5/Parking/p_env/lib/python3.13/site-packages/django/contrib/sessions/backends/base.py", line 55, in __getitem__
    return self._session[key]
           ~~~~~~~~~~~~~^^^^^
KeyError: 'id'
ERROR 2025-05-13 17:14:09,432 basehttp "GET / HTTP/1.1" 500 81203
INFO 2025-05-13 17:14:14,777 basehttp "GET /logout/ HTTP/1.1" 302 0
WARNING 2025-05-13 17:14:14,781 log Not Found: /accounts/login/
WARNING 2025-05-13 17:14:14,781 basehttp "GET /accounts/login/?next=/logout/ HTTP/1.1" 404 6506
INFO 2025-05-13 17:14:21,608 autoreload /home/G1nxx/Projects/IGI/353502_BURCHUCK_5/IGI/LR5/Parking/auto_car/views.py changed, reloading.
INFO 2025-05-13 17:14:25,822 autoreload Watching for file changes with StatReloader
INFO 2025-05-13 17:14:27,574 basehttp "GET /client_dashboard/ HTTP/1.1" 302 0
WARNING 2025-05-13 17:14:27,580 log Not Found: /accounts/login/
WARNING 2025-05-13 17:14:27,580 basehttp "GET /accounts/login/?next=/client_dashboard/ HTTP/1.1" 404 6516
WARNING 2025-05-13 17:14:28,632 log Not Found: /accounts/login/
WARNING 2025-05-13 17:14:28,632 basehttp "GET /accounts/login/?next=/client_dashboard/ HTTP/1.1" 404 6516
WARNING 2025-05-13 17:14:29,256 log Not Found: /accounts/login/
WARNING 2025-05-13 17:14:29,256 basehttp "GET /accounts/login/?next=/client_dashboard/ HTTP/1.1" 404 6516
WARNING 2025-05-13 17:14:29,431 log Not Found: /accounts/login/
WARNING 2025-05-13 17:14:29,431 basehttp "GET /accounts/login/?next=/client_dashboard/ HTTP/1.1" 404 6516
WARNING 2025-05-13 17:14:35,243 log Not Found: /accounts/login/
WARNING 2025-05-13 17:14:35,243 basehttp "GET /accounts/login/?next=/client_dashboard/ HTTP/1.1" 404 6516
ERROR 2025-05-13 17:14:36,327 log Internal Server Error: /
Traceback (most recent call last):
  File "/home/G1nxx/Projects/IGI/353502_BURCHUCK_5/IGI/LR5/Parking/p_env/lib/python3.13/site-packages/django/core/handlers/exception.py", line 55, in inner
    response = get_response(request)
  File "/home/G1nxx/Projects/IGI/353502_BURCHUCK_5/IGI/LR5/Parking/p_env/lib/python3.13/site-packages/django/core/handlers/base.py", line 197, in _get_response
    response = wrapped_callback(request, *callback_args, **callback_kwargs)
  File "/home/G1nxx/Projects/IGI/353502_BURCHUCK_5/IGI/LR5/Parking/auto_car/views.py", line 12, in index
    "cars": company_usecases.get_cars(request.session['id']),
                                      ~~~~~~~~~~~~~~~^^^^^^
  File "/home/G1nxx/Projects/IGI/353502_BURCHUCK_5/IGI/LR5/Parking/p_env/lib/python3.13/site-packages/django/contrib/sessions/backends/base.py", line 55, in __getitem__
    return self._session[key]
           ~~~~~~~~~~~~~^^^^^
KeyError: 'id'
ERROR 2025-05-13 17:14:36,328 basehttp "GET / HTTP/1.1" 500 81371
INFO 2025-05-13 17:14:42,290 basehttp "POST /client_dashboard/park_car/park/A01/1/ HTTP/1.1" 200 1906
INFO 2025-05-13 17:14:50,143 basehttp "POST /client_dashboard/park_car/park/A01/1/ HTTP/1.1" 200 1906
INFO 2025-05-13 17:14:56,482 basehttp "GET /login/ HTTP/1.1" 200 2232
INFO 2025-05-13 17:15:03,474 basehttp "POST /login/ HTTP/1.1" 302 0
INFO 2025-05-13 17:15:03,479 basehttp "GET / HTTP/1.1" 200 2232
INFO 2025-05-13 17:15:05,181 basehttp "GET /logout/ HTTP/1.1" 302 0
ERROR 2025-05-13 17:15:05,193 log Internal Server Error: /
Traceback (most recent call last):
  File "/home/G1nxx/Projects/IGI/353502_BURCHUCK_5/IGI/LR5/Parking/p_env/lib/python3.13/site-packages/django/core/handlers/exception.py", line 55, in inner
    response = get_response(request)
  File "/home/G1nxx/Projects/IGI/353502_BURCHUCK_5/IGI/LR5/Parking/p_env/lib/python3.13/site-packages/django/core/handlers/base.py", line 197, in _get_response
    response = wrapped_callback(request, *callback_args, **callback_kwargs)
  File "/home/G1nxx/Projects/IGI/353502_BURCHUCK_5/IGI/LR5/Parking/auto_car/views.py", line 12, in index
    "cars": company_usecases.get_cars(request.session['id']),
                                      ~~~~~~~~~~~~~~~^^^^^^
  File "/home/G1nxx/Projects/IGI/353502_BURCHUCK_5/IGI/LR5/Parking/p_env/lib/python3.13/site-packages/django/contrib/sessions/backends/base.py", line 55, in __getitem__
    return self._session[key]
           ~~~~~~~~~~~~~^^^^^
KeyError: 'id'
ERROR 2025-05-13 17:15:05,193 basehttp "GET / HTTP/1.1" 500 81354
ERROR 2025-05-13 17:17:19,146 log Internal Server Error: /
Traceback (most recent call last):
  File "/home/G1nxx/Projects/IGI/353502_BURCHUCK_5/IGI/LR5/Parking/p_env/lib/python3.13/site-packages/django/core/handlers/exception.py", line 55, in inner
    response = get_response(request)
  File "/home/G1nxx/Projects/IGI/353502_BURCHUCK_5/IGI/LR5/Parking/p_env/lib/python3.13/site-packages/django/core/handlers/base.py", line 197, in _get_response
    response = wrapped_callback(request, *callback_args, **callback_kwargs)
  File "/home/G1nxx/Projects/IGI/353502_BURCHUCK_5/IGI/LR5/Parking/auto_car/views.py", line 12, in index
    # "cars": company_usecases.get_cars(request.session['id']),
  File "/home/G1nxx/Projects/IGI/353502_BURCHUCK_5/IGI/LR5/Parking/p_env/lib/python3.13/site-packages/django/contrib/sessions/backends/base.py", line 55, in __getitem__
    return self._session[key]
           ~~~~~~~~~~~~~^^^^^
KeyError: 'id'
ERROR 2025-05-13 17:17:19,147 basehttp "GET / HTTP/1.1" 500 81358
INFO 2025-05-13 17:17:19,392 autoreload /home/G1nxx/Projects/IGI/353502_BURCHUCK_5/IGI/LR5/Parking/auto_car/views.py changed, reloading.
INFO 2025-05-13 17:17:19,591 autoreload Watching for file changes with StatReloader
WARNING 2025-05-13 17:17:22,140 log Forbidden (CSRF token from POST incorrect.): /login/
WARNING 2025-05-13 17:17:22,140 basehttp "POST /login/ HTTP/1.1" 403 2503
INFO 2025-05-13 17:17:26,715 basehttp "GET /login/ HTTP/1.1" 200 2234
INFO 2025-05-13 17:17:27,734 basehttp "GET /login/ HTTP/1.1" 200 2260
INFO 2025-05-13 17:17:32,571 basehttp "POST /login/ HTTP/1.1" 302 0
INFO 2025-05-13 17:17:32,575 basehttp "GET / HTTP/1.1" 200 2231
INFO 2025-05-13 17:17:36,103 basehttp "GET /logout/ HTTP/1.1" 302 0
INFO 2025-05-13 17:17:36,108 basehttp "GET / HTTP/1.1" 200 2170
INFO 2025-05-13 17:19:15,972 basehttp "GET /signup/ HTTP/1.1" 200 2707
INFO 2025-05-13 17:33:51,505 basehttp "GET /glossary/ HTTP/1.1" 200 1806
INFO 2025-05-13 17:33:54,255 basehttp "GET /privacy/ HTTP/1.1" 200 1806
INFO 2025-05-13 17:33:55,133 basehttp "GET /about/ HTTP/1.1" 200 2018
INFO 2025-05-13 17:34:05,337 basehttp "GET / HTTP/1.1" 200 2170
INFO 2025-05-13 17:34:07,884 basehttp "GET /login/ HTTP/1.1" 200 2234
INFO 2025-05-13 17:34:19,051 basehttp "POST /login/ HTTP/1.1" 302 0
INFO 2025-05-13 17:34:19,055 basehttp "GET / HTTP/1.1" 200 2231
INFO 2025-05-13 17:34:24,800 basehttp "GET / HTTP/1.1" 200 2231
INFO 2025-05-13 17:34:55,130 basehttp "GET /news/ HTTP/1.1" 200 2957
INFO 2025-05-13 17:34:58,466 basehttp "GET /client_dashboard/ HTTP/1.1" 200 2548
